A1,브랜드,소재명,제품,운영 시작일,운영 종료일,media urls,소구포인트,메시지,검증 상세,IMP,Click,CTR,CPC,COST,CV,CVR,CPA,Revenue,ROAS
TRUE,BOH,EyeCream_UGC-kr_KimAram_AirconDryness_VID_1x1_260618,EyeCream,2026-06-19,2026-07-05,https://drive.google.com/file/d/192fV7NMUIxXfIk2wWd-f8Dx-PAdoVyd3/view?usp=drivesdk,여름철 에어컨 바람에 눈가가 건조하고 푸석해졌다고 느낄 때,에어컨 건조로 눈가가 푸석푸석해진다면… 여름철 건조 데미지에 촉촉함으로 밀착 케어,"여름철 에어컨으로 인한 실내 건조로 인한 데미지 피부 카피 / 김아람 / 목주름에 아이크림 활용하는 모습 강조 / Before & After 활용 영상 / 눈가 및 코 옆, 목 등에 활용하는 모습 보여주며 강조 /","33,624","1,063",3.16%,₩477,"₩506,624",0,0.00%,₩0,₩0,0.00%
TRUE,BOH,EyeCream_UGC-kr_MoonZemma_EyeFirming_VID_1x1_260618,EyeCream,2026-06-19,2026-07-05,https://drive.google.com/file/d/1EEZh8_BBgsejmnWs1R_VTeGflgErihC-/view?usp=drivesdk,"거울 속 눈가가 처지고 탄력이 없어 보여, 나이 들어 보인다고 느꼈을 때",탄력·탄성 UP으로 생기 있고 어려 보이는 인상으로,"눈가 처짐 관련 탄력으로 젋어 보이는 인상 카피 / 문젬마 / 팔자주름, 목, 눈가에 활용하는 모습 / 제품과 제형 강조","9,186",208,2.26%,₩650,"₩135,234",0,0.00%,₩0,₩0,0.00%
TRUE,BOH,EyeCream_UGC-kr_ShinUiyeon_SleepLoss_VID_1x1_260618,EyeCream,2026-06-19,2026-08-09,https://drive.google.com/file/d/1sRMumcGIz_l9neYweRw72Y2x-gPys2-2/view?usp=drivesdk,"잠을 제대로 못 잔 다음 날 아침, 다크서클과 칙칙한 눈가가 눈에 띌 때",수면 부족으로 인한 다크서클과 칙칙함에 즉각적인 케어!,"수면 부족, 파란 다크써클, 눈가 칙칙함 관련 카피 / 신의연 / 팔자주름, 목, 눈가에 활용하는 모습 / Before & After 활용 영상 / 제품과 제형 강조 / 더블구성 강조","46,732",829,1.77%,"₩1,072","₩888,714",40,4.83%,"₩22,218","₩1,448,445",162.98%
TRUE,BOH,EyeCream_UGC-kr_JeongYujin_EyeFirming_VID_1x1_260618,EyeCream,2026-06-19,2026-08-10,https://drive.google.com/file/d/1ioS5fmbWBO_O2_Fib4V4966bX0WlZ00m/view?usp=drivesdk,"거울 속 눈가가 처지고 탄력이 없어 보여, 나이 들어 보인다고 느꼈을 때",탄력·탄성 UP으로 생기 있고 어려 보이는 인상으로,"눈가 처짐 관련 탄력으로 젋어 보이는 인상 카피 / 정유진 / 팔자주름, 목, 눈가에 활용하는 모습 / Before & After 활용 영상 / 사용 이후 탱탱함을 강조 / 제품 박스 및 듀얼 2개 기획구성이라는 점 강조","201,791","5,944",2.95%,₩491,"₩2,919,756",27,0.45%,"₩108,139","₩1,145,857",39.24%
TRUE,BOH,EyeCream_UGC-kr_LeeJihyeon_EyeFirming_VID_1x1_260618,EyeCream,2026-06-19,2026-08-10,https://drive.google.com/file/d/1_qwwXtsmKHmbzdRNeePVo-7xGIkkYTMF/view?usp=drivesdk,"거울 속 눈가가 처지고 탄력이 없어 보여, 나이 들어 보인다고 느꼈을 때",탄력·탄성 UP으로 생기 있고 어려 보이는 인상으로,"눈가 처짐 관련 탄력으로 젋어 보이는 인상 카피 / 이지현 / 팔자주름, 목, 눈가에 활용하는 모습 / Before & After 활용 영상 / 실제 제품 제형을 보여주고, 제품 클로즈업","227,915","4,104",1.80%,₩764,"₩3,134,756",294,7.16%,"₩10,662","₩11,270,027",359.52%
TRUE,BOH,EyeCream_UGC-kr_KimYuna_AirconDryness_VID_1x1_260618,EyeCream,2026-06-19,2026-08-10,https://drive.google.com/file/d/1C5SO5E9dojhgDK2M3Hn7cmsMdNSuRvM0/view?usp=drivesdk,여름철 에어컨 바람에 눈가가 건조하고 푸석해졌다고 느낄 때,에어컨 건조로 눈가가 푸석푸석해진다면… 여름철 건조 데미지에 촉촉함으로 밀착 케어,"여름철 에어컨으로 인한 실내 건조로 인한 데미지 피부 카피 / 김유나 / 팔자주름, 목, 눈가에 활용하는 모습 / Before & After 활용 영상 / 메이크업 후 피부 표현 연출샷 / 상세 Before & After 활용 영상 / 제품과 제형 강조 / 더블구성 클로즈업","28,721",494,1.72%,"₩1,075","₩530,872",15,3.04%,"₩35,391","₩642,308",120.99%
TRUE,BOH,EyeCream_UGC-kr_SeoShia_SleepLoss_VID_1x1_260618,EyeCream,2026-06-19,2026-08-10,https://drive.google.com/file/d/1dKkbrJ8hmfFWNuAfVndEKs96fZDJrxrt/view?usp=drivesdk,"잠을 제대로 못 잔 다음 날 아침, 다크서클과 칙칙한 눈가가 눈에 띌 때",수면 부족으로 인한 다크서클과 칙칙함에 즉각적인 케어!,"수면 부족, 파란 다크써클, 눈가 칙칙함 관련 카피 / 서시아 / 팔자주름, 목, 눈가에 활용하는 모습 / Before & After 활용 영상 / 제품과의 연출샷 / 제품과 제형 강조 / 제품 클로즈업","40,961",904,2.21%,₩710,"₩641,776",28,3.10%,"₩22,921","₩1,597,206",248.87%
TRUE,BOH,EyeCream_UGC-kr_ChoiYubin_AirconDryness_VID_1x1_260618,EyeCream,2026-06-19,2026-08-09,https://drive.google.com/file/d/1VXeW5J0PTzI2Ue-yLNaMrSEoxaS4CEc4/view?usp=drivesdk,여름철 에어컨 바람에 눈가가 건조하고 푸석해졌다고 느낄 때,여름철 건조 손상에 수분으로 밀착 케어,"여름철 에어컨으로 인한 실내 건조로 인한 데미지 피부 카피 / 최유빈(20대 중후반으로 보임, 화장O) / 팔자주름, 목, 눈가에 활용하는 모습 / 사용 후, 얼굴 탄력도 및 연출샷 / 눈가 및 팔자쪽 주름 이미지 / 제품과 제형 강조 / 제품과 함께 연출샷이 많은 편","123,516","1,948",1.58%,"₩1,337","₩2,603,893",122,6.26%,"₩21,343","₩4,231,641",162.51%
TRUE,BOH,EyeCream_UGC-kr_ParkSeoYoon_SleepLoss_VID_1x1_260618,EyeCream,2026-06-19,2026-07-09,https://drive.google.com/file/d/11fx2OVGXIJa6h7GHn4h52b_WAcWv226A/view?usp=drivesdk,"잠을 제대로 못 잔 다음 날 아침, 다크서클과 칙칙한 눈가가 눈에 띌 때",수면 부족으로 인한 다크서클과 칙칙함에 즉각적인 케어!,"수면 부족, 파란 다크써클, 눈가 칙칙함 관련 카피 / 박서윤(10-20대로 보임) / 제품 사용 이후에 기획 상품 내부 구성을 보여줌 / 바르 기 전과 후의 모습을 강조 / 제품과 같이 활용한 연출샷을 최대한으로 활용","9,670",145,1.50%,"₩1,342","₩194,576",9,6.21%,"₩21,620","₩364,487",187.32%
TRUE,BOH,EyeCream_UGC-kr_KimSoHyun_AirconDryness_VID_1x1_260618,EyeCream,2026-06-19,2026-08-10,https://drive.google.com/file/d/1G-WhM8ATjbNysF94C7Mx-o8hh77qxbC6/view?usp=drivesdk,여름철 에어컨 바람에 눈가가 건조하고 푸석해졌다고 느낄 때,에어컨 건조로 눈가가 푸석푸석해진다면… 여름철 건조 데미지에 촉촉함으로 밀착 케어,"여름철 에어컨으로 인한 실내 건조로 인한 데미지 피부 카피 / 김소현 / 팔자주름, 목, 눈가에 활용하는 모습 / Before & After 활용 영상 / 제품과 제형 강조 / 제품 크로즈업 / 더블기획","77,572","2,253",2.90%,₩499,"₩1,125,321",17,0.75%,"₩66,195","₩646,575",57.46%
TRUE,BOH,NAD-Cream_UGC-jp_ya.s_Fatigue_VID_1x1_260622,NAD-Cream,2026-06-22,2026-07-09,https://drive.google.com/file/d/1cUMsgGB0ZPpLyZSTlA2uR8yJ015bbT2O/view?usp=drivesdk,"하루 종일 피곤에 지쳐, 밤 거울 속 피부까지 피로해 보일 때","NAD로, 하루의 피로를 피부에 남기지 않는다",하루의 피로함을 피부에 남기지 않아 / ya.s / 아침과 밤의 스킨케어 루틴 강조 / 더위로 여름철 피부가 탄력이 떨어지고 메이크업도 쉽게 무너진다 / 수년 간 계속 애용해 온 크림 명가 BOH의 아침과 밤에 사용하는 크림으로 해결 / 아침에는 콜라겐 크림 / 밤에 추천하는 NAD 크림 / 차세대 에이징 성분 NAD-프리즈셀TM 함유 / 부드럽게 발리는 리프팅 크림 사이에 캡슐크림이 들어있는 텍스처 / 다음날 아침 피부도 촉촉함이 계속되어 메이크업 전 피부임에도 매끈해 보이는 게 기쁘다는 표현,"43,210",736,1.70%,₩943,"₩694,115",21,2.85%,"₩33,053","₩756,499",108.99%
TRUE,BOH,NAD-Cream_UGC-jp_ya.s_Mirror_VID_1x1_260622,NAD-Cream,2026-06-22,2026-07-09,https://drive.google.com/file/d/1Mf4LQNbgaeNxp2Q3c3_4wOQw2lJpo7SY/view?usp=drivesdk,"아침에 세안하고 거울을 봤는데, 어제와 다르게 칙칙하고 푸석해 보일 때","NAD로, 아침 거울을 보는 것이 즐거워지는 크림",아침에 거울을 보는 것이 즐거워지는 크림 / ya.s / 아침과 밤의 스킨케어 루틴 강조 / 더위로 여름철 피부가 탄력이 떨어지고 메이크업도 쉽게 무너진다 / 수년 간 계속 애용해 온 크림 명가 BOH의 아침과 밤에 사용하는 크림으로 해결 / 아침에는 콜라겐 크림 / 밤에 추천하는 NAD 크림 / 차세대 에이징 성분 NAD-프리즈셀TM 함유 / 부드럽게 발리는 리프팅 크림 사이에 캡슐크림이 들어있는 텍스처 / 다음날 아침 피부도 촉촉함이 계속되어 메이크업 전 피부임에도 매끈해 보이는 게 기쁘다는 표현,"206,835","2,961",1.43%,"₩1,218","₩3,606,637",126,4.26%,"₩28,624","₩4,406,900",122.19%
TRUE,BOH,NAD-Cream_UGC-jp_ya.s_Overnight_VID_1x1_260622,NAD-Cream,2026-06-22,2026-07-09,https://drive.google.com/file/d/1E68vcTTsLjhtqkVPbU2DjvGlS51p4KWl/view?usp=drivesdk,"낮엔 챙길 틈이 없어, 자는 동안만이라도 안티에이징을 관리하고 싶은 밤","나이트 크림 NAD로, 잠든 사이에 촉촉하고 윤기 있는 피부로",자는 동안 촉촉함과 윤기있는 피부로 / ya.s / 아침과 밤의 스킨케어 루틴 강조 / 더위로 여름철 피부가 탄력이 떨어지고 메이크업도 쉽게 무너진다 / 수년 간 계속 애용해 온 크림 명가 BOH의 아침과 밤에 사용하는 크림으로 해결 / 아침에는 콜라겐 크림 / 밤에 추천하는 NAD 크림 / 차세대 에이징 성분 NAD-프리즈셀TM 함유 / 부드럽게 발리는 리프팅 크림 사이에 캡슐크림이 들어있는 텍스처 / 다음날 아침 피부도 촉촉함이 계속되어 메이크업 전 피부임에도 매끈해 보이는 게 기쁘다는 표현,"306,293","6,479",2.12%,₩822,"₩5,325,902",293,4.52%,"₩18,177","₩10,330,082",193.96%
TRUE,BOH,NAD-Cream_UGC-jp_ami-yone_Mirror_VID_1x1_260622,NAD-Cream,2026-06-22,2026-07-05,https://drive.google.com/file/d/1psCnJIKSeLKMrT8qZKCJP2Y2T8yST7I7/view?usp=drivesdk,"아침에 세안하고 거울을 봤는데, 어제와 다르게 칙칙하고 푸석해 보일 때","NAD로, 아침 거울이 즐거워지는 크림","아침에 거울을 보는 것이 즐거워지는 크림 / ami-yone / 모공이 신경쓰이는 Before 이미지 / 최근 이런 고민을 해결한 After 피부 강조 / 아침에는 콜라겐 크림, 밤에는 NAD 크림 강조 / 무겁지 않은 제형으로 여름에도 사용가능함을 강조 / 매일의 나이트 루틴으로 제시 / 다음날 아침에는 수분감이 듬뿍 느껴진다고 전달","13,984",309,2.21%,₩732,"₩226,188",0,0.00%,₩0,₩0,0.00%
TRUE,BOH,NAD-Cream_UGC-jp_ami-yone_Fatigue_VID_1x1_260622,NAD-Cream,2026-06-22,2026-07-09,https://drive.google.com/file/d/18YqQuA2GUA1Pd9jM0W_-u0bnocKPQibZ/view?usp=drivesdk,"하루 종일 피곤에 지쳐, 밤 거울 속 피부까지 피로해 보일 때",NAD로 하루의 피로를 피부에 남기지 마세요,"하루의 피로함을 피부에 남기지 않아 / ami-yone / 모공이 신경쓰이는 Before 이미지 / 최근 이런 고민을 해결한 After 피부 강조 / 아침에는 콜라겐 크림, 밤에는 NAD 크림 강조 / 무겁지 않은 제형으로 여름에도 사용가능함을 강조 / 매일의 나이트 루틴으로 제시 / 다음날 아침에는 수분감이 듬뿍 느껴진다고 전달","31,796",318,1.00%,"₩1,459","₩463,995",13,4.09%,"₩35,692","₩347,804",74.96%
TRUE,BOH,NAD-Cream_UGC-jp_ami-yone_Overnight_VID_1x1_260622,NAD-Cream,2026-06-22,2026-07-09,https://drive.google.com/file/d/1mqCz-YaUwzxFomTU9P11MqKj44aYY4Au/view?usp=drivesdk,"낮엔 챙길 틈이 없어, 자는 동안만이라도 안티에이징을 관리하고 싶은 밤",NAD로 잠자는 동안 촉촉하고 윤기 있는 피부로,"자는 동안 촉촉함과 윤기있는 피부로 / ami-yone / 모공이 신경쓰이는 Before 이미지 / 최근 이런 고민을 해결한 After 피부 강조 / 아침에는 콜라겐 크림, 밤에는 NAD 크림 강조 / 무겁지 않은 제형으로 여름에도 사용가능함을 강조 / 매일의 나이트 루틴으로 제시 / 다음날 아침에는 수분감이 듬뿍 느껴진다고 전달","11,695",230,1.97%,₩866,"₩199,294",0,0.00%,₩0,₩0,0.00%
TRUE,BOH,GelMist_UGC-kr_KangYeJin_Deep-Moisture_VID_1x1_260623,GelMist,2026-06-23,2026-07-09,https://drive.google.com/file/d/1L73ZXlNmrx9_8MIITb_bUSZCCl7CqTDb/view?usp=drivesdk,"바쁜 하루 중 피부가 당길 때, 틈새에 간편하게 수분을 채우고 싶을 때","틈새 시간에, 칙 한 번으로 촉촉함 충전.","틈새 시간에 한 번 뿌려 수분 충전 / 강예진 (20대로 보임, 화장O) / 피부에 직접 뿌린 뒤 피부 보습 강조 / 피부 탱탱한 제형 강조 / Before & After 활용 영상 / 외출 시의 모습 / 콜라겐 겔 미스트 활용 후, 메이크업 영","56,983",432,0.76%,₩978,"₩422,330",15,3.47%,"₩28,155","₩569,468",134.84%
TRUE,BOH,GelMist_UGC-kr_HwangHyebin_Makeup-Prep_VID_1x1_260623,GelMist,2026-06-23,2026-07-10,https://drive.google.com/file/d/1s2Hf0z8T250F32IALiQhUPUgMHIsyX2R/view?usp=drivesdk,"오후에 화장이 들뜨고 갈라져, 수정 전 수분부터 채우고 싶을 때","탄력 콜라겐 미스트로, 메이크업도 피부도 더욱 아름답게.","메이크업도, 피부도  더욱 아름답게 / 황혜빈 (20대로 보임, 화장O) / 콜라겐 겔 미스트 제형 테스트 (물처럼 흐르지 않는 제형 강조) / 피부에 직접 뿌린 뒤 피부 보습 강조 / Before & After 활용 영상 / 콜라겐 겔 미스트 활용 후, 메이크업 영상","48,695",340,0.70%,"₩1,159","₩394,029",24,7.06%,"₩16,418","₩767,788",194.86%
TRUE,BOH,GelMist_UGC-kr_HwangHyebin_Deep-Moisture_VID_1x1_260623,GelMist,2026-06-23,2026-07-09,https://drive.google.com/file/d/1RBPZnJ0Lw3qiSlsvstN2F_vwS1iFEaZA/view?usp=drivesdk,"바쁜 하루 중 피부가 당길 때, 틈새에 간편하게 수분을 채우고 싶을 때","틈새 시간에, 칙 한 번으로 촉촉함 충전.","틈새 시간에 한 번 뿌려 수분 충전 / 콜라겐 겔 미스트 제형 테스트 (물처럼 흐르지 않는 제형 강조) / 피부에 직접 뿌린 뒤 피부 보습 강조 / Before & After 활용 영상 / 콜라겐 겔 미스트 활용 후, 메이크업 영상","127,496","1,039",0.81%,"₩1,815","₩1,885,699",63,6.06%,"₩29,932","₩2,782,759",147.57%
TRUE,BOH,GelMist_UGC-kr_KangYeJin_Makeup-Prep_VID_1x1_260623,GelMist,2026-06-23,2026-07-09,https://drive.google.com/file/d/114dOmeO4f3UohwhcXmzhnw5wuulba-dV/view?usp=drivesdk,"오후에 화장이 들뜨고 갈라져, 수정 전 수분부터 채우고 싶을 때","탄력 있는 콜라겐 미스트로, 메이크업도 피부도, 더욱 아름답게.","메이크업도, 피부도  더욱 아름답게 / 강예진 (20대로 보임, 화장O) / 피부에 직접 뿌린 뒤 피부 보습 강조 / 피부 탱탱한 제형 강조 / Before & After 활용 영상 / 외출 시의 모습 / 콜라겐 겔 미스트 활용 후, 메이크업 영향","447,073","3,837",0.86%,₩424,"₩1,626,428",15,0.39%,"₩108,429","₩576,447",35.44%
TRUE,BOH,GelMist_UGC-kr_MakeupArtist_Makeup-Prep_VID_1x1_260623,GelMist,2026-06-23,2026-07-09,https://drive.google.com/file/d/1Ns9JOb4U9BpMDUX95He2ZwVlljHcVcUx/view?usp=drivesdk,"오후에 화장이 들뜨고 갈라져, 수정 전 수분부터 채우고 싶을 때",비법 공개! 들뜸 없이 아이돌급 광채 피부를 위한 필수템,"메이크업도, 피부도  더욱 아름답게 / 메이크업 아티스트 / 아이돌급 윤기나는 피부 필수 아이템 / 시간이 지나도 들뜨지 않는 아이돌급 피부 / 번들거림 없이 현장에서도 메이크업 밀착력UP 미스트 / 겔미스트 제형 강조 / 피부에 직접 뿌린 뒤 피부 보습 강조 / 메이크업 베이스가 들뜬 모습과 비교하는 Before & After 활용 영상 / 아이돌급 베이스를 만들기 위해 메이크업 단계에서 콜라겐 겔 미스트를 직접 활용하는 영상","220,911","1,955",0.88%,"₩1,756","₩3,432,854",175,8.95%,"₩19,616","₩7,358,546",214.36%
TRUE,BOH,GelMist_UGC-kr_MakeupArtist_Deep-Moisture_VID_1x1_260623,GelMist,2026-06-23,2026-07-09,https://drive.google.com/file/d/1FKGfcecO7iCm53tsrfCxTQgfGouViTJ3/view?usp=drivesdk,"바쁜 하루 중 피부가 당길 때, 틈새에 간편하게 수분을 채우고 싶을 때",비밀 기술 공개! 들뜸 없이 아이돌급 광채 피부를 위한 필수 아이템,틈새 시간에 한 번 뿌려 수분 충전 / 메이크업 아티스트 / 아이돌급 윤기나는 피부 필수 아이템 / 시간이 지나도 들뜨지 않는 아이돌급 피부 / 번들거림 없이 현장에서도 메이크업 밀착력UP 미스트 / 겔미스트 제형 강조 / 피부에 직접 뿌린 뒤 피부 보습 강조 / 메이크업 베이스가 들뜬 모습과 비교하는 Before & After 활용 영상 / 아이돌급 베이스를 만들기 위해 메이크업 단계에서 콜라겐 겔 미스트를 직접 활용하는 영상,"138,897","1,139",0.82%,₩771,"₩878,655",49,4.30%,"₩17,932","₩1,832,431",208.55%
TRUE,CG,CG_CT_CT_CT_CT_1x1_260623,CG,2026-06-23,2026-08-15,,,,,"155,240","4,693",3.02%,₩435,"₩2,039,117",550,11.72%,"₩3,707","₩7,307,238",358.35%
TRUE,BOH,NAD-Cream-2_AgingCare_Apply-Cream_v01_BNR_1x1_260629,NAD-Cream-2,2026-06-27,2026-07-09,https://drive.google.com/file/d/1GRL3vtWmA76G36EGJ6lYHAjJhbmnrlJs/view?usp=drivesdk,예전 같지 않게 노화가 체감이 되어 안티에이징에 입문하려고 할 때,"안티에이징, 시작한다면 바로 지금.","에이징케어 입문 단계 소비자가 일상 속에서 피부 노화를 체감한 순간을 계기로, NAD 스킨케어를 안티에이징 솔루션으로 인식하는지 검증","53,796",549,1.02%,"₩1,034","₩567,657",28,5.10%,"₩20,273","₩860,691",151.62%
TRUE,BOH,NAD-Cream_UGC-jp_ya.s_MorningSkin_VID_1x1_260629,NAD-Cream,2026-06-27,2026-07-09,https://drive.google.com/file/d/1b3JxDf7fRymmdeVMdpcGvkuiZ0rfxggl/view?usp=drivesdk,"중요한 미팅·약속이 있는 날 아침, 화장 전에 피부 상태부터 확인할 때",여름철 처진 피부에... 아침·저녁 크림 스킨케어 루틴,다음 날 아침 피부 컨디션에 대한 기대감을 자극하는 메시지가 소비자 반응을 유도하는지 검증,"12,809",353,2.76%,₩719,"₩253,928",17,4.82%,"₩14,937","₩1,013,178",399.00%
TRUE,BOH,NAD-Cream_UGC-jp_ya.s_Homecare_VID_1x1_260629,NAD-Cream,2026-06-27,2026-07-09,https://drive.google.com/file/d/1_1aEG3kS_jUdbOd2aLqQKJ3yNEK2027N/view?usp=drivesdk,"피부과 시술 예약을 잡고 나서, 시술 전 며칠간 컨디션을 미리 끌어올리고 싶을 때",여름철 처진 피부에... 아침·저녁 크림 스킨케어 루틴,시술에만 의존하지 않고 일상 속 피부 관리를 병행하고자 하는 니즈가 소비자 반응을 유도하는지 검증,"10,025",213,2.12%,"₩1,286","₩274,004",5,2.35%,"₩54,801","₩122,536",44.72%
TRUE,BOH,NAD-Cream_Shiraishi_AgingCare_v01_VID_1x1_260629,NAD-Cream,2026-06-27,2026-07-09,https://drive.google.com/file/d/1vi-4xKv3Rbh3t4H57vmSX4lBUn2UePQw/view?usp=drivesdk,예전 같지 않게 노화가 체감이 되어 안티에이징에 입문하려고 할 때,"[시라이시마이 추천] 에이징 케어, 시작한다면 바로 지금.","에이징케어 입문 단계 소비자가 일상 속에서 피부 노화를 체감한 순간을 계기로, NAD 스킨케어를 안티에이징 솔루션으로 인식하는지 검증","28,132",332,1.18%,"₩1,769","₩587,372",16,4.82%,"₩36,711","₩549,969",93.63%
TRUE,BOH,NAD-Cream_Fatigue_Apply-Cream_v01_VID_1x1_260629,NAD-Cream,2026-06-27,2026-07-09,https://drive.google.com/file/d/1B8x6YMbwV5UdCOvBuOS97ydgvNV4WTf5/view?usp=drivesdk,"야근·외출로 지친 하루 끝, 밤에 칙칙해진 피부를 리셋하고 싶을 때",데일리 NAD 케어로 피부피로 리셋,"피부 피로로 인해 칙칙하고 컨디션이 저하된 피부를 리셋하고 싶은 니즈가 소비자 반응을 유도하는지 검증
하루 동안 누적된 피부 피로를 관리하고 다음 날 피부 컨디션을 회복하고자 하는 니즈가 소비자 반응을 유도하는지 검증","19,840",182,0.92%,"₩1,864","₩339,272",3,1.65%,"₩113,091","₩100,312",29.57%
TRUE,BOH,NAD-Cream-2_Fatigue_Apply-Cream_v01_BNR_1x1_260629,NAD-Cream-2,2026-06-27,2026-06-27,https://drive.google.com/file/d/1Dekv6MX5gMVqWV28Tja3a039T-JAmkwD/view?usp=drivesdk,"야근·외출로 지친 하루 끝, 밤에 칙칙해진 피부를 리셋하고 싶을 때",데일리 NAD 케어로 피부피로 리셋,"피부 피로로 인해 칙칙하고 컨디션이 저하된 피부를 리셋하고 싶은 니즈가 소비자 반응을 유도하는지 검증
하루 동안 누적된 피부 피로를 관리하고 다음 날 피부 컨디션을 회복하고자 하는 니즈가 소비자 반응을 유도하는지 검증",4,0,0.00%,₩0,₩42,0,0.00%,₩0,₩0,0.00%
TRUE,BOH,NAD-Cream_AgingCare_Apply-Cream_v01_BNR_1x1_260629,NAD-Cream,2026-06-27,2026-07-09,https://drive.google.com/file/d/1coRt0S-AHlk-m8tt6ZCBH1Sl0tk0pqrG/view?usp=drivesdk,예전 같지 않게 노화가 체감이 되어 안티에이징에 입문하려고 할 때,"에이징 케어, 시작한다면 바로 지금.","에이징케어 입문 단계 소비자가 일상 속에서 피부 노화를 체감한 순간을 계기로, NAD 스킨케어를 안티에이징 솔루션으로 인식하는지 검증","23,321",235,1.01%,"₩1,102","₩258,961",2,0.85%,"₩129,481","₩47,528",18.35%
TRUE,BOH,NAD-Cream-2_Fatigue_Apply-Cream_v01_VID_1x1_260629,NAD-Cream-2,2026-06-29,2026-07-09,https://drive.google.com/file/d/1Dekv6MX5gMVqWV28Tja3a039T-JAmkwD/view?usp=drivesdk,"야근·외출로 지친 하루 끝, 밤에 피부까지 쌓인 피로를 리셋하고 싶을 때
",데일리 NAD 케어로 피부피로 리셋,"피부 피로로 인해 칙칙하고 컨디션이 저하된 피부를 리셋하고 싶은 니즈가 소비자 반응을 유도하는지 검증
하루 동안 누적된 피부 피로를 관리하고 다음 날 피부 컨디션을 회복하고자 하는 니즈가 소비자 반응을 유도하는지 검증 
","57,377",646,1.13%,"₩1,262","₩815,387",48,7.43%,"₩16,987","₩1,788,363",219.33%
TRUE,BOH,NAD-Cream-2_UGC-jp_noe_NightSkincare_VID_1x1_260629,NAD-Cream-2,2026-06-29,2026-07-10,https://drive.google.com/file/d/1QQwFYJ103xW3boeeC3RfkN7Ww3FZyy9I/view?usp=drivesdk,"야근·외출로 지친 하루 끝, 밤에 피부까지 쌓인 피로를 리셋하고 싶을 때",밤샘 스킨케어로 다음 날 아침 피부에 자신감을.,"하루 동안 누적된 피부 피로를 밤에 리셋하고 다음 날 피부 컨디션을 회복하고자 하는 니즈에 공감하는 소비자가, NAD 스킨케어를 나이트 리셋 솔루션으로 인식하는지 검증","14,842",526,3.54%,₩700,"₩368,399",22,4.18%,"₩16,745","₩1,055,732",286.57%
TRUE,BOH,NAD-Cream-2_UGC-jp_hekiho_NightSkincare_VID_1x1_260629,NAD-Cream-2,2026-06-29,2026-07-09,https://drive.google.com/file/d/1Zx9gCAldDealGZwQkDFuZ7fLgd1crQ6D/view?usp=drivesdk,"야근·외출로 지친 하루 끝, 밤에 피부까지 쌓인 피로를 리셋하고 싶을 때",밤샘 스킨케어로 다음 날 아침 피부에 자신감을.,"하루 동안 누적된 피부 피로를 밤에 리셋하고 다음 날 피부 컨디션을 회복하고자 하는 니즈에 공감하는 소비자가, NAD 스킨케어를 나이트 리셋 솔루션으로 인식하는지 검증","18,676",336,1.80%,"₩1,265","₩425,079",11,3.27%,"₩38,644","₩338,486",79.63%
TRUE,BOH,NAD-Cream-2_UGC-jp_kevin_NightSkincare_VID_1x1_260629,NAD-Cream-2,2026-06-29,2026-07-10,https://drive.google.com/file/d/1izMiddknrxQiAeAaWAlU-BRbkyRFPrET/view?usp=drivesdk,"야근·외출로 지친 하루 끝, 밤에 피부까지 쌓인 피로를 리셋하고 싶을 때",밤샘 스킨케어로 다음 날 아침 피부에 자신감을.,"하루 동안 누적된 피부 피로를 밤에 리셋하고 다음 날 피부 컨디션을 회복하고자 하는 니즈에 공감하는 소비자가, NAD 스킨케어를 나이트 리셋 솔루션으로 인식하는지 검증","13,958",655,4.69%,₩402,"₩263,245",8,1.22%,"₩32,906","₩256,494",97.44%
TRUE,CG,ColorCoverTint_PersonalColor_Product_v01_BNR_1x1_260629,ColorCoverTint,2026-06-29,2026-07-09,https://drive.google.com/file/d/1QbSMR9v92OqswblhwSI3vLhCPW9gZRNP/view?usp=drivesdk,"입술이 칙칙하고 혈색이 없어, 내 퍼스널컬러에 맞게 자연스러운 혈색으로 보정하고 싶을 때",톤별로 골라 쓰는 칙칙함 보정 틴트,"칙칙하고 혈색 없는 본래 입술 톤 고민에 공감하는 소비자가, 컬러 커버 틴트를 퍼스널컬러에 맞춰 자연스러운 혈색을 만드는 톤 보정 솔루션으로 인식하는지 검증","35,056",294,0.84%,"₩1,480","₩435,156",24,8.16%,"₩18,132","₩324,257",74.52%
TRUE,WM,Seamless_Lasting_B&A_v01-ONEDAY_BNR_1x1_260629,Seamless,2026-06-29,2026-07-07,https://drive.google.com/file/d/19B6pkN0V6ibo0fSdNTqrodc6oMOGmxB7/view?usp=drivesdk,"여름철 땀·피지로 오후엔 화장이 무너질까 걱정되는 날, 아침 상태 그대로 유지되길 바랄 때","아침 화장 그대로 유지
땀・피지에도 지지 않는
매끈한 피부로.","땀·피지 환경에서도 아침에 완성한 피부 표현을 오후까지 균일하게 유지하고 싶어하는 소비자가, 심리스 파운데이션을 화장 지속력 솔루션으로 인식하는지 검증","24,617",430,1.75%,"₩1,085","₩466,376",64,14.88%,"₩7,287","₩1,767,101",378.90%
TRUE,CG,ColorCoverTint_Correcting_Model_v01_BNR_1x1_260629,ColorCoverTint,2026-06-29,2026-07-09,https://drive.google.com/file/d/13FjdivhRwVUVYoJ0VBSKFxwjuW97vXAJ/view?usp=drivesdk,"도중에 화장을 고칠 틈 없는 날, 오래 지속되는 립을 원할 때",수정 화장이 필요 없는 보정 틴트♡,"화장을 자주 고치기 어려운 상황에서 아침 립 발색이 밤까지 유지되길 바라는 소비자가, 컬러 커버 틴트를 지속력 중심 립 솔루션으로 인식하는지 검증","19,371",228,1.18%,"₩1,077","₩245,556",21,9.21%,"₩11,693","₩230,262",93.77%
TRUE,CG,ColorCoverTint_OneTouch_Model_v01_BNR_1x1_260629,ColorCoverTint,2026-06-29,2026-07-09,https://drive.google.com/file/d/1pCyo8JXfl2o_C7FLMcpdGWY7i3926BJX/view?usp=drivesdk,"어떤 립이든 예쁘게 올리기 위해, 거친 입술을 정돈하고 싶을 때","한 번의 터치로 립 캔버스 완성♡ 입술 필터, 미리 준비해봐요.","얼룩지고 칙칙한 본래 입술 톤에 대한 고민에 공감하는 소비자가, 컬러 커버 틴트를 한 번에 균일 밀착·자연 보정하는 립 베이스 솔루션으로 인식하는지 검증","28,011",322,1.15%,"₩1,010","₩325,252",16,4.97%,"₩20,328","₩169,964",52.26%
TRUE,BOH,NAD-Cream-2_UGC-jp_uyu_NightSkincare_VID_1x1_260629,NAD-Cream-2,2026-06-29,2026-07-10,https://drive.google.com/file/d/1GMHqPXmoaDA-jFtPo3G7VPvDz2jucg_j/view?usp=drivesdk,"야근·외출로 지친 하루 끝, 밤에 피부까지 쌓인 피로를 리셋하고 싶을 때",밤 스킨케어가 아침 인상을 바꾼다. NAD로 이상적인 아름다운 피부를 향해,"하루 동안 누적된 피부 피로를 밤에 리셋하고 다음 날 피부 컨디션을 회복하고자 하는 니즈에 공감하는 소비자가, NAD 스킨케어를 나이트 리셋 솔루션으로 인식하는지 검증","20,035",654,3.26%,₩730,"₩477,642",43,6.57%,"₩11,108","₩1,594,023",333.73%
TRUE,CG,ColorCoverTint_Correcting_Product_v01_BNR_1x1_260629,ColorCoverTint,2026-06-29,2026-07-09,https://drive.google.com/file/d/1jtyrWAnXjW7Lv9RsM28q95bwPboHc2Mq/view?usp=drivesdk,"어떤 립이든 예쁘게 올리기 위해, 거친 입술을 정돈하고 싶을 때","얼룩덜룩한 입술도, 단 한 번의 터치로 자연스럽게 보정","얼룩지고 칙칙한 본래 입술 톤에 대한 고민에 공감하는 소비자가, 컬러 커버 틴트를 한 번에 균일 밀착·자연 보정하는 립 베이스 솔루션으로 인식하는지 검증","67,475","1,021",1.51%,₩566,"₩577,395",27,2.64%,"₩21,385","₩360,199",62.38%
TRUE,BOH,NAD-Cream-2_UGC-jp_ya.s_Homecare_VID_1x1_260629,NAD-Cream-2,2026-06-29,2026-07-09,https://drive.google.com/file/d/1hhvm9BJpKsczIzfEHDBjmMCCoC_o2bb0/view?usp=drivesdk,"피부과 시술 예약을 잡고 나서, 시술 전 며칠간 컨디션을 미리 끌어올리고 싶을 때",여름철 처진 피부에... 아침·저녁 크림 스킨케어 루틴,시술에만 의존하지 않고 일상 속 피부 관리를 병행하고자 하는 니즈가 소비자 반응을 유도하는지 검증,"14,257",479,3.36%,₩669,"₩320,477",8,1.67%,"₩40,060","₩160,896",50.21%
TRUE,CG,LipDuoSet_LongLasting_Product_v01_VID_1x1_260629,LipDuoSet,2026-06-29,2026-07-09,https://drive.google.com/file/d/1JoBAmhpevH2TRHXvsGH5U-fYxaMu4BYE/view?usp=drivesdk,"종일 회의·근무로 화장 고칠 틈이 없는 날, 립이 오래 유지되길 바랄 때","베이스부터 포인트 컬러까지, 수정 화장이 어려운 날을 위한 인생 립 세트","수정화장이 어려운 상황에서 립 메이크업 전 단계를 한 번에 해결할 수 있는 세트 제안이 소비자 반응을 유도하는지 검증
립베이스와 포인트 립을 함께 구성한 올인원 립 루틴 제안이 소비자 반응을 유도하는지 검증 
","4,921",34,0.69%,"₩2,623","₩89,186",0,0.00%,₩0,₩0,0.00%
TRUE,BOH,NAD-Cream-2_UGC-jp_sera_reset_VID_1x1_260629,NAD-Cream-2,2026-06-29,2026-07-10,https://drive.google.com/file/d/1q5FHoymPhRQGtiDLqwTVdppyYd9hOzct/view?usp=drivesdk,"야근·외출로 지친 하루 끝, 밤에 피부까지 쌓인 피로를 리셋하고 싶을 때",피부 세라마이드를 리셋하여 새로운 나로. UGC로 화제인 크림.,"하루 동안 누적된 피부 피로를 밤에 리셋하고 다음 날 피부 컨디션을 회복하고자 하는 니즈에 공감하는 소비자가, NAD 스킨케어를 나이트 리셋 솔루션으로 인식하는지 검증","26,458",681,2.57%,₩613,"₩417,618",12,1.76%,"₩34,802","₩402,414",96.36%
TRUE,BOH,EyeCream_UGC-kr_ChoiYubin_AirconDryness_VID_1x1_260629,EyeCream,2026-06-29,2026-07-09,https://drive.google.com/file/d/1V7JTxIJ_0oq4vuCinzTeYdOfx5KHjjMl/view?usp=drivesdk,여름철 에어컨 바람에 눈가가 건조하고 푸석해졌다고 느낄 때,에어컨 건조로 눈가가 푸석푸석해진다면… 여름철 건조 데미지에 촉촉함으로 밀착 케어,"여름철 에어컨 등 실내 건조로 눈가가 푸석하고 칙칙해진다고 느끼는 소비자가, 아이크림을 눈가 수분 밀착 케어 솔루션으로 인식하는지 검증","15,395",423,2.75%,₩668,"₩282,356",0,0.00%,₩0,₩0,0.00%
TRUE,CG,LipDuoSet_LongLasting_Product_v01_BNR_1x1_260629,LipDuoSet,2026-06-29,2026-07-09,https://drive.google.com/file/d/1Di0RFGusY26ZiFPXVwRhgl9OlJfKt9lr/view?usp=drivesdk,"종일 회의·근무로 화장 고칠 틈이 없는 날, 립이 오래 유지되길 바랄 때","베이스부터 포인트 컬러까지, 수정 화장이 어려운 날을 위한 인생 립 세트","수정화장이 어려운 상황에서 립 메이크업 전 단계를 한 번에 해결할 수 있는 세트 제안이 소비자 반응을 유도하는지 검증
립베이스와 포인트 립을 함께 구성한 올인원 립 루틴 제안이 소비자 반응을 유도하는지 검증 
","64,544",831,1.29%,₩807,"₩670,324",34,4.09%,"₩19,715","₩503,444",75.10%
TRUE,BOH,EyeCream_UGC-kr_ShinUiyeon_SleepLoss_VID_1x1_260629,EyeCream,2026-06-29,2026-07-09,https://drive.google.com/file/d/1xR-dXEgTBIQs3jtNvY3I0G06lPfPgkx0/view?usp=drivesdk,"잠을 제대로 못 잔 다음 날 아침, 다크서클과 칙칙한 눈가가 눈에 띌 때",수면 부족으로 인한 다크서클과 칙칙함에 즉각적인 케어!,"수면 부족으로 다크서클과 눈가 칙칙함이 두드러지곤 하는 소비자가, 아이크림을 즉각적인 눈가 케어 솔루션으로 인식하는지 검증","139,551","2,116",1.52%,"₩1,335","₩2,825,062",166,7.84%,"₩17,018","₩5,702,419",201.85%
TRUE,BOH,EyeCream_UGC-kr_ShinUiyeon_AirconDryness_VID_1x1_260629,EyeCream,2026-06-29,2026-07-09,https://drive.google.com/file/d/1poUY9iissAVQY2m7_NQJQL_AzHhrWEFo/view?usp=drivesdk,여름철 에어컨 바람에 눈가가 건조하고 푸석해졌다고 느낄 때,에어컨 건조로 눈가가 푸석푸석해진다면… 여름철 건조 데미지에 촉촉함으로 밀착 케어,"여름철 에어컨 등 실내 건조로 눈가가 푸석하고 칙칙해진다고 느끼는 소비자가, 아이크림을 눈가 수분 밀착 케어 솔루션으로 인식하는지 검증","6,954",85,1.22%,"₩2,014","₩171,231",1,1.18%,"₩171,231","₩26,669",15.58%
TRUE,WM,Seamless_Lasting_B&A_v02_BNR_1x1_260629,Seamless,2026-06-29,2026-07-09,https://drive.google.com/file/d/1NGK3rOGzXjWPs_3o_iAeN1wXowwb3TKp/view?usp=drivesdk,"아침에 화장하고 나서, 무너짐 걱정 없이 밤까지 깔끔한 피부 상태가 유지되길 바랄 때","아침 화장 그대로 유지
무너짐 걱정 없이, 밤까지 예쁘게.","하루 종일 화장 무너짐 없이 밤까지 깔끔한 피부 표현을 유지하고 싶어하는 소비자가, 심리스 파운데이션을 장시간 무너짐 방지 솔루션으로 인식하는지 검증","10,729",116,1.08%,"₩1,549","₩179,660",78,67.24%,"₩2,303","₩2,222,504",1237.06%
TRUE,CG,LipDuoSet_LongLasting_INF_v01_VID_1x1_260629,LipDuoSet,2026-06-29,2026-07-09,https://drive.google.com/file/d/1Yz-qOLxBtWJIgmV6xfFnjyuCuR4C13g1/view?usp=drivesdk,"종일 회의·근무로 화장 고칠 틈이 없는 날, 립이 오래 유지되길 바랄 때",덧바를 수 없는 날의 갓벽 립 세트,"수정화장이 어려운 상황에서 립 메이크업 전 단계를 한 번에 해결할 수 있는 세트 제안이 소비자 반응을 유도하는지 검증
립베이스와 포인트 립을 함께 구성한 올인원 립 루틴 제안이 소비자 반응을 유도하는지 검증 
","75,328",964,1.28%,₩904,"₩871,870",16,1.66%,"₩54,492","₩194,172",22.27%
TRUE,BOH,EyeCream_UGC-kr_SeoShia_SleepLoss_VID_1x1_260629,EyeCream,2026-06-29,2026-07-09,https://drive.google.com/file/d/14u5EkMeyn0cDhYKuDAMNTR9yIHawc6zi/view?usp=drivesdk,"잠을 제대로 못 잔 다음 날 아침, 다크서클과 칙칙한 눈가가 눈에 띌 때",수면 부족으로 인한 다크서클과 칙칙함에 즉각적인 케어!,"수면 부족으로 다크서클과 눈가 칙칙함이 두드러지곤 하는 소비자가, 아이크림을 즉각적인 눈가 케어 솔루션으로 인식하는지 검증","63,624","1,264",1.99%,₩908,"₩1,147,585",55,4.35%,"₩20,865","₩1,904,976",166.00%
TRUE,BOH,NAD-Cream-2_UGC-jp_saya-hanashiro_reset_VID_1x1_260629,NAD-Cream-2,2026-06-29,2026-07-10,https://drive.google.com/file/d/1AtqSY1gmeQhDOTtaYyII2iZYqVuDX8bq/view?usp=drivesdk,"야근·외출로 지친 하루 끝, 밤에 피부까지 쌓인 피로를 리셋하고 싶을 때",피부 고민을 리셋! 사야 하나시로님의 리얼 체험담.,"하루 동안 누적된 피부 피로를 밤에 리셋하고 다음 날 피부 컨디션을 회복하고자 하는 니즈에 공감하는 소비자가, NAD 스킨케어를 나이트 리셋 솔루션으로 인식하는지 검증","14,401",447,3.10%,₩540,"₩241,456",6,1.34%,"₩40,243","₩192,155",79.58%
TRUE,CG,ColorCoverTint_ColorCorrecting_Product_v01_BNR_1x1_260629,ColorCoverTint,2026-06-29,2026-07-09,https://drive.google.com/file/d/1yjfiXuEfzv361Pe5N5mgvnclVgJqNnkr/view?usp=drivesdk,"입술이 칙칙하고 얼룩져 틴트를 발라도 원하는 색이 나오지 않아, 본래 톤을 커버해 균일하게 정돈하고 안색까지 화사하게 만들고 싶을 때",톤별 맞춤 컬러 코렉팅,"칙칙하고 얼룩진 입술 톤 때문에 틴트 발색이 원하는 대로 나오지 않는다고 느끼는 소비자가, 긱누드 컬러커버틴트를 본래 톤을 커버해 원하는 색과 안색을 살려주는 톤 커버·발색 솔루션으로 인식하는지 검증","78,415",851,1.09%,"₩1,016","₩864,497",46,5.41%,"₩18,793","₩579,472",67.03%
TRUE,WM,Seamless_Lasting_B&A_v02-ONEDAY_BNR_1x1_260629,Seamless,2026-06-29,2026-07-08,https://drive.google.com/file/d/11AfTLRty7QOG-QFTv-cT8lM56nFJ1vVX/view?usp=drivesdk,"아침에 화장하고 나서, 무너짐 걱정 없이 밤까지 깔끔한 피부 상태가 유지되길 바랄 때","아침의 마무리 그대로 유지
무너짐 걱정 없이,
밤까지 예쁘게.","하루 종일 화장 무너짐 없이 밤까지 깔끔한 피부 표현을 유지하고 싶어하는 소비자가, 심리스 파운데이션을 장시간 무너짐 방지 솔루션으로 인식하는지 검증","45,432",749,1.65%,₩872,"₩653,217",55,7.34%,"₩11,877","₩1,330,458",203.68%
TRUE,BOH,EyeCream_UGC-kr_JeongYujin_SleepLoss_VID_1x1_260629,EyeCream,2026-06-29,2026-07-09,https://drive.google.com/file/d/14e_llQgHuf1IZHrYAykSfHx_UA1ARvUd/view?usp=drivesdk,"잠을 제대로 못 잔 다음 날 아침, 다크서클과 칙칙한 눈가가 눈에 띌 때",수면 부족으로 인한 다크서클과 칙칙함에 즉각적인 케어!,"수면 부족으로 다크서클과 눈가 칙칙함이 두드러지곤 하는 소비자가, 아이크림을 즉각적인 눈가 케어 솔루션으로 인식하는지 검증","6,279",102,1.62%,"₩1,502","₩153,224",0,0.00%,₩0,₩0,0.00%
TRUE,BOH,EyeCream_UGC-kr_JeongYujin_AirconDryness_VID_1x1_260629,EyeCream,2026-06-29,2026-07-09,https://drive.google.com/file/d/1m8GO4tuxH5dDKLfkBB-XiPFsnnpBN-nu/view?usp=drivesdk,여름철 에어컨 바람에 눈가가 건조하고 푸석해졌다고 느낄 때,에어컨 건조로 눈가가 푸석푸석해진다면… 여름철 건조 데미지에 촉촉함으로 밀착 케어,"여름철 에어컨 등 실내 건조로 눈가가 푸석하고 칙칙해진다고 느끼는 소비자가, 아이크림을 눈가 수분 밀착 케어 솔루션으로 인식하는지 검증","8,859",168,1.90%,"₩1,095","₩183,978",1,0.60%,"₩183,978","₩26,383",14.34%
TRUE,WM,Seamless_Lasting_B&A_v01_BNR_1x1_260629,Seamless,2026-06-29,2026-07-09,https://drive.google.com/file/d/1zp_vd2ioEbhVLG0F97yCnNU8Euy96EKY/view?usp=drivesdk,"여름철 땀·피지로 오후엔 화장이 무너질까 걱정되는 날, 아침 상태 그대로 유지되길 바랄 때","아침 화장 그대로 유지
땀, 피지에도 지지 않는
매끈한 피부로.","땀·피지 환경에서도 아침에 완성한 피부 표현을 오후까지 균일하게 유지하고 싶어하는 소비자가, 심리스 파운데이션을 화장 지속력 솔루션으로 인식하는지 검증","18,216",179,0.98%,"₩1,596","₩285,615",37,20.67%,"₩7,719","₩900,026",315.12%
TRUE,CG,ColorCoverTint_Shinchan_Model_v01_VID_1x1_260629,ColorCoverTint,2026-06-29,2026-07-09,https://drive.google.com/file/d/12GEuqFFFtdkAdYTt9r6OzM-6Tm05a8Uc/view?usp=drivesdk,"도중에 화장을 고칠 틈 없는 날, 오래 지속되는 립을 원할 때","덧바를 수 없는 날에도, 장시간 지속되는 발색","립 색깔이 빠짐에 대한 부담을 줄여주는 지속력 중심 메시지가 소비자 반응을 유도하는지 검증 
묻어남이나 뭉침 없이 청결한 인상을 계속 유지하고 싶어하는 니즈를 검증 ","56,436",584,1.03%,"₩1,715","₩1,001,694",30,5.14%,"₩33,390","₩318,838",31.83%
TRUE,WM,LastingGlowStick_Lasting_Model_v02_VID_1x1_260629,LastingGlowStick,2026-06-29,2026-07-09,https://drive.google.com/file/d/11qwawRzU3z4-1REVggtiejn1B2EYWt7V/view?usp=drivesdk,"식사·카페·모임 자리에서, 먹고 마시는 동안 립 컬러가 지워질까 신경 쓰일 때","WAKEMAKE 래스팅 글로우 스틱 수량 한정 특가 1,690엔 1,188엔 전원 증정품 파운데이션 21N 1.2ml 랜덤 증정품 (3,500엔 이상 구매 시) 미니 파우더/쿠션",립 색깔이 빠짐에 대한 부담을 줄여주는 지속력 중심 메시지가 소비자 반응을 유도하는지 검증,"5,841",137,2.35%,₩704,"₩96,502",11,8.03%,"₩8,773","₩266,569",276.23%
TRUE,BOH,EyeCream_UGC-kr_ChoiYubin_SleepLoss_VID_1x1_260629,EyeCream,2026-06-29,2026-07-09,https://drive.google.com/file/d/1M9DPrmw8HzI6bkXgMqC2ecA33Sj9Wq_L/view?usp=drivesdk,"잠을 제대로 못 잔 다음 날 아침, 다크서클과 칙칙한 눈가가 눈에 띌 때",수면 부족으로 인한 다크서클과 칙칙함에 즉각적인 케어!,"수면 부족으로 다크서클과 눈가 칙칙함이 두드러지곤 하는 소비자가, 아이크림을 즉각적인 눈가 케어 솔루션으로 인식하는지 검증","11,022",291,2.64%,₩837,"₩243,569",4,1.37%,"₩60,892","₩99,357",40.79%
TRUE,BOH,EyeCream_UGC-kr_SeoShia_AirconDryness_VID_1x1_260629,EyeCream,2026-06-29,2026-07-09,https://drive.google.com/file/d/1k6HrbI9_JPqR8g3qhSItm1K7ftFZPlJh/view?usp=drivesdk,여름철 에어컨 바람에 눈가가 건조하고 푸석해졌다고 느낄 때,에어컨 건조로 눈가가 푸석푸석해진다면… 여름철 건조 데미지에 촉촉함으로 밀착 케어,"여름철 에어컨 등 실내 건조로 눈가가 푸석하고 칙칙해진다고 느끼는 소비자가, 아이크림을 눈가 수분 밀착 케어 솔루션으로 인식하는지 검증","12,144",150,1.24%,"₩1,789","₩268,308",8,5.33%,"₩33,539","₩243,280",90.67%
TRUE,BOH,NAD-Cream-2_UGC-jp_ya.s_MorningSkin_VID_1x1_260629,NAD-Cream-2,2026-06-29,2026-07-09,https://drive.google.com/file/d/1lRQa4yx1lS9-gtgBr_tc0ISLfLd5hVAw/view?usp=drivesdk,"중요한 미팅·약속이 있는 날 아침, 화장 전에 피부 상태부터 확인할 때",여름철 처진 피부에... 아침·저녁 크림 스킨케어 루틴,다음 날 아침 피부 컨디션에 대한 기대감을 자극하는 메시지가 소비자 반응을 유도하는지 검증,"83,503","2,043",2.45%,₩594,"₩1,212,970",36,1.76%,"₩33,694","₩1,189,513",98.07%
TRUE,BOH,NAD-Cream-2_UGC-jp_ya.s_MorningSkin_VID_9x16_260629,NAD-Cream-2,2026-07-09,2026-07-10,https://drive.google.com/file/d/1rSDq9uf5xCNrWj9mPrw-zqzORdBeapaf/view?usp=drivesdk,"중요한 미팅·약속이 있는 날 아침, 화장 전에 피부 상태부터 확인할 때",여름철 처진 피부에... 아침·저녁 크림 스킨케어 루틴,다음 날 아침 피부 컨디션에 대한 기대감을 자극하는 메시지가 소비자 반응을 유도하는지 검증,"3,662",203,5.54%,₩177,"₩35,932",0,0.00%,₩0,₩0,0.00%
TRUE,CG,ColorCoverTint_LongLasting_Model_v01_BNR_1x1_260629,ColorCoverTint,2026-06-29,2026-07-09,https://drive.google.com/file/d/1x1ky_TafCpBWwU5oFnTJSJkkkT3OWsJL/view?usp=drivesdk,"도중에 화장을 고칠 틈 없는 날, 오래 지속되는 립을 원할 때","덧바를 수 없는 날에도, 장시간 지속되는 발색","립 색깔이 빠짐에 대한 부담을 줄여주는 지속력 중심 메시지가 소비자 반응을 유도하는지 검증 
묻어남이나 뭉침 없이 청결한 인상을 계속 유지하고 싶어하는 니즈를 검증 ","18,058",208,1.15%,"₩1,074","₩223,297",21,10.10%,"₩10,633","₩238,188",106.67%
TRUE,BOH,Asachuru_Cardi.B_B&A_v01_BNR_1x1_260629,Asachuru,2026-06-29,2026-07-09,https://drive.google.com/file/d/1TH-OUbZ3kvCEOaU6i8ZV-GVpKLYP9Z-F/view?usp=drivesdk,"중요한 자리를 앞둔 전날 밤, 다음 날 탄력 있는 피부로 깨어나고 싶을 때","중요한 약속 전날 준비, 다음 날 아침 탄력감에 감동. '아침 매끈・밤 탄탄' 세트. 카디 비도 애용 | 해외에서도 화제. 메가포 특가 4,352엔 (40% 할인)",중요한 날 전날 밤 케어를 통해 다음 날 피부 탄력이 개선된다는 기대감이 비주얼과 카피를 통해 명확히 전달되는지 검증,"242,401","7,753",3.20%,₩291,"₩2,253,069",21,0.27%,"₩107,289","₩551,237",24.47%
TRUE,WM,SoftBlurEye_Tone_Product_v01_BNR_1x1_260629,SoftBlurEye,2026-06-29,2026-07-09,https://drive.google.com/file/d/1MeVunWbTqDme20iZbNVaJx70A88oZlKZ/view?usp=drivesdk,이벤트·모임에서 시선을 끄는 또렷한 눈매를 연출하고 싶을 때,"톤별로 디자인된 세련된 컬러 16색
소프트 블러링 아이 팔레트
약 36% 할인
메가포 특가 2,511엔
구매자 전원 GIFT
올리브영 어워즈 아이섀도우 부문 1위 (2025년, 8호)",내 피부 톤에 맞는 컬러로 실패 없이 세련되게 인상적인 눈매 연출을 통해 이미지 변화를 기대하는 니즈가 소비자 반응을 유도하는지 검증,"21,582",336,1.56%,₩774,"₩260,221",29,8.63%,"₩8,973","₩738,241",283.70%
TRUE,BOH,Asachuru_Interview_Model_v01_BNR_1x1_260629,Asachuru,2026-06-29,2026-07-09,https://drive.google.com/file/d/1o2zptU1z898rCeJvKLwn2E9FTvFXx7ns/view?usp=drivesdk,"처짐이 ""슬슬 현실""로 느껴지기 시작해, 화장품으로 밤에 집중 케어하고 싶을 때",화면 속 자신의 모습에 깜짝 놀랐다면. 밤사이 준비하는 탄력 케어.,"화면 속 자신의 얼굴을 보며 피부 탄력 저하와 처짐 인상을 인지한 소비자를 대상으로, ‘画面越しの自分’ 메시지를 통해 즉각적인 탄력 케어 니즈를 자극
","16,680",251,1.50%,"₩1,250","₩313,640",17,6.77%,"₩18,449","₩596,592",190.22%
TRUE,BOH,Asachuru_Overnight_GPT_v01_VID_1x1_260629,Asachuru,2026-06-29,2026-07-09,https://drive.google.com/file/d/1vUGBmniVzhsxAUnxnRF-v3T6g0B4Fl-a/view?usp=drivesdk,"중요한 다음 날을 앞두고, 자기 전 발라 아침에 탄력 있는 피부로 깨어나고 싶을 때",잠들기 전 한 번 바르세요. 여름 리프팅 습관. 내일의 탄력은 오늘 밤 결정됩니다. 3D 리프팅 케어,"자기 전 관리로 다음 날 아침 탄력 피부를 기대하는 나이트 리프팅 루틴 니즈에 공감하는 소비자가, 3D 리프팅 크림을 '오늘 밤 관리 → 내일 탄력' 솔루션으로 인식하는지 검증","85,883","1,132",1.32%,₩897,"₩1,015,191",122,10.78%,"₩8,321","₩4,766,658",469.53%
TRUE,BOH,Asachuru_Overnight_Model_v01_BNR_1x1_260629,Asachuru,2026-06-29,2026-07-09,https://drive.google.com/file/d/1zV0bSXUfPRrTUUyJ-_D0U28hfnNZ8pr6/view?usp=drivesdk,"중요한 날을 앞두고, 전날 밤부터 다음 날 아침 탄력을 미리 준비해두고 싶을 때",내일의 탄력은 오늘 밤 결정된다. 다음 아침까지 지속되는 리프팅 인상.,"아침 탄력 피부를 위해 전날 밤부터 관리하는 루틴 니즈가 소비자 반응을 유도하는지 검증
다음 날 피부 변화를 기대하는 아침/밤 리프팅 루틴 메시지가 소비자 반응을 유도하는지 검증","55,057",990,1.80%,₩836,"₩827,747",75,7.58%,"₩11,037","₩2,918,737",352.61%
TRUE,WM,SoftBlurEye_Rank_Product_v01_BNR_1x1_260629,SoftBlurEye,2026-06-29,2026-07-09,https://drive.google.com/file/d/1EbsAiS8GAUgRwFVUyI_ldqCWOHVi4S2i/view?usp=drivesdk,깔끔하고 인상에 남는 눈매를 만들고 싶을 때,"좋은 인상을 만드는 올리브영 1위 팔레트 소프트 블러링 아이 팔레트 올리브영 어워즈 아이섀도우 부문 1위 (2025년, 8호) 약 36% 할인 GIFT 구매자 전원 랜덤 1종 메가포 특가 3,980엔 → 2,511엔","좋은 인상을 주는 눈매를 실패 없이 연출하고 싶어하는 니즈에 공감하는 소비자가, 소프트 블러링 아이팔레트를 데일리 아이메이크업 솔루션으로 인식하는지 검증","30,541",541,1.77%,₩554,"₩299,624",27,4.99%,"₩11,097","₩695,230",232.03%
TRUE,BOH,Asachuru_Winning_Product_v01_BNR_1x1_260629,Asachuru,2026-06-29,2026-07-09,https://drive.google.com/file/d/1MLdkCVaUboyLAWGYQUsPYoy-xDgq_kNc/view?usp=drivesdk,거울 속 피부가 푸석하고 윤기 없어 보일 때,"놀라울 만큼 촉촉하고, 속부터 차오르는 탄력 피부로.","피부 컨디션 저하와 탄력 부족을 느끼는 소비자를 대상으로, 24시간 하리 케어 및 탄력 충전 메시지를 통해 촉촉하고 탄탄한 피부 인상을 강조
","75,172","1,017",1.35%,"₩1,407","₩1,430,580",117,11.50%,"₩12,227","₩4,800,512",335.56%
TRUE,BOH,Asachuru_Yurumi_Product_v01_BNR_1x1_260629,Asachuru,2026-06-29,2026-07-09,https://drive.google.com/file/d/18rc6BsNKTwWvptKNNt1o3fOL-V15lve0/view?usp=drivesdk,"30대 중반, 문득 피부 처짐이 눈에 들어오기 시작해 탄력 케어가 필요하다고 느낄 때","신경 쓰이기 시작한 피부 처짐에, '상향된' 인상으로.
'아침 매끈·밤 탄탄' 세트
처짐 징후에, 선제적인 탄력 케어.
기대를 저버리지 않는 압도적인 만족도","피부 처짐과 탄력 저하가 신경 쓰이기 시작한 소비자를 대상으로, ‘ゆるみ’와 ‘上向き印象’ 메시지를 통해 초기 에이징 고민에 대한 선제적 탄력 케어 필요성을 강조
","66,524","1,011",1.52%,"₩1,063","₩1,074,219",98,9.69%,"₩10,961","₩4,063,159",378.24%
TRUE,BOH,Coupon_Price_Benefit_v01_BNR_1x1_260629,Coupon,2026-06-29,2026-07-09,https://drive.google.com/file/d/1GsyO-lrTKqqptfGRjJ9VtlmxAnx7q6-E/view?usp=drivesdk,,7월 메가포 한정 쿠폰 배포 중,,"62,006",850,1.37%,"₩1,423","₩1,209,125",135,15.88%,"₩8,956","₩5,735,508",474.35%
TRUE,BOH,3D-Refill_FaceLine_Model_v01_BNR_1x1_260629,3D-Refill,2026-06-29,2026-07-09,https://drive.google.com/file/d/1siBBp1EV4V19LQhuD9csWBvjY0O8aGUW/view?usp=drivesdk,"거울/화면 속 얼굴을 본 순간, 하안부 처짐·노화가 눈에 들어올 때",거울을 볼 때마다 페이스라인이 신경 쓰인다면 집에서 시작하는 3D 리프팅 케어,"처짐이 슬슬 현실로 느껴져 밤에 집중적으로 케어하고 싶다고 느끼는 소비자가, 3D 리필 크림을 유산균으로 피부 토대를 다져줄 수 있는 밤 집중 탄력 케어 솔루션으로 인식하는지 검증","22,786",318,1.40%,"₩1,395","₩443,601",21,6.60%,"₩21,124","₩1,254,818",282.87%
TRUE,WM,SoftBlurEye_Colorspread_Model_v01_BNR_1x1_260629,SoftBlurEye,2026-06-29,2026-07-09,https://drive.google.com/file/d/1lsx1UQ45m1bLtsrfFiP-_P5yZEVo94S4/view?usp=drivesdk,"통근 전 바쁜 아침, 빠르게 자연스럽고 실패 없는 아이메이크업을 원할때","아침 아이섀도우 선택에.
버릴 색상 없이!
모든 색상을 사용할 수 있는
아이 팔레트.","시간이 부족한 아침에 실패 없이 눈매를 완성하고 싶은 소비자가, 소프트 블러링 아이팔레트를 빠르게 완성하는 데일리 솔루션으로 인식하는지 검증","63,514","1,118",1.76%,₩691,"₩772,479",52,4.65%,"₩14,855","₩1,365,611",176.78%
TRUE,BOH,Asachuru_24hours_GPT_v01_VID_1x1_260629,Asachuru,2026-06-29,2026-07-08,https://drive.google.com/file/d/17WgF9Ui5RLZplJhhsPQkAlIgfbpsxu0o/view?usp=drivesdk,"아침엔 윤기, 밤엔 탄력까지 하루 종일 나이 드는 피부 인상을 관리하고 싶을 때","아침에는 콜라겐으로 윤기를,
밤에는 리프팅으로 탄력을.
여름 24시간 케어✨","아침 콜라겐 크림(윤기)·밤 리프팅 크림(탄력)으로 하루 24시간 피부 컨디션을 이어서 관리하려는 루틴 니즈에 공감하는 소비자가, 두 제품 조합을 아침·밤 안티에이징 솔루션으로 인식하는지 검증",567,11,1.94%,"₩1,006","₩11,065",0,0.00%,₩0,₩0,0.00%
TRUE,BOH,Asachuru_Cardi.B_Adult-Skin_v01_VID_1x1_260629,Asachuru,2026-06-29,2026-07-09,https://drive.google.com/file/d/18L4rOIiQwQvTLh0Bgo5zw0p2pvRTR8zF/view?usp=drivesdk,"예전 같지 않은 어른 피부가 느껴져, 나이에 맞는 케어가 필요하다고 생각될 때",카디비처럼 성인 피부를 아름답게 가꿔보세요.,"
Used the ""Adult Skin Concerns"" message to resonate with age-related elasticity and wrinkle concerns, while emphasizing the 3D Cream's firming and elasticity benefits through the high-performing Cardi.B creative.
","122,921","1,582",1.29%,₩875,"₩1,383,975",127,8.03%,"₩10,897","₩4,439,707",320.79%
TRUE,CG,ShadingStick_Beginner_B&A_v01_BNR_1x1_260629,ShadingStick,2026-06-29,2026-07-09,https://drive.google.com/file/d/18MID4ldFvf9C3oGJbtAKfDL2K4rb3aS8/view?usp=drivesdk,"쉐딩이 처음이라, 음영이 진해져 부자연스러워질까 겁날 때","초보자도 실패하지 않아! 입체 창조 쉐이딩 스틱 너무 진해지지 않는, 자연스러운 음영","""음영이 너무 진해질까 무섭다""는 초심자의 불안이 반응을 일으키는지 검증
'初心者·失敗しない' 키워드 반복 노출이 카테고리 내 브랜드 인지도 확보로 이어지는지 검증","194,562","2,732",1.40%,₩747,"₩2,041,182",146,5.34%,"₩13,981","₩1,611,224",78.94%
TRUE,CG,ShadingStick_Beginner_B&A_v01_VID_1x1_260629,ShadingStick,2026-06-29,2026-07-09,https://drive.google.com/file/d/1Th5dd6c5PY0u54BPciLhYPqkyXZ5hkBL/view?usp=drivesdk,"쉐딩이 처음이라, 음영이 진해져 부자연스러워질까 겁날 때",초보자도 쉽게! 쉐딩 스틱으로 드라마틱한 비포&애프터 경험!,"""음영이 너무 진해질까 무섭다""는 초심자의 불안이 반응을 일으키는지 검증
'初心者·失敗しない' 키워드 반복 노출이 카테고리 내 브랜드 인지도 확보로 이어지는지 검증","5,278",51,0.97%,"₩1,345","₩68,571",8,15.69%,"₩8,571","₩79,154",115.43%
TRUE,WM,FDBrush_Kantan_Model_v01_VID_1x1_260629,FdBrush,2026-06-29,2026-07-09,https://drive.google.com/file/d/1VWRGFK52KSZChmgZnuPv_UwBq3mQycZ3/view?usp=drivesdk,쉽게 모공 없이 얇고 깔끔한 피부 표현을 완성하고 싶을 때,"FDBrush로 간편하게, 모델처럼 아름다운 결과물을!","쉽게 균일하고 얇게 밀착된 모공리스 피부를 표현하고 싶어하는 소비자가, 파운데이션 브러시를 베이스 도구 솔루션으로 인식하는지 검증","8,863",122,1.38%,"₩1,435","₩175,096",22,18.03%,"₩7,959","₩466,436",266.39%
TRUE,WM,FDBrush_Rank_Model_v01_BNR_1x1_260629,FdBrush,2026-06-29,2026-07-09,https://drive.google.com/file/d/1fIdpoNGs6GZ235r-1joeccm0uwKDxm5u/view?usp=drivesdk,"파운데이션이 얼룩지거나 뭉쳐, 얼룩 없이 균일하게 밀착된 피부 표현을 하고 싶을 때",들뜸 없이 균일하게 밀착,"손·퍼프로는 얼룩지고 뭉치는 베이스 표현이 걱정되는 소비자가, 파운데이션 브러시를 얼룩 없이 균일하게 밀착시키는 도구 솔루션으로 인식하는지 검증","24,582",449,1.83%,₩687,"₩308,356",26,5.79%,"₩11,860","₩575,171",186.53%
TRUE,CG,ColorCoverTint_KoreaNo1_Product_v01_BNR_1x1_260629,ColorCoverTint,2026-06-29,2026-07-09,https://drive.google.com/file/d/1P27Nc0U5xuI02WZWvXg6mCBK6iahVWDn/view?usp=drivesdk,"도중에 화장을 고칠 틈 없는 날, 오래 지속되는 립을 원할 때","한국 1위 립 베이스. 아침의 예쁜 발색, 밤까지 유지!","화장을 자주 고치기 어려운 상황에서 아침 립 발색이 밤까지 유지되길 바라는 소비자가, 컬러 커버 틴트를 지속력 중심 립 솔루션으로 인식하는지 검증","48,918",759,1.55%,₩618,"₩469,218",30,3.95%,"₩15,641","₩402,237",85.72%
TRUE,WM,GlazeGloss_Ppurun_Model_v01_VID_1x1_260629,GlazeGloss,2026-06-29,2026-07-08,https://drive.google.com/file/d/13yQRKd0FsUTwO65qHGeNJ65T8vGrCywZ/view?usp=drivesdk,"입술이 얇고 볼륨 없어 보여, 자연스럽게 도톰하고 윤기 있는 입술을 연출하고 싶을 때","수량 한정 특가
1,690엔 1,188엔
전원 증정
파운데이션 21N 1.2ml
랜덤 증정
(3,500엔 이상 구매 시)
미니 파우더/쿠션","실제 볼륨보다 자연스럽게 탱글하고 입체적으로 보이는 립 표현을 원하는 상황
광택을 통한 입술 볼륨 연출 메시지가 소비자 반응을 유도하는지 검증
","12,265",226,1.84%,₩916,"₩206,993",24,10.62%,"₩8,625","₩545,169",263.38%
TRUE,WM,GlazeGloss_Ppurun_Model_v01_BNR_1x1_260629,GlazeGloss,2026-06-29,2026-07-07,https://drive.google.com/file/d/15q2vrUiwy21R-YuaqT_0rHHQmg8PE4Ml/view?usp=drivesdk,"입술이 얇고 볼륨 없어 보여, 자연스럽게 도톰하고 윤기 있는 입술을 연출하고 싶을 때",탱글탱글해 보이는 픽싱 글로우 유리알 같은 광택 WAKEMAKE 글레이즈 글로스,"실제 볼륨보다 자연스럽게 탱글하고 입체적으로 보이는 립 표현을 원하는 상황
광택을 통한 입술 볼륨 연출 메시지가 소비자 반응을 유도하는지 검증
","29,488",383,1.30%,₩775,"₩296,721",43,11.23%,"₩6,900","₩700,610",236.12%
TRUE,WM,LastingGlowStick_Lasting_Model_v01_VID_1x1_260629,LastingGlowStick,2026-06-29,2026-07-09,https://drive.google.com/file/d/10lyDbf6ZhhiMlHjTgpvXGeXJN_fyFqxe/view?usp=drivesdk,"식사나 음료를 마실 때, 잔·컵이나 상대에게 립 색이 묻는 게 신경 쓰일 때","키이짱 x 후지 공동 개발
웨이크메이크
라스팅 글로우 스틱
수량 한정 특가
1,690엔 1,188엔
전원 증정 GIFT 파운데이션 21N 1.2ml
랜덤 증정 GIFT (3,500엔 이상 구매 시) 미니 파우더/쿠션","립 컬러 자체보다 식음·일상 활동 중 잔·컵에 색이 묻지 않고 깔끔하게 유지되는 지속력을 중시하는 소비자가, 색 묻어남을 최소화한 밀착 글로우 메시지에 반응하는지 검증","28,645",588,2.05%,₩710,"₩417,660",57,9.69%,"₩7,327","₩1,230,731",294.67%
TRUE,BOH,GelMistx2_UGC-kr_HwangHyebin_S-Deep-Moisture_VID_1x1_260629,GelMistx2,2026-06-29,2026-07-09,https://drive.google.com/file/d/1NWU4lGXx03OY0Oxoj6ivZtn5IMg5snfJ/view?usp=drivesdk,"실내 에어컨 바람에 피부가 건조해져, 바로 수분을 보충하고 싶을 때","건조함을 느낀 그 순간에. 낮 동안의 에어컨 건조 대책으로 언제든지 촉촉하게 충전! 메이크업 밀착력, 훨씬 업! 미스트인데도, 탱글탱글 젤리감. 냉장고에 넣어 사용하면, 시원하고 기분 좋아요!","에어컨으로 낮에 피부가 마르고 당긴다고 느끼는 소비자가, 콜라겐 겔 미스트를 자리에서 바로 뿌려 냉방 건조를 리셋하는 여름 수분 솔루션으로 인식하는지 검증","76,097","2,263",2.97%,₩599,"₩1,356,621",49,2.17%,"₩27,686","₩1,605,803",118.37%
TRUE,BOH,GelMistx2_UGC-kr_HwangHyebin_S-Makeup-Prep_VID_1x1_260629,GelMistx2,2026-06-29,2026-07-09,https://drive.google.com/file/d/1N3yOfv8YDQ7oOqNDXrFIB9zPYTcrtK_l/view?usp=drivesdk,"화장 전 피부가 건조해, 메이크업이 들뜰까 걱정될 때","여름 메이크업, 한 번의 펌핑으로 촉촉함 충전.
메이크업 밀착력, 훨씬 더 업!
미스트인데도, 탱글탱글 젤리 같은 느낌
냉장고에 넣어 사용하면
시원하고 기분 좋아져요!","메이크업 시 들뜨거나 겉도는 피부가 신경 쓰이는 소비자가, 콜라겐 겔 미스트를 메이크업 전 수분을 채워 밀착력을 높이는 메이크업 프렙 솔루션으로 인식하는지 검증","70,018","1,466",2.09%,₩769,"₩1,127,787",40,2.73%,"₩28,195","₩1,585,951",140.63%
TRUE,BOH,GelMistx2_UGC-kr_KangYeJin_S-Deep-Moisture_VID_1x1_260629,GelMistx2,2026-06-29,2026-07-09,https://drive.google.com/file/d/1j-aDQN2Oa6vghkL7J4wu1G11tsjqY7gJ/view?usp=drivesdk,"실내 에어컨 바람에 피부가 건조해져, 바로 수분을 보충하고 싶을 때","건조함을 느낀 그 순간에.
낮 동안의 에어컨 건조 대책으로 언제든지 촉촉하게 충전!
메이크업 밀착력, 훨씬 업!
미스트인데도, 탱글탱글 젤리감
냉장고에 넣어 사용하면
시원~! 하고 상쾌한 기분!","에어컨으로 낮에 피부가 마르고 당긴다고 느끼는 소비자가, 콜라겐 겔 미스트를 자리에서 바로 뿌려 냉방 건조를 리셋하는 여름 수분 솔루션으로 인식하는지 검증","20,392",552,2.71%,₩464,"₩255,970",3,0.54%,"₩85,323","₩81,612",31.88%
TRUE,BOH,GelMistx2_UGC-kr_KangYeJin_S-Makeup-Prep_VID_1x1_260629,GelMistx2,2026-06-29,2026-07-09,https://drive.google.com/file/d/19pDRPTphoBiwo8MsE0O_8OloLX5BZoIr/view?usp=drivesdk,"화장 전 피부가 건조해, 메이크업이 들뜰까 걱정될 때","메이크업 준비를 위한 젤 미스트, 강예진의 메이크업 전 필수템","메이크업 시 들뜨거나 겉도는 피부가 신경 쓰이는 소비자가, 콜라겐 겔 미스트를 메이크업 전 수분을 채워 밀착력을 높이는 메이크업 프렙 솔루션으로 인식하는지 검증","24,686",659,2.67%,₩472,"₩311,187",5,0.76%,"₩62,237","₩192,471",61.85%
TRUE,CG,ShadingStick_Beginner_B&A_v01_VID_9x16_260629,ShadingStick,2026-07-01,2026-07-04,https://drive.google.com/file/d/1Zpxnfoy8NAwMv7LTPhtusO89311oINiV/view?usp=drivesdk,"쉐딩이 처음이라, 음영이 진해져 부자연스러워질까 겁날 때",초보자도 쉽게! 쉐딩 스틱으로 극적인 비포&애프터를 경험하세요!,"""음영이 너무 진해질까 무섭다""는 초심자의 불안이 반응을 일으키는지 검증
'初心者·失敗しない' 키워드 반복 노출이 카테고리 내 브랜드 인지도 확보로 이어지는지 검증","120,203",344,0.29%,"₩1,700","₩584,719",38,11.05%,"₩15,387",500272.1939,85.56%
TRUE,BOH,GelMistx2_UGC-kr_MakeupArtist_S-Makeup-Prep_VID_1x1_260629,GelMistx2,2026-06-29,2026-07-09,https://drive.google.com/file/d/1gD-Z1WCz4eFbS7_KniuWoRCLKowwtAvo/view?usp=drivesdk,"화장 전 피부가 건조해, 메이크업이 들뜰까 걱정될 때","비법 공개!
들뜸 없이 아이돌급
광채 피부 필수템

여름 메이크업,
한 번의 펌핑으로
촉촉함 충전.

메이크업 밀착력, 훨씬 업!

미스트인데,
탱글탱글 젤리 같은 느낌

냉장고에 넣어
사용하면
시원하고
기분 좋아요!","메이크업 시 들뜨거나 겉도는 피부가 신경 쓰이는 소비자가, 콜라겐 겔 미스트를 메이크업 전 수분을 채워 밀착력을 높이는 메이크업 프렙 솔루션으로 인식하는지 검증","80,281","2,490",3.10%,₩307,"₩764,475",8,0.32%,"₩95,559",266111.5657,34.81%
TRUE,BOH,NAD-Cream-2_UGC-jp_ya.s_Homecare_VID_9x16_260629,NAD-Cream-2,2026-07-09,2026-07-10,https://drive.google.com/file/d/1zCHVIdPSK0_fK1NN4ulmyMwU-9nQTNyC/view?usp=drivesdk,"피부과 시술 예약을 잡고 나서, 시술 전 며칠간 컨디션을 미리 끌어올리고 싶을 때","집에서 간편하게! UGC로 화제인 NAD 크림으로, 자신감 있는 피부로.",시술에만 의존하지 않고 일상 속 피부 관리를 병행하고자 하는 니즈가 소비자 반응을 유도하는지 검증,"3,248",251,7.73%,₩95,"₩23,894",0,0.00%,₩0,0,0.00%
TRUE,CG,LipDuoSet_LongLasting_Product_v01_VID_9x16_260629,LipDuoSet,2026-07-03,2026-07-09,https://drive.google.com/file/d/1PS8JPsZX7gtGL2LbaEQojCUYddWJb26t/view?usp=drivesdk,"종일 회의·근무로 화장 고칠 틈이 없는 날, 립이 오래 유지되길 바랄 때","베이스부터 포인트 컬러까지, 덧바를 수 없는 날의 인생 립 세트","수정화장이 어려운 상황에서 립 메이크업 전 단계를 한 번에 해결할 수 있는 세트 제안이 소비자 반응을 유도하는지 검증
립베이스와 포인트 립을 함께 구성한 올인원 립 루틴 제안이 소비자 반응을 유도하는지 검증 
","98,266",291,0.30%,"₩1,515","₩440,931",28,9.62%,"₩15,748",344015.2715,78.02%
TRUE,BOH,GelMistx2_UGC-kr_MakeupArtist_S-Deep-Moisture_VID_1x1_260629,GelMistx2,2026-06-29,2026-07-09,https://drive.google.com/file/d/1d2P8loyEzDx4MdxUUPlVTbyiW-YxGCYJ/view?usp=drivesdk,"실내 에어컨 바람에 피부가 건조해져, 바로 수분을 보충하고 싶을 때","비법 공개!
들뜸 없이 아이돌급의 윤기 나는 피부 필수템
건조함을 느낀 그 순간에.
낮 동안의 에어컨 건조 대책으로 언제든지 촉촉하게 충전!
메이크업 밀착력, 훨씬 업그레이드!
미스트인데도, 탱글탱글 젤리 같은 느낌
냉장고에 넣어 사용하면
시원~하고 차가워서 기분 좋아!","에어컨으로 낮에 피부가 마르고 당긴다고 느끼는 소비자가, 콜라겐 겔 미스트를 자리에서 바로 뿌려 냉방 건조를 리셋하는 여름 수분 솔루션으로 인식하는지 검증","26,833",740,2.76%,₩310,"₩229,210",1,0.14%,"₩229,210",28117.36277,12.27%
TRUE,BOH,GelMistx2_AirconDryness_Texture_v01_BNR_1x1_260629,GelMistx2,2026-06-29,2026-07-09,https://drive.google.com/file/d/1YFZiPCsUf7fC2CRNhG56TcLGQe9NgZ1o/view?usp=drivesdk,"실내 에어컨 바람에 피부가 건조해져, 바로 수분을 보충하고 싶을 때","BOH 콜라겐 미스트
건조함을 느낀 그 순간에.
낮 동안의 에어컨 건조 대책에 언제든지 촉촉함 충전!
미스트인데도, 탱탱한 젤리감","에어컨으로 낮에 피부가 마르고 당긴다고 느끼는 소비자가, 콜라겐 겔 미스트를 자리에서 바로 뿌려 냉방 건조를 리셋하는 여름 수분 솔루션으로 인식하는지 검증","97,320","1,021",1.05%,"₩1,093","₩1,116,300",19,1.86%,"₩58,753",485400.6416,43.48%
TRUE,BOH,NAD-Cream_Fatigue_Apply-Cream_v01_VID_9x16_260629,NAD-Cream,2026-07-09,2026-07-10,https://drive.google.com/file/d/1I96DrxiEgFoItLJ7WLSY_Zd9NCmCqKDh/view?usp=drivesdk,"야근·외출로 지친 하루 끝, 밤에 피부까지 쌓인 피로를 리셋하고 싶을 때
","메가포 한정 기프트, 메가포 약 30% 할인, 메가포 특가 3,500엔→ 2,440엔","피부 피로로 인해 칙칙하고 컨디션이 저하된 피부를 리셋하고 싶은 니즈가 소비자 반응을 유도하는지 검증
하루 동안 누적된 피부 피로를 관리하고 다음 날 피부 컨디션을 회복하고자 하는 니즈가 소비자 반응을 유도하는지 검증 
",952,32,3.36%,₩228,"₩7,284",0,0.00%,₩0,0,0.00%
TRUE,BOH,NAD-Cream_UGC-jp_ya.s_Homecare_VID_9x16_260629,NAD-Cream,2026-07-09,2026-07-10,https://drive.google.com/file/d/1KJjh8gtHaZGiahRschzX-Qel8jQmpisb/view?usp=drivesdk,"피부과 시술 예약을 잡고 나서, 시술 전 며칠간 컨디션을 미리 끌어올리고 싶을 때","집에서 간편하게! UGC로 화제인 NAD 크림으로, 당신도 이상적인 피부로.",시술에만 의존하지 않고 일상 속 피부 관리를 병행하고자 하는 니즈가 소비자 반응을 유도하는지 검증,"2,936",201,6.85%,₩137,"₩27,485",0,0.00%,₩0,0,0.00%
TRUE,BOH,NAD-Cream-2_Fatigue_Apply-Cream_v01_VID_9x16_260629,NAD-Cream-2,2026-07-09,2026-07-10,https://drive.google.com/file/d/1xRTIAUPGjicvd9JxY8AwT6xUVryFeEbn/view?usp=drivesdk,"야근·외출로 지친 하루 끝, 밤에 칙칙해진 피부를 리셋하고 싶을 때",피부 피로에 NAD 크림. 바르기만 해도 산뜻한 피부로.,"피부 피로로 인해 칙칙하고 컨디션이 저하된 피부를 리셋하고 싶은 니즈가 소비자 반응을 유도하는지 검증
하루 동안 누적된 피부 피로를 관리하고 다음 날 피부 컨디션을 회복하고자 하는 니즈가 소비자 반응을 유도하는지 검증",816,15,1.84%,₩449,"₩6,734",0,0.00%,₩0,0,0.00%
TRUE,BOH,NAD-Cream_UGC-jp_ya.s_MorningSkin_VID_9x16_260629,NAD-Cream,2026-07-09,2026-07-10,https://drive.google.com/file/d/1zrSLYsGqDf2cB49auNCNx25_Vu8MZ9EL/view?usp=drivesdk,"중요한 미팅·약속이 있는 날 아침, 화장 전에 피부 상태부터 확인할 때","아침 피부 고민, NAD 크림으로 해결! 인플루언서 추천 UGC 영상으로 당신도 꿀피부 만드세요.",다음 날 아침 피부 컨디션에 대한 기대감을 자극하는 메시지가 소비자 반응을 유도하는지 검증,"3,684",372,10.10%,₩77,"₩28,801",0,0.00%,₩0,0,0.00%
TRUE,BOH,GelMist_3Sec-Care_Model_v01_BNR_1x1_260629,GelMist,2026-06-29,2026-07-09,https://drive.google.com/file/d/1Z6naXICPwNZ6JqDAY9Vkg5qzyIEKZ73u/view?usp=drivesdk,사무실·외출 중 건조해진 피부를 자리에서 간편하게 리프레시하고 싶을 때,"사무실에서도, 외출 시에도 한 번 뿌리면 3초 보습 탱글탱글 젤리 콜라겐 미스트","집보다 외부 환경에서 발생하는 건조 상황에서 간편하게 사용할 수 있는 보습 솔루션에 대한 소비자 반응을 확인하고, 이동·업무·외출 중 사용 니즈를 검증
일본 소비자가 '겔(ゲル)' 제형 표현보다 '젤리(ジェリー)'와 같은 텍스처·사용감 중심 표현에 더 높은 관심을 보이는지 확인
'コラーゲンミスト' 키워드 반복 노출을 통해 카테고리 내 브랜드 인지도 확보 가능성을 검증
","11,072",147,1.33%,₩870,"₩127,949",0,0.00%,₩0,0,0.00%
TRUE,WM,GlazeGloss_Ppurun_Model_v01_VID_9x16_260629,GlazeGloss,2026-07-01,2026-07-07,https://drive.google.com/file/d/1i46FzQzjM7X6tJnGlCXK6R3OZ6r4AqnG/view?usp=drivesdk,"입술이 얇고 볼륨 없어 보여, 자연스럽게 도톰하고 윤기 있는 입술을 연출하고 싶을 때","GlazeGloss 푸른 모델, 새롭게 선보입니다!","실제 볼륨보다 자연스럽게 탱글하고 입체적으로 보이는 립 표현을 원하는 상황
광택을 통한 입술 볼륨 연출 메시지가 소비자 반응을 유도하는지 검증
","136,368",400,0.29%,"₩2,211","₩884,282",107,26.75%,"₩8,264",2435216.439,275.39%
TRUE,WM,SoftBlurEye_Interview_Model_v01_VID_1x1_260629,SoftBlurEye,2026-06-30,2026-07-09,https://drive.google.com/file/d/1p_I9bSNv2K1bs6mQjaLCipZi_C2isArQ/view?usp=drivesdk,"취직·면접 당일 아침, 깔끔하고 인상에 남는 눈매를 만들고 싶을 때","프로급 완성도, 인생 팔레트","좋은 인상을 주는 자연스러운 눈매를 실패 없이 연출하고 싶어하는 니즈에 공감하는 소비자가, 소프트 블러링 아이팔레트를 데일리 아이메이크업 솔루션으로 인식하는지 검증","8,922",231,2.59%,₩581,"₩134,318",7,3.03%,"₩19,188",174602.3613,129.99%
TRUE,CG,LipDuoSet_NatsuMatsuri_INF_v01_VID_1x1_260629,LipDuoSet,2026-06-30,2026-07-09,https://drive.google.com/file/d/1fJkZNPR0IJB8TYcbnAnEjkV3QdHI_LEd/view?usp=drivesdk,"여름 축제나 땀나는 날, 오래 있어도 바른 직후 윤기와 발색이 그대로 유지되길 바랄 때",여름 축제 날에도 갓 바른 듯 그대로. 땀 흘리는 날에도 광택 유지.,"여름철 땀·장시간 활동 환경에서도 립 발색과 윤기가 무너지지 않길 바라는 지속력 니즈에 공감하는 소비자가, 컬러 커버 틴트(립 베이스+포인트 립 콤보)를 장시간 うるツヤ 지속 솔루션으로 인식하는지 검증","53,913",756,1.40%,₩957,"₩723,249",24,3.17%,"₩30,135",293689.8372,40.61%
TRUE,BOH,NAD-Cream-2_UGC-jp_yako_reset_VID_1x1_260629,NAD-Cream-2,2026-06-30,2026-07-10,https://drive.google.com/file/d/1j62Z5QEwmd0cbMODI1PU57ZAeFqI_FLo/view?usp=drivesdk,"야근·외출로 지친 하루 끝, 밤에 피부까지 쌓인 피로를 리셋하고 싶을 때",하루의 피로는 밤에 리셋. NAD로 이상적인 아름다운 피부로. 피부 건조로 인한,"하루 동안 누적된 피부 피로를 밤에 리셋하고 다음 날 피부 컨디션을 회복하고자 하는 니즈에 공감하는 소비자가, NAD 스킨케어를 나이트 리셋 솔루션으로 인식하는지 검증","22,633",628,2.77%,₩649,"₩407,706",27,4.30%,"₩15,100",954514.1507,234.12%
TRUE,BOH,3D-Refill_NightWrap_Product_v01_BNR_1x1_260629,3D-Refill,2026-06-30,2026-07-09,https://drive.google.com/file/d/13fqTa_QDuf-H-QmDNlpzVGiVbSc2nJQ-/view?usp=drivesdk,"여름 철, 하루 종일 냉방·건조에도 수분이 무너지지 않게 잡아두고 싶을 때","스킨케어의 마지막은, '바르는' 것보다 '가두는' 것. 밤의 농후한 '랩' 크림. 어떤 에센스도 놓치지 않는다.","냉방 환경에서 기존 스킨케어가 쉽게 날아가 하루 종일 유지되길 바란다고 느끼는 소비자가, 3D 리필 크림을 무거운 제형으로 수분을 걸어 잠가 저녁까지 지속시킬 수 있는 올데이 밀봉 케어 솔루션으로 인식하는지 검증","35,523",368,1.04%,"₩2,150","₩791,269",48,13.04%,"₩16,485",1585619.508,200.39%
TRUE,BOH,3D-Refill_NightWrap_Product_v02_BNR_1x1_260629,3D-Refill,2026-06-30,2026-07-09,https://drive.google.com/file/d/1rKpe8NjPihmFpdIqr2DEHnnREi0PaqjM/view?usp=drivesdk,"여름 철, 하루 종일 냉방·건조에도 수분이 무너지지 않게 잡아두고 싶을 때","당신이 가진 에센스, 그대로 두면 증발해버려요! 
마지막엔 이걸! 수분도 영양도 완벽 밀봉, 놓치지 않는 랩핑 크림.","냉방 환경에서 기존 스킨케어가 쉽게 날아가 하루 종일 유지되길 바란다고 느끼는 소비자가, 3D 리필 크림을 무거운 제형으로 수분을 걸어 잠가 저녁까지 지속시킬 수 있는 올데이 밀봉 케어 솔루션으로 인식하는지 검증","65,956",917,1.39%,"₩1,241","₩1,138,078",88,9.60%,"₩12,933",2831177.196,248.77%
TRUE,BOH,3D-Refill_NightWrap_Product_v03_BNR_1x1_260629,3D-Refill,2026-06-30,2026-07-09,https://drive.google.com/file/d/1CWImRrsm6Pk88xy7gDhdM3GYy3r4wLic/view?usp=drivesdk,"여름 철, 하루 종일 냉방·건조에도 수분이 무너지지 않게 잡아두고 싶을 때","평소 케어의 마지막 단계에. 탄력까지 꽉 가두는 '밀폐 크림'. 수분, 에센스, 그리고 탱탱함. 3단계로 여름 밤 케어 완료! 피부에 착 밀폐되어 촉촉함과 탄력감을 확실히 유지!","냉방 환경에서 기존 스킨케어가 쉽게 날아가 하루 종일 유지되길 바란다고 느끼는 소비자가, 3D 리필 크림을 무거운 제형으로 수분을 걸어 잠가 저녁까지 지속시킬 수 있는 올데이 밀봉 케어 솔루션으로 인식하는지 검증","107,324","1,439",1.34%,"₩1,119","₩1,609,898",86,5.98%,"₩18,720",3192970.59,198.33%
TRUE,BOH,3D-Refill_NightWrap_Product_v04_BNR_1x1_260629,3D-Refill,2026-06-30,2026-07-09,https://drive.google.com/file/d/1kJr_KwTlWmPp2z1aO2l94ZSdEOsexVry/view?usp=drivesdk,"여름 철, 하루 종일 냉방·건조에도 수분이 무너지지 않게 잡아두고 싶을 때",스킨케어의 마지막은 '바르는' 것보다 '가두는' 것. 어떤 에센스도 놓치지 않아요. 밤의 리치한 '랩핑' 크림,"냉방 환경에서 기존 스킨케어가 쉽게 날아가 하루 종일 유지되길 바란다고 느끼는 소비자가, 3D 리필 크림을 무거운 제형으로 수분을 걸어 잠가 저녁까지 지속시킬 수 있는 올데이 밀봉 케어 솔루션으로 인식하는지 검증","326,283","4,108",1.26%,"₩1,424","₩5,849,415",330,8.03%,"₩17,725",12565657.96,214.82%
TRUE,BOH,Asachuru_Dryness_Model_v01_VID_1x1_260629,Asachuru,2026-06-30,2026-07-09,https://drive.google.com/file/d/10GTzxQ_fmoIxhvDm4HV1NppJhWFooAK5/view?usp=drivesdk,환절기 건조로 피부가 푸석해지고 탄력이 떨어졌다고 느껴질 때,"건조함으로 축 처지기 쉬운 피부에, 속부터 빛나는 듯한 탄력 있는 피부로.","계절 변화 및 건조로 인해 푸석하고 탄력이 저하된 피부를 대상으로, 수분 충전과 하리 케어를 통한 건강한 피부 인상 개선을 강조
","291,033","13,789",4.74%,₩194,"₩2,669,805",217,1.57%,"₩12,303",7499675.217,280.91%
TRUE,BOH,NAD-Cream-2_UGC-jp_radibymiyu_reset_VID_1x1_260629,NAD-Cream-2,2026-06-30,2026-07-09,https://drive.google.com/file/d/1tHMCGYpzbNNQ7m_n4q8ZIU8vF4fUxvvd/view?usp=drivesdk,"야근·외출로 지친 하루 끝, 밤에 피부까지 쌓인 피로를 리셋하고 싶을 때",하루의 피로는 밤에 리셋 NAD로 이상적인 피부를 향해,"하루 동안 누적된 피부 피로를 밤에 리셋하고 다음 날 피부 컨디션을 회복하고자 하는 니즈에 공감하는 소비자가, NAD 스킨케어를 나이트 리셋 솔루션으로 인식하는지 검증","220,025","3,793",1.72%,"₩1,511","₩5,732,150",319,8.41%,"₩17,969",9779251.915,170.60%
TRUE,BOH,GelMist_PreMakeup_B&A_v01_BNR_1x1_260629,GelMist,2026-06-30,2026-07-09,https://drive.google.com/file/d/14oMc3Shu1oMd1MtwLF1yhrsh2_r6VnIq/view?usp=drivesdk,"화장 전 피부가 건조해, 메이크업이 들뜰까 걱정될 때","베이스 전 한 번 뿌려주면 화장 밀착력 UP!
메이크업 전 피부, 왠지 모르게 건조하지 않아?
탱탱하고 촉촉한 콜라겐 미스트
메이크업 밀착력으로 이렇게 달라져!
메이크업이 착 밀착되어 화사함이 오래 지속되는 피부로","메이크업 시 들뜨거나 겉도는 피부가 신경 쓰이는 소비자가, 콜라겐 겔 미스트를 메이크업 전 수분을 채워 밀착력을 높이는 메이크업 프렙 솔루션으로 인식하는지 검증","45,563",548,1.20%,₩914,"₩500,612",5,0.91%,"₩100,122",175851.5548,35.13%
TRUE,BOH,GelMist_PreMakeup_B&A_v01_VID_1x1_260629,GelMist,2026-06-30,2026-07-09,https://drive.google.com/file/d/1ZU2a9TH7AeyC47l1mKid7a47StktreLf/view?usp=drivesdk,"화장 전 피부가 건조해, 메이크업이 들뜰까 걱정될 때","베이스 전 한 번 뿌려주면 화장 밀착력 UP! 메이크업 전 피부, 왠지 모르게 건조하지 않나요? 탱탱하고 촉촉한 콜라겐 미스트. 메이크업 밀착력으로 이렇게 달라져요! 메이크업이 잘 밀착되어 화사함이 지속되는 피부로","메이크업 시 들뜨거나 겉도는 피부가 신경 쓰이는 소비자가, 콜라겐 겔 미스트를 메이크업 전 수분을 채워 밀착력을 높이는 메이크업 프렙 솔루션으로 인식하는지 검증","9,146",103,1.13%,"₩1,693","₩174,370",7,6.80%,"₩24,910",180219.6935,103.35%
TRUE,BOH,GelMistx2_PreMakeup_Texture_v01_BNR_1x1_260629,GelMistx2,2026-06-30,2026-07-09,https://drive.google.com/file/d/1_3UZSNfg0-_SaGcGpiOPl5CfB2bV4bUb/view?usp=drivesdk,"화장 전 피부가 건조해, 메이크업이 들뜰까 걱정될 때","메이크업 전 피부, 왠지 건조하지 않나요?","메이크업 시 들뜨거나 겉도는 피부가 신경 쓰이는 소비자가, 콜라겐 겔 미스트를 메이크업 전 수분을 채워 밀착력을 높이는 메이크업 프렙 솔루션으로 인식하는지 검증","38,719",387,1.00%,"₩1,351","₩522,657",14,3.62%,"₩37,333",504896.026,96.60%
TRUE,BOH,GelMistx2_PreMakeup_Texture_v01_VID_1x1_260629,GelMistx2,2026-06-30,2026-07-09,https://drive.google.com/file/d/1TTZEdoN_jwUvyA5BlTp2sYFnBxKWrVwS/view?usp=drivesdk,"화장 전 피부가 건조해, 메이크업이 들뜰까 걱정될 때","베이스 전 한 번 뿌리면 화장 밀착력 UP! 메이크업 전 피부, 왠지 건조하지 않아? 탱탱하고 촉촉한 콜라겐 미스트 메이크업 밀착력으로 이렇게 달라져! 메이크업이 착 밀착되어 화사함이 오래가는 피부로","메이크업 시 들뜨거나 겉도는 피부가 신경 쓰이는 소비자가, 콜라겐 겔 미스트를 메이크업 전 수분을 채워 밀착력을 높이는 메이크업 프렙 솔루션으로 인식하는지 검증","91,630","1,058",1.15%,"₩2,129","₩2,252,688",63,5.95%,"₩35,757",2221258.102,98.60%
TRUE,WM,SoftBlurEye_NatsuMatsuri_Model_v03_VID_1x1_260629,SoftBlurEye,2026-07-01,2026-07-09,https://drive.google.com/file/d/1IMgv8wBovlykZFNfInt183D3i-7HL2kY/view?usp=drivesdk,"여름 축제·행사처럼 오래 있는 날, 땀에도 아이메이크업이 무너지지 않길 바랄 때","여름 축제 메이크업도 계속 예쁘게.
소프트 블러링 아이 팔레트
부드럽게 스며드는, 나만의 데일리 컬러.
땀·피지에 강해 여름에도 번지지 않음
오랜 시간 발색 유지
부드러운 질감으로 칙칙해지지 않음
땀·피지에 강해 여름 메이크업도 계속 깨끗하게.
오래 지속!","여름 이벤트에서 땀에도 아이메이크업이 무너질까 걱정하는 소비자가, 소프트 블러링 아이팔레트를 장시간 지속되는 여름 아이메이크업 솔루션으로 인식하는지 검증","55,761",847,1.52%,₩881,"₩745,866",94,11.10%,"₩7,935",2363416.033,316.87%
TRUE,WM,SoftBlurEye_NatsuMatsuri_Model_v02_VID_1x1_260629,SoftBlurEye,2026-07-01,2026-07-09,https://drive.google.com/file/d/1S_d-i0Eye_cPrpFdW5ljRL84UaZ6Vb_Z/view?usp=drivesdk,"여름 축제·행사처럼 오래 있는 날, 땀에도 아이메이크업이 무너지지 않길 바랄 때","여름 축제 메이크업도 계속 예쁘게.
소프트 블러링 아이 팔레트
부드럽게 스며드는, 나만의 데일리 컬러.
땀·피지에 강해 여름에도 번지지 않음
오랜 시간, 색상 유지
부드러운 질감으로 칙칙해지지 않음
땀·피지에 강해 여름 메이크업도 계속 예뻐요.
롱웨어!","여름 이벤트에서 땀에도 아이메이크업이 무너질까 걱정하는 소비자가, 소프트 블러링 아이팔레트를 장시간 지속되는 여름 아이메이크업 솔루션으로 인식하는지 검증","8,659",126,1.46%,"₩1,011","₩127,412",21,16.67%,"₩6,067",534478.4405,419.49%
TRUE,WM,SoftBlurEye_NatsuMatsuri_Model_v01_VID_1x1_260629,SoftBlurEye,2026-07-01,2026-07-09,https://drive.google.com/file/d/16gGl-svWs7yxcL5PlEUx3i1kiIcmChf5/view?usp=drivesdk,"여름 축제·행사처럼 오래 있는 날, 땀에도 아이메이크업이 무너지지 않길 바랄 때","여름 축제 메이크업도, 계속 예쁘게.
소프트 블러링 아이 팔레트
부드럽게 스며드는, 나만의 데일리 컬러.
땀・피지에 강해, 여름에도 번짐 없이
장시간, 색상 유지
부드러운 질감으로, 칙칙해지지 않음
땀・피지에 강해, 여름 메이크업도 계속 예쁘게.","여름 이벤트에서 땀에도 아이메이크업이 무너질까 걱정하는 소비자가, 소프트 블러링 아이팔레트를 장시간 지속되는 여름 아이메이크업 솔루션으로 인식하는지 검증","15,018",347,2.31%,₩658,"₩228,412",22,6.34%,"₩10,382",532543.8503,233.15%
TRUE,WM,SoftBlurEye_Kitty_Product_v01-ONEDAY_VID_1x1_260629,SoftBlurEye,2026-07-01,2026-07-09,https://drive.google.com/file/d/1MJ8fr7Hajqi_s8Xd-5FqjnF90cwvIZdY/view?usp=drivesdk,"새로운 분위기로 이미지 변신을 하고 싶어, 평소와 다른 인상적인 눈매를 연출하고 싶을 때",시선을 사로잡는 아이 팔레트,자유로운 색/제형(매트/글리터) 조합으로 인상적인 눈매 연출을 통해 이미지 변화를 기대하는 니즈가 소비자 반응을 유도하는지 검증,"45,078",805,1.79%,₩979,"₩788,206",109,13.54%,"₩7,231",2990951.273,379.46%
TRUE,WM,SoftBlurEye_Kitty_Product_v01-ONEDAY_BNR_1x1_260629,SoftBlurEye,2026-07-01,2026-07-09,https://drive.google.com/file/d/1OUw7MSWKywliTgkF_qVGDHpHIQxvYc3P/view?usp=drivesdk,"새로운 분위기로 이미지 변신을 하고 싶어, 평소와 다른 인상적인 눈매를 연출하고 싶을 때",시선을 사로잡는 아이 팔레트,자유로운 색/제형(매트/글리터) 조합으로 인상적인 눈매 연출을 통해 이미지 변화를 기대하는 니즈가 소비자 반응을 유도하는지 검증,"57,084",943,1.65%,₩688,"₩648,865",138,14.63%,"₩4,702",3110529.557,479.38%
TRUE,WM,SoftBlurEye_Kitty_Product_v01_BNR_1x1_260629,SoftBlurEye,2026-07-01,2026-07-09,https://drive.google.com/file/d/1A7AyKm-IwssitciaFzSrYyrE7UDgD6N4/view?usp=drivesdk,"새로운 분위기로 이미지 변신을 하고 싶어, 평소와 다른 인상적인 눈매를 연출하고 싶을 때",시선을 사로잡는 아이 팔레트,자유로운 색/제형(매트/글리터) 조합으로 인상적인 눈매 연출을 통해 이미지 변화를 기대하는 니즈가 소비자 반응을 유도하는지 검증,"17,670",270,1.53%,₩904,"₩243,977",24,8.89%,"₩10,166",601308.548,246.46%
TRUE,WM,SoftBlurEye_Event_Model_v01_VID_1x1_260629,SoftBlurEye,2026-07-01,2026-07-09,https://drive.google.com/file/d/1DiHi325YYYfrFGRHIUqXeYDLdYlwxIwt/view?usp=drivesdk,"새로운 분위기로 이미지 변신을 하고 싶어, 평소와 다른 인상적인 눈매를 연출하고 싶을 때","전문가급 화려한 마무리 신 팔레트 16가지 색상의 만능 팔레트! 글리터도, 매트도, 원하는 대로 눈매를 연출. 36% 할인 메가포 메가포 특가",자유로운 색/제형(매트/글리터) 조합으로 인상적인 눈매 연출을 통해 이미지 변화를 기대하는 니즈가 소비자 반응을 유도하는지 검증,"5,456",92,1.69%,₩961,"₩88,434",1,1.09%,"₩88,434",32004.43605,36.19%
TRUE,WM,SoftBlurEye_BusyDay_Model_v01_VID_1x1_260629,SoftBlurEye,2026-07-01,2026-07-09,https://drive.google.com/file/d/13mXIWL0yRymPLGdz0cLZIw9AR3P7bTYh/view?usp=drivesdk,"통근 전 바쁜 아침, 빠르게 자연스럽고 실패 없는 아이메이크업을 원할때","순식간에 완성되는, 전문가급 아이 팔레트
바쁜 날에도 한 번의 터치로 예쁘게
고민 없이 사용할 수 있는 16색 팔레트","시간이 부족한 아침에 실패 없이 눈매를 완성하고 싶은 소비자가, 소프트 블러링 아이팔레트를 빠르게 완성하는 데일리 솔루션으로 인식하는지 검증","17,449",242,1.39%,"₩1,115","₩269,715",21,8.68%,"₩12,844",394409.2585,146.23%
TRUE,WM,SoftBlurEye_Kitty_Product_v01_VID_1x1_260629,SoftBlurEye,2026-07-01,2026-07-09,https://drive.google.com/file/d/1hELJ4dOmGls_VcakjOas_NSkQHShR93V/view?usp=drivesdk,"새로운 분위기로 이미지 변신을 하고 싶어, 평소와 다른 인상적인 눈매를 연출하고 싶을 때","시선을 사로잡는 아이 팔레트
소프트 블러링 아이 팔레트
NO. 08,29 Qoo10 한정 판매
귀여운 각인도!
3D 리본 패키지
메가포 특가 2,511엔
36% 할인
선물",자유로운 색/제형(매트/글리터) 조합으로 인상적인 눈매 연출을 통해 이미지 변화를 기대하는 니즈가 소비자 반응을 유도하는지 검증,"5,395",80,1.48%,"₩1,265","₩101,199",11,13.75%,"₩9,200",275485.6884,272.22%
TRUE,WM,SoftBlurEye_Vacation_Model_v01_VID_1x1_260629,SoftBlurEye,2026-07-01,2026-07-09,https://drive.google.com/file/d/1fYCzdxCSL0vcQKnmnWc4WQZam0JUB-2y/view?usp=drivesdk," 1박 여행이나 출장 중에, 호텔에서도 하나만으로 눈매를 완성할 수 있는 제품을 고를 때","여름 여행 메이크업은 이거 하나로 OK
버릴 색상 없는
16색 팔레트
16가지 색상의 만능 팔레트
메가포
36% 할인
메가포 특가 3,980엔
2,511엔","여행·출장으로 짐을 줄이려는 소비자가, 소프트 블러링 아이팔레트를 하나로 다양한 눈매를 완성하는 올인원 솔루션으로 인식하는지 검증","4,267",79,1.85%,₩868,"₩68,587",9,11.39%,"₩7,621",198168.4171,288.93%
TRUE,WM,FDBrush_Kitty_Product_v01-ONEDAY_VID_1x1_260629,FdBrush,2026-07-01,2026-07-09,https://drive.google.com/file/d/1OHo9kgKGAMCFrXYy6eMIJHPzVY8xTmPC/view?usp=drivesdk,"파운데이션이 얼룩지거나 뭉쳐, 얼룩 없이 균일하게 밀착된 피부 표현을 하고 싶을 때",매일 사용! 고양이 칫솔로 하루만에 효과를 실감하세요!,"손·퍼프로는 얼룩지고 뭉치는 베이스 표현이 걱정되는 소비자가, 파운데이션 브러시를 얼룩 없이 균일하게 밀착시키는 도구 솔루션으로 인식하는지 검증","25,872",458,1.77%,"₩1,530","₩700,523",125,27.29%,"₩5,604",3388728.489,483.74%
TRUE,WM,FDBrush_Kitty_Product_v01_VID_1x1_260629,FdBrush,2026-07-01,2026-07-09,https://drive.google.com/file/d/17a7xHACA4AN8-M4SJlGn1v_PuET2qdHi/view?usp=drivesdk,"파운데이션이 얼룩지거나 뭉쳐, 얼룩 없이 균일하게 밀착된 피부 표현을 하고 싶을 때",키티 전동 칫솔로 매일 즐거운 양치! 신제품 출시!,"손·퍼프로는 얼룩지고 뭉치는 베이스 표현이 걱정되는 소비자가, 파운데이션 브러시를 얼룩 없이 균일하게 밀착시키는 도구 솔루션으로 인식하는지 검증","34,216",668,1.95%,₩646,"₩431,587",81,12.13%,"₩5,328",2403654.632,556.93%
TRUE,WM,FDBrush_Kitty_Product_v01_BNR_1x1_260629,FdBrush,2026-07-01,2026-07-09,https://drive.google.com/file/d/1gDj7BgsxxHuX8nDbpZi22dBtT0jyZz0E/view?usp=drivesdk,"파운데이션이 얼룩지거나 뭉쳐, 얼룩 없이 균일하게 밀착된 피부 표현을 하고 싶을 때","얼룩 없이 균일하게 밀착. No.1* 파운데이션 브러쉬, 드디어 등장! 헬로키티 헤이세이 갸루 에디션 약 36% 할인 메가포 얼룩 없는 균일한 피부로. 메가포 특가","손·퍼프로는 얼룩지고 뭉치는 베이스 표현이 걱정되는 소비자가, 파운데이션 브러시를 얼룩 없이 균일하게 밀착시키는 도구 솔루션으로 인식하는지 검증","45,040",749,1.66%,₩704,"₩526,998",110,14.69%,"₩4,791",2636900.279,500.36%
TRUE,WM,FDBrush_Kantan_Model_v01-ONEDAY_VID_1x1_260629,FdBrush,2026-07-01,2026-07-03,https://drive.google.com/file/d/1FpnsEdyi1FSPURgHJik0TnKyAGFMR02s/view?usp=drivesdk,쉽게 모공 없이 얇고 깔끔한 피부 표현을 완성하고 싶을 때,"들뜸 없이 얇게 밀착.
한 번의 브러시로 베이스 메이크업 완성.","쉽게 균일하고 얇게 밀착된 모공리스 피부를 표현하고 싶어하는 소비자가, 파운데이션 브러시를 베이스 도구 솔루션으로 인식하는지 검증","2,315",25,1.08%,"₩2,682","₩67,059",2,8.00%,"₩33,529",43399.23071,64.72%
TRUE,WM,LastingGlowStick_Lasting_Model_v02-ONEDAY_VID_1x1_260629,LastingGlowStick,2026-07-01,2026-07-09,https://drive.google.com/file/d/1blnw6oMZqsc4k8wsfXbHwdwd--4ixsO-/view?usp=drivesdk,"식사·카페·모임 자리에서, 먹고 마시는 동안 립 컬러가 지워질까 신경 쓰일 때","웨이크메이크 래스팅 글로우 스틱 수량 한정 특가 1,690엔 990엔 전원 증정 선물 파운데이션 21N 1.2ml 랜덤 증정 선물 (3,500엔 이상 구매 시) 미니 파우더/쿠션",립 색깔이 빠짐에 대한 부담을 줄여주는 지속력 중심 메시지가 소비자 반응을 유도하는지 검증,"14,380",314,2.18%,₩966,"₩303,178",77,24.52%,"₩3,937",1626668.716,536.54%
TRUE,WM,LastingGlowStick_Lasting_Model_v01-ONEDAY_VID_1x1_260629,LastingGlowStick,2026-07-01,2026-07-09,https://drive.google.com/file/d/1z2e_G4Yk12WS9Jzfn1avgOVspBcysOYs/view?usp=drivesdk,"식사나 음료를 마실 때, 잔·컵이나 상대에게 립 색이 묻는 게 신경 쓰일 때","키이짱×후우지 공동 개발
WAKEMAKE
라스팅 글로우 스틱
수량 한정 특가
1,690엔 990엔
전원 GIFT
파운데이션 21N 1.2ml
랜덤 GIFT
(3,500엔 이상 구매 시)
미니
파우더/쿠션","립 컬러 자체보다 식음·일상 활동 중 잔·컵에 색이 묻지 않고 깔끔하게 유지되는 지속력을 중시하는 소비자가, 색 묻어남을 최소화한 밀착 글로우 메시지에 반응하는지 검증","22,112",662,2.99%,₩512,"₩339,207",75,11.33%,"₩4,523",1666781.965,491.38%
TRUE,WM,GlazeGloss_Ppurun_Model_v01-ONEDAY_BNR_1x1_260629,GlazeGloss,2026-07-01,2026-07-09,https://drive.google.com/file/d/10YKeqeNJ_r4H36mN6iV-HVqU_YtEiHrp/view?usp=drivesdk,"입술이 얇고 볼륨 없어 보여, 자연스럽게 도톰하고 윤기 있는 입술을 연출하고 싶을 때",탱글탱글해 보이는 픽싱 글로우 유리알 같은 윤기 WAKEMAKE 글레이즈 글로스,"실제 볼륨보다 자연스럽게 탱글하고 입체적으로 보이는 립 표현을 원하는 상황
광택을 통한 입술 볼륨 연출 메시지가 소비자 반응을 유도하는지 검증
","2,765",21,0.76%,"₩2,866","₩60,180",10,47.62%,"₩6,018",328606.9827,546.04%
TRUE,WM,FDBrush_Kitty_Product_v01-ONEDAY_BNR_1x1_260629,FdBrush,2026-07-01,2026-07-08,https://drive.google.com/file/d/1l3buldt6zDngkT3m2zFQ3qe1wL6IgTWE/view?usp=drivesdk,"파운데이션이 얼룩지거나 뭉쳐, 얼룩 없이 균일하게 밀착된 피부 표현을 하고 싶을 때","들뜸 없이 균일하게 밀착
No.1* 파운데이션 브러쉬, 드디어 등장!
헬로키티 헤이세이 갸루 에디션
약 50% 할인
메가포
들뜸 없는 균일한 피부로.
메가포 특가","손·퍼프로는 얼룩지고 뭉치는 베이스 표현이 걱정되는 소비자가, 파운데이션 브러시를 얼룩 없이 균일하게 밀착시키는 도구 솔루션으로 인식하는지 검증","16,726",367,2.19%,₩813,"₩298,422",40,10.90%,"₩7,461",939772.8316,314.91%
TRUE,WM,FDBrush_Rank_Model_v01-ONEDAY_BNR_1x1_260629,FdBrush,2026-07-01,2026-07-06,https://drive.google.com/file/d/1mawd_qXFO2InWNNkOamw58UZ5DJWUF5c/view?usp=drivesdk,"파운데이션이 얼룩지거나 뭉쳐, 얼룩 없이 균일하게 밀착된 피부 표현을 하고 싶을 때","들뜸 없이, 균일하게 밀착
No.1* 파운데이션 브러쉬,
드디어 등장!
약 50% 할인
메가포
들뜸 없는 균일한 피부로.
메가포 특가","손·퍼프로는 얼룩지고 뭉치는 베이스 표현이 걱정되는 소비자가, 파운데이션 브러시를 얼룩 없이 균일하게 밀착시키는 도구 솔루션으로 인식하는지 검증","4,639",95,2.05%,"₩1,122","₩106,545",24,25.26%,"₩4,439",572018.8654,536.88%
TRUE,WM,Seamless_Kitty_B&A_v01_VID_1x1_260629,Seamless,2026-07-01,2026-07-09,https://drive.google.com/file/d/1e7YecpP3894WU8ZplopxkJwt7kUC4B3n/view?usp=drivesdk,"아침에 화장하고 나서, 무너짐 걱정 없이 밤까지 깔끔한 피부 상태가 유지되길 바랄 때","메가포 특가 2,907엔 (커버 전, 바른 직후, 8시간 후)","하루 종일 화장 무너짐 없이 밤까지 깔끔한 피부 표현을 유지하고 싶어하는 소비자가, 심리스 파운데이션을 장시간 무너짐 방지 솔루션으로 인식하는지 검증","52,583",841,1.60%,₩877,"₩737,730",137,16.29%,"₩5,385",3583847.687,485.79%
TRUE,WM,Seamless_Kitty_B&A_v01-ONEDAY_VID_1x1_260629,Seamless,2026-07-01,2026-07-07,https://drive.google.com/file/d/1zTi1d4nzLgNzuK_V-Aa1EC6H1B3XQlof/view?usp=drivesdk,"아침에 화장하고 나서, 무너짐 걱정 없이 밤까지 깔끔한 피부 상태가 유지되길 바랄 때",하루 만에 매끄러운 변화를 경험하세요.,"하루 종일 화장 무너짐 없이 밤까지 깔끔한 피부 표현을 유지하고 싶어하는 소비자가, 심리스 파운데이션을 장시간 무너짐 방지 솔루션으로 인식하는지 검증","16,114",305,1.89%,"₩1,098","₩334,903",51,16.72%,"₩6,567",1236768.418,369.29%
TRUE,WM,Seamless_Kitty_B&A_v01-ONEDAY_BNR_1x1_260629,Seamless,2026-07-01,2026-07-09,https://drive.google.com/file/d/1QF4TTH_4jOPQ1gDgGz7P_3dyFHgVTDAz/view?usp=drivesdk,"아침에 화장하고 나서, 무너짐 걱정 없이 밤까지 깔끔한 피부 상태가 유지되길 바랄 때","무너짐 걱정 없이, 밤까지 깨끗하게.","하루 종일 화장 무너짐 없이 밤까지 깔끔한 피부 표현을 유지하고 싶어하는 소비자가, 심리스 파운데이션을 장시간 무너짐 방지 솔루션으로 인식하는지 검증","28,054",318,1.13%,"₩2,164","₩688,098",106,33.33%,"₩6,491",2453337.468,356.54%
TRUE,WM,Seamless_Kitty_B&A_v01_BNR_1x1_260629,Seamless,2026-07-01,2026-07-09,https://drive.google.com/file/d/1bOogQfvHSYO2oS3cyAMtkgvJ6RwLhW44/view?usp=drivesdk,"아침에 화장하고 나서, 무너짐 걱정 없이 밤까지 깔끔한 피부 상태가 유지되길 바랄 때",무너짐 걱정 없이 밤까지 깨끗하게.,"하루 종일 화장 무너짐 없이 밤까지 깔끔한 피부 표현을 유지하고 싶어하는 소비자가, 심리스 파운데이션을 장시간 무너짐 방지 솔루션으로 인식하는지 검증","3,825",27,0.71%,"₩1,967","₩53,101",6,22.22%,"₩8,850",197242.1484,371.44%
TRUE,WM,SoftBlurEye_Event_Model_v01-ONEDAY_VID_1x1_260629,SoftBlurEye,2026-07-01,2026-07-08,https://drive.google.com/file/d/1h63IBQgNEDvOHazkdBxwjlkeNZFM9vvz/view?usp=drivesdk,"새로운 분위기로 이미지 변신을 하고 싶어, 평소와 다른 인상적인 눈매를 연출하고 싶을 때","전문가 수준의 화려한 마무리 갓 팔레트
글리터도, 매트도, 원하는 대로 눈매를 연출.
16색 만능 팔레트
메가포 특별가
43% 할인",자유로운 색/제형(매트/글리터) 조합으로 인상적인 눈매 연출을 통해 이미지 변화를 기대하는 니즈가 소비자 반응을 유도하는지 검증,"5,846",63,1.08%,"₩1,042","₩65,615",16,25.40%,"₩4,101",448271.0134,683.19%
TRUE,CG,ColorCoverTint_Shinchan_Model_v01_BNR_1x1_260629,ColorCoverTint,2026-07-01,2026-07-09,https://drive.google.com/file/d/1hDAReNyF_CGvSdesHaIW9H1XGJI8sUL7/view?usp=drivesdk,"도중에 화장을 고칠 틈 없는 날, 오래 지속되는 립을 원할 때","덧바를 수 없는 날에도, 장시간 지속되는 발색","립 색깔이 빠짐에 대한 부담을 줄여주는 지속력 중심 메시지가 소비자 반응을 유도하는지 검증 
묻어남이나 뭉침 없이 청결한 인상을 계속 유지하고 싶어하는 니즈를 검증 ","32,545",276,0.85%,"₩1,633","₩450,647",34,12.32%,"₩13,254",421313.4952,93.49%
TRUE,CG,ColorCoverTint_LongLasting_Model_v01_VID_1x1_260629,ColorCoverTint,2026-07-01,2026-07-09,https://drive.google.com/file/d/1BTFpvO8MntI04SyEvh6R2sGmIamn8uGv/view?usp=drivesdk,"도중에 화장을 고칠 틈 없는 날, 오래 지속되는 립을 원할 때",오랜 시간 무너짐 없는 선명한 발색과 완벽한 커버,"립 색깔이 빠짐에 대한 부담을 줄여주는 지속력 중심 메시지가 소비자 반응을 유도하는지 검증 
묻어남이나 뭉침 없이 청결한 인상을 계속 유지하고 싶어하는 니즈를 검증 ","6,272",81,1.29%,"₩1,323","₩107,166",7,8.64%,"₩15,309",68423.73852,63.85%
TRUE,CG,ShadingStick_Beginner_B&A_v01-ONEDAY_VID_1x1_260629,ShadingStick,2026-07-01,2026-07-09,https://drive.google.com/file/d/1wu2Bz0JzVkQET8IdMLORsC7DDK3uKHRh/view?usp=drivesdk,"쉐딩이 처음이라, 음영이 진해져 부자연스러워질까 겁날 때","초보자도 실패하지 않는다! 입체 창조 쉐이딩 스틱
정상 가격・1,350엔","""음영이 너무 진해질까 무섭다""는 초심자의 불안이 반응을 일으키는지 검증
'初心者·失敗しない' 키워드 반복 노출이 카테고리 내 브랜드 인지도 확보로 이어지는지 검증","82,524",740,0.90%,"₩2,364","₩1,749,709",82,11.08%,"₩21,338",984115.6388,56.24%
TRUE,CG,ShadingStick_Beginner_B&A_v01-ONEDAY_BNR_1x1_260629,ShadingStick,2026-07-01,2026-07-09,https://drive.google.com/file/d/1A8bUvJX-09nO4e02R3UzEGsR4vz8Sota/view?usp=drivesdk,"쉐딩이 처음이라, 음영이 진해져 부자연스러워질까 겁날 때","초보자도 실패하지 않는다! 입체 창조 쉐이딩 스틱. 너무 진해지지 않는, 자연스러운 음영","""음영이 너무 진해질까 무섭다""는 초심자의 불안이 반응을 일으키는지 검증
'初心者·失敗しない' 키워드 반복 노출이 카테고리 내 브랜드 인지도 확보로 이어지는지 검증","124,480","1,200",0.96%,"₩1,457","₩1,748,704",199,16.58%,"₩8,787",2367353.457,135.38%
TRUE,CG,ShadingStick_Beginner_B&A_v01-ONEDAY_VID_9x16_260629,ShadingStick,2026-07-01,2026-07-09,https://drive.google.com/file/d/1NOk75OR_FWrenc_XeAVV7uQmyzj_UhRN/view?usp=drivesdk,"쉐딩이 처음이라, 음영이 진해져 부자연스러워질까 겁날 때",초보자도 쉽게! 하루만에 변화하는 쉐이딩 스틱,"""음영이 너무 진해질까 무섭다""는 초심자의 불안이 반응을 일으키는지 검증
'初心者·失敗しない' 키워드 반복 노출이 카테고리 내 브랜드 인지도 확보로 이어지는지 검증","134,234",381,0.28%,"₩2,282","₩869,508",86,22.57%,"₩10,111",1054254.746,121.25%
TRUE,WM,SoftBlurEye_Vacation_Model_v01_VID_9x16_260629,SoftBlurEye,2026-07-01,2026-07-09,https://drive.google.com/file/d/1FV7fXGahxm1aKasxDCOwF5bniInimtI8/view?usp=drivesdk," 1박 여행이나 출장 중에, 호텔에서도 하나만으로 눈매를 완성할 수 있는 제품을 고를 때","여름 여행 메이크업은 이거 하나로 OK
버릴 색상 없는
16색 팔레트
16색 만능 팔레트
메가포 특가
3,980엔
2,511엔","여행·출장으로 짐을 줄이려는 소비자가, 소프트 블러링 아이팔레트를 하나로 다양한 눈매를 완성하는 올인원 솔루션으로 인식하는지 검증","24,638",711,2.89%,₩332,"₩236,383",19,2.67%,"₩12,441",530267.6827,224.33%
TRUE,WM,SoftBlurEye_Interview_Model_v01_VID_9x16_260629,SoftBlurEye,2026-07-01,2026-07-09,https://drive.google.com/file/d/1tilIHbOCzSBibWXDQWWXtzfIGq4iRzWF/view?usp=drivesdk,"취직이나 면접 당일 아침, 깔끔하고 인상에 남는 눈매를 완성하고 싶을 때","프로급 완성도, 신의 팔레트","취직·면접처럼 좋은 인상이 중요한 자리에서 깔끔하고 프로급으로 마무리된 눈매로 자신감을 얻고자 하는 니즈에 공감하는 소비자가, 소프트 블러링 아이팔레트를 인상 관리용 아이메이크업 솔루션으로 인식하는지 검증","23,069",434,1.88%,₩563,"₩244,234",26,5.99%,"₩9,394",661944.2797,271.03%
TRUE,WM,SoftBlurEye_Event_Model_v01_VID_9x16_260629,SoftBlurEye,2026-07-01,2026-07-09,https://drive.google.com/file/d/1TuIVlnRUyr-N7EzXXpEpmCZOPk8EiC0-/view?usp=drivesdk,"새로운 분위기로 이미지 변신을 하고 싶어, 평소와 다른 인상적인 눈매를 연출하고 싶을 때","전문가 수준의 화려한 마무리
갓 팔레트
글리터도, 매트도, 원하는 대로 눈매를 연출.
16색 만능 팔레트
메가포 특가",자유로운 색/제형(매트/글리터) 조합으로 인상적인 눈매 연출을 통해 이미지 변화를 기대하는 니즈가 소비자 반응을 유도하는지 검증,"58,136","1,191",2.05%,₩442,"₩526,561",49,4.11%,"₩10,746",1095190.298,207.99%
TRUE,WM,SoftBlurEye_BusyDay_Model_v01_VID_9x16_260629,SoftBlurEye,2026-07-01,2026-07-09,https://drive.google.com/file/d/1GnRVxmHxsa4P01G1E7Kg949vKJraSLly/view?usp=drivesdk,"통근 전 바쁜 아침, 빠르게 자연스럽고 실패 없는 아이메이크업을 원할때","뚝딱 완성되는, 전문가급 아이 팔레트
바쁜 날에도 한 번의 터치로 예쁘게
고민 없이 사용할 수 있는 16색 팔레트
메가포 36% 할인
메가포 특가
3,980엔 2,511엔","시간이 부족한 아침에 실패 없이 눈매를 완성하고 싶은 소비자가, 소프트 블러링 아이팔레트를 빠르게 완성하는 데일리 솔루션으로 인식하는지 검증","28,476",441,1.55%,₩553,"₩243,979",20,4.54%,"₩12,199",486373.0618,199.35%
TRUE,WM,Seamless_Kitty_B&A_v01-ONEDAY_VID_9x16_260629,Seamless,2026-07-01,2026-07-04,https://drive.google.com/file/d/1bBIZXzLgkI-zPv4E320GAPQ8YU2fxoO_/view?usp=drivesdk,"아침에 화장하고 나서, 무너짐 걱정 없이 밤까지 깔끔한 피부 상태가 유지되길 바랄 때","8시간 후 / 메가포 특가 2,584엔","하루 종일 화장 무너짐 없이 밤까지 깔끔한 피부 표현을 유지하고 싶어하는 소비자가, 심리스 파운데이션을 장시간 무너짐 방지 솔루션으로 인식하는지 검증","22,725",81,0.36%,"₩2,377","₩192,540",24,29.63%,"₩8,023",824460.6648,428.20%
TRUE,WM,Seamless_Kitty_B&A_v01_VID_9x16_260629,Seamless,2026-07-01,2026-07-09,https://drive.google.com/file/d/1v4_p7qDYiXovSHhHP7GtPn6RjCi8iRNI/view?usp=drivesdk,"아침에 화장하고 나서, 무너짐 걱정 없이 밤까지 깔끔한 피부 상태가 유지되길 바랄 때",시라이시와 함께 시작하는 본격 에스테틱급 피부 관리,"하루 종일 화장 무너짐 없이 밤까지 깔끔한 피부 표현을 유지하고 싶어하는 소비자가, 심리스 파운데이션을 장시간 무너짐 방지 솔루션으로 인식하는지 검증","110,785",404,0.36%,"₩2,165","₩874,482",89,22.03%,"₩9,826",2231491.83,255.18%
TRUE,BOH,Asachuru_Shiraishi_Esthetic_v01_VID_1x1_260629,Asachuru,2026-07-02,2026-07-09,https://drive.google.com/file/d/1v4_p7qDYiXovSHhHP7GtPn6RjCi8iRNI/view?usp=drivesdk,"피부 처짐은 신경 쓰이지만 시술은 부담스러워, 집에서 할 수 있는 리프팅 케어를 찾을 때",시라이시와 함께 시작하는 본격 에스테틱급 피부 관리,"""시술은 부담스럽지만 피부 처짐 관리는 필요하다""는 고민에 공감하는 소비자가, 아사츄루요루탄을 시술 전 단계의 홈 리프팅 솔루션으로 인식하는지 검증
일본 소비자가 '시술 대신 할 수 있는 홈케어' 같은 표현에 높은 관심을 보이는지 확인","13,697",229,1.67%,"₩1,538","₩352,225",24,10.48%,"₩14,676",798057.9109,226.58%
TRUE,BOH,Asachuru_Shiraishi_Esthetic_v01_BNR_1x1_260629,Asachuru,2026-07-02,2026-07-09,https://drive.google.com/file/d/1B8rnNBknhL7U1AHVIIu6o8tZDqKpX-Va/view?usp=drivesdk,"피부 처짐은 신경 쓰이지만 시술은 부담스러워, 집에서 할 수 있는 리프팅 케어를 찾을 때","탱탱하게 탄력 있는 피부 인상으로, 집에서 시작하는 리프팅 케어","""시술은 부담스럽지만 피부 처짐 관리는 필요하다""는 고민에 공감하는 소비자가, 아사츄루요루탄을 시술 전 단계의 홈 리프팅 솔루션으로 인식하는지 검증
일본 소비자가 '시술 대신 할 수 있는 홈케어' 같은 표현에 높은 관심을 보이는지 확인","5,096",76,1.49%,"₩1,565","₩118,967",9,11.84%,"₩13,219",224389.0693,188.61%
TRUE,BOH,3D-Refill_Shiraishi_Esthetic_v01_BNR_1x1_260629,3D-Refill,2026-07-02,2026-07-09,https://drive.google.com/file/d/1b-7KUPIsX-eafockiTJ34HnHnNLIdMYS/view?usp=drivesdk,"피부 처짐은 신경 쓰이지만 시술은 부담스러워, 집에서 할 수 있는 리프팅 케어를 찾을 때","탱탱하게 조여진 탄력 있는 피부 인상으로, 집에서 시작하는 리프팅 케어. 시라이시 마이 추천, '24시간 탄력 지속' 루틴.","""시술은 부담스럽지만 피부 처짐 관리는 필요하다""는 고민에 공감하는 소비자가, 아사츄루요루탄을 시술 전 단계의 홈 리프팅 솔루션으로 인식하는지 검증
일본 소비자가 '시술 대신 할 수 있는 홈케어' 같은 표현에 높은 관심을 보이는지 확인","14,340",150,1.05%,"₩2,309","₩346,387",17,11.33%,"₩20,376",734249.0414,211.97%
TRUE,BOH,NAD-Cream-2_Shiraishi_AgingCare_v01_VID_1x1_260629,NAD-Cream-2,2026-07-02,2026-07-09,https://drive.google.com/file/d/1ghRa0Q2GY6XMuhjKIx5d5qbM8reqtgjR/view?usp=drivesdk,예전 같지 않게 노화가 체감이 되어 안티에이징에 입문하려고 할 때,"메가포
시라이 마이
추천
약 40% 할인
메가포 특별가
6,100엔 → 3,664엔
7,000엔 이상 구매 시
NAD 프리즘셀
글로우 파워 세럼
30ML 정품 증정
(전원 증정)
리프팅
콜라겐 크림
듀얼 사셰","에이징케어 입문 단계 소비자가 일상 속에서 피부 노화를 체감한 순간을 계기로, NAD 스킨케어를 안티에이징 솔루션으로 인식하는지 검증","12,768",159,1.25%,"₩1,290","₩205,149",6,3.77%,"₩34,192",303652.4292,148.02%
TRUE,CG,ColorCoverTint_Shinchan_Model_v01_VID_9x16_260629,ColorCoverTint,2026-07-03,2026-07-09,https://drive.google.com/file/d/1XzCNdk9ha0j7V6VZnFfpYhVrcu-v9U_j/view?usp=drivesdk,"도중에 화장을 고칠 틈 없는 날, 오래 지속되는 립을 원할 때","초보자도 실패하지 않는다! 입체 창조 쉐이딩 스틱 너무 진해지지 않는, 자연스러운 음영","립 색깔이 빠짐에 대한 부담을 줄여주는 지속력 중심 메시지가 소비자 반응을 유도하는지 검증 
묻어남이나 뭉침 없이 청결한 인상을 계속 유지하고 싶어하는 니즈를 검증 ","73,991",299,0.40%,"₩1,298","₩388,087",22,7.36%,"₩17,640",246827.5488,63.60%
TRUE,BOH,3D-Refill_Shiraishi_Esthetic_v01_VID_1x1_260629,3D-Refill,2026-07-03,2026-07-09,https://drive.google.com/file/d/1jUpCUZ3cg2kGII0J6z6P1XxL2-4g7qGi/view?usp=drivesdk,"피부 처짐은 신경 쓰이지만 시술은 부담스러워, 집에서 할 수 있는 리프팅 케어를 찾을 때",집에서 시작하는 리프팅 케어,"""시술은 부담스럽지만 피부 처짐 관리는 필요하다""는 고민에 공감하는 소비자가, 아사츄루요루탄을 시술 전 단계의 홈 리프팅 솔루션으로 인식하는지 검증
일본 소비자가 '시술 대신 할 수 있는 홈케어' 같은 표현에 높은 관심을 보이는지 확인","2,591",59,2.28%,₩758,"₩44,723",4,6.78%,"₩11,181",164307.3719,367.39%
TRUE,WM,SoftBlurEye_Rank_Product_v01-ONEDAY_BNR_1x1_260629,SoftBlurEye,2026-07-04,2026-07-08,https://drive.google.com/file/d/1HFPiH1S9kVROGyIqrfVJr6hcguJRq0ya/view?usp=drivesdk,깔끔하고 인상에 남는 눈매를 만들고 싶을 때,"좋은 인상을 만드는
올리브영 1위 팔레트
약 43% 할인
(올리브영 어워즈 아이섀도우 부문 1위 (2025년, 8호))
메가포 특가
3,980엔 → 2,232엔
구매자 전원 GIFT 랜덤 1종","좋은 인상을 주는 눈매를 실패 없이 연출하고 싶어하는 니즈에 공감하는 소비자가, 소프트 블러링 아이팔레트를 데일리 아이메이크업 솔루션으로 인식하는지 검증","1,771",28,1.58%,₩690,"₩19,321",11,39.29%,"₩1,756",313042.0435,1620.20%
TRUE,WM,SoftBlurEye_Tone_Product_v01-ONEDAY_BNR_1x1_260629,SoftBlurEye,2026-07-04,2026-07-07,https://drive.google.com/file/d/1pbtOVRLBwVJZFbf88ME-KYK4-Rq7bn-1/view?usp=drivesdk,이벤트·모임에서 시선을 끄는 또렷한 눈매를 연출하고 싶을 때,"톤별로 설계된 세련된 컬러 16색
약 43% 할인
메가포 특가 2,232엔
(올리브영 어워즈 아이섀도우 부문 1위 (2025년, 8호))",내 피부 톤에 맞는 컬러로 실패 없이 세련되게 인상적인 눈매 연출을 통해 이미지 변화를 기대하는 니즈가 소비자 반응을 유도하는지 검증,"5,745",69,1.20%,₩783,"₩54,033",9,13.04%,"₩6,004",196762.7006,364.15%
TRUE,WM,SoftBlurEye_Vacation_Model_v01-ONEDAY_VID_9x16_260629,SoftBlurEye,2026-07-04,2026-07-07,https://drive.google.com/file/d/1fGTDq_iCewXIx6n-j-17hl39GhN4CCaC/view?usp=drivesdk," 1박 여행이나 출장 중에, 호텔에서도 하나만으로 눈매를 완성할 수 있는 제품을 고를 때","여름 여행 메이크업은 이거 하나로 OK
버릴 색 없이
16색 팔레트","여행·출장으로 짐을 줄이려는 소비자가, 소프트 블러링 아이팔레트를 하나로 다양한 눈매를 완성하는 올인원 솔루션으로 인식하는지 검증","3,372",87,2.58%,₩417,"₩36,322",5,5.75%,"₩7,264",121655.468,334.94%
TRUE,WM,SoftBlurEye_BusyDay_Model_v01-ONEDAY_VID_9x16_260629,SoftBlurEye,2026-07-04,2026-07-07,https://drive.google.com/file/d/1H547_-OurLMASyGbQsgbCji-_02kdpzd/view?usp=drivesdk,"통근 전 바쁜 아침, 빠르게 자연스럽고 실패 없는 아이메이크업을 원할때","순식간에 완성되는 전문가급 아이 팔레트
바쁜 날에도 한 번만 발라도 예쁘게
망설이지 않고 사용할 수 있는 16색 팔레트
메가포 43% 할인
메가포 특가
3,980엔 2,232엔","시간이 부족한 아침에 실패 없이 눈매를 완성하고 싶은 소비자가, 소프트 블러링 아이팔레트를 빠르게 완성하는 데일리 솔루션으로 인식하는지 검증","8,520",93,1.09%,₩811,"₩75,402",20,21.51%,"₩3,770",446329.4361,591.93%
TRUE,WM,SoftBlurEye_Interview_Model_v01-ONEDAY_VID_9x16_260629,SoftBlurEye,2026-07-04,2026-07-07,https://drive.google.com/file/d/1mbajCzDInMV4rbfnhNZJA-eTRq8Vduto/view?usp=drivesdk,깔끔하고 인상에 남는 눈매를 만들고 싶을 때,"프로급 완성도, 갓 팔레트","좋은 인상을 주는 눈매를 실패 없이 연출하고 싶어하는 니즈에 공감하는 소비자가, 소프트 블러링 아이팔레트를 데일리 아이메이크업 솔루션으로 인식하는지 검증","3,708",61,1.65%,₩608,"₩37,113",5,8.20%,"₩7,423",119052.1679,320.78%
TRUE,WM,SoftBlurEye_Event_Model_v01-ONEDAY_VID_9x16_260629,SoftBlurEye,2026-07-04,2026-07-07,https://drive.google.com/file/d/1z1afbgnxJkDgWwadwo25f4G-1BM_7Tr9/view?usp=drivesdk,"새로운 분위기로 이미지 변신을 하고 싶어, 평소와 다른 인상적인 눈매를 연출하고 싶을 때","전문가 수준의 화려한 마무리
갓 팔레트
펄도, 매트도, 원하는 대로 눈매를 연출.
16색 만능 팔레트
메가포 특가
3,980엔 2,232엔
43% 할인",자유로운 색/제형(매트/글리터) 조합으로 인상적인 눈매 연출을 통해 이미지 변화를 기대하는 니즈가 소비자 반응을 유도하는지 검증,"3,222",127,3.94%,₩286,"₩36,377",4,3.15%,"₩9,094",80509.8443,221.32%
TRUE,WM,SoftBlurEye_Interview_Model_v01-ONEDAY_VID_1x1_260629,SoftBlurEye,2026-07-04,2026-07-07,https://drive.google.com/file/d/1pA6YKA0DqKM909ed5dvXOnhyUZiAirrI/view?usp=drivesdk,깔끔하고 인상에 남는 눈매를 만들고 싶을 때,프로급 완성도 갓 팔레트,"좋은 인상을 주는 눈매를 실패 없이 연출하고 싶어하는 니즈에 공감하는 소비자가, 소프트 블러링 아이팔레트를 데일리 아이메이크업 솔루션으로 인식하는지 검증","2,938",39,1.33%,"₩1,063","₩41,468",7,17.95%,"₩5,924",170924.5094,412.18%
TRUE,WM,SoftBlurEye_Colorspread_Model_v01-ONEDAY_BNR_1x1_260629,SoftBlurEye,2026-07-04,2026-07-09,https://drive.google.com/file/d/17rZvRgq8cPIQkv8iXumzrfLqnU7tjM--/view?usp=drivesdk,"통근 전 바쁜 아침, 빠르게 자연스럽고 실패 없는 아이메이크업을 원할때","아침 아이섀도 선택에.
버릴 색상 없음!
모든 색상을 사용할 수 있는
아이 팔레트.","시간이 부족한 아침에 실패 없이 눈매를 완성하고 싶은 소비자가, 소프트 블러링 아이팔레트를 빠르게 완성하는 데일리 솔루션으로 인식하는지 검증","2,748",36,1.31%,₩904,"₩32,548",14,38.89%,"₩2,325",364370.0449,1119.50%
TRUE,WM,SoftBlurEye_BusyDay_Model_v01-ONEDAY_VID_1x1_260629,SoftBlurEye,2026-07-04,2026-07-08,https://drive.google.com/file/d/1ZN-SfHUiUgol7tmWXeKPFMI2sLSgQuQK/view?usp=drivesdk,"통근 전 바쁜 아침, 빠르게 자연스럽고 실패 없는 아이메이크업을 원할때","뚝딱 완성되는, 전문가급 아이 팔레트
바쁜 날에도 한 번의 터치로 예쁘게
망설임 없이 사용할 수 있는 16색 팔레트
메가포
43% 할인
메가포 특가
3,980엔 2,232엔","시간이 부족한 아침에 실패 없이 눈매를 완성하고 싶은 소비자가, 소프트 블러링 아이팔레트를 빠르게 완성하는 데일리 솔루션으로 인식하는지 검증","9,462",127,1.34%,₩954,"₩121,170",25,19.69%,"₩4,847",578128.5353,477.12%
TRUE,WM,SoftBlurEye_Vacation_Model_v01-ONEDAY_VID_1x1_260629,SoftBlurEye,2026-07-04,2026-07-07,https://drive.google.com/file/d/1RnP8wij47M_UFFmsneqrJXddYPKHPB2q/view?usp=drivesdk," 1박 여행이나 출장 중에, 호텔에서도 하나만으로 눈매를 완성할 수 있는 제품을 고를 때","여름 여행 메이크업은 이거 하나로 OK
버릴 색상 없는
16색 팔레트
16색 만능 팔레트
메가포 특가
3,980엔
2,232엔","여행·출장으로 짐을 줄이려는 소비자가, 소프트 블러링 아이팔레트를 하나로 다양한 눈매를 완성하는 올인원 솔루션으로 인식하는지 검증","1,922",29,1.51%,₩951,"₩27,585",8,27.59%,"₩3,448",235434.0792,853.48%
TRUE,BOH,ColTonerSet_Summercare_GPT_v02_BNR_1x1_260706,ColTonerSet,2026-07-06,2026-07-09,https://drive.google.com/file/d/1qiTIeaeD2t4o5ikby7ihVqrntT9aK4Ku/view?usp=drivesdk,한여름 폭염과 실내 냉방을 오가며 기온차로 피부가 계속 흔들리고 지친다고 느낄 때,피부 시차 주의. 기온 차로 인한 피부 스트레스에. 탱글한 콜라겐 루틴으로 흔들림 없는 피부로.,"폭염과 냉방을 반복해서 오가는 기온차로 인한 피부 스트레스·흔들림 고민에 공감하는 소비자가, 콜라겐 루틴(미스트·크림·세럼)을 흔들리지 않는 피부를 위한 보습·컨디셔닝 솔루션으로 인식하는지 검증","86,739","1,558",1.80%,₩829,"₩1,292,174",91,5.84%,"₩14,200",3355048.415,259.64%
TRUE,BOH,ColTonerSet_Summercare_GPT_v01_BNR_1x1_260706,ColTonerSet,2026-07-06,2026-07-09,https://drive.google.com/file/d/13vvKgoZi42PUylQakDIRCgOdXDL5Wfyi/view?usp=drivesdk,"장마가 끝나고 본격적인 여름을 앞두고, 끈적임·화장 무너짐 없이 보송윤기 피부로 대비하고 싶을 때",얼굴 장마 종료 선언,"장마 이후 여름철 피부(끈적임·모공·화장 무너짐) 고민에 공감하는 소비자가, 콜라겐 루틴(미스트·크림·세럼)을 여름 대비 보습 배리어·매끄러운 피부결 솔루션으로 인식하는지 검증","25,878",413,1.60%,₩923,"₩381,026",39,9.44%,"₩9,770",1500292.46,393.75%
TRUE,WM,GlazeGloss_Ppurun_Model_v01-ONEDAY_VID_1x1_260629,GlazeGloss,2026-07-07,2026-07-09,https://drive.google.com/file/d/1cvUvr7V5PhpBETOoF3F91U_caXPuvFW7/view?usp=drivesdk,"입술이 얇고 볼륨 없어 보여, 자연스럽게 도톰하고 윤기 있는 입술을 연출하고 싶을 때","수량 한정 특가 1,690엔 990엔, 약 41% 할인, 전원 증정 선물, 랜덤 증정 선물 (3,500엔 이상 구매 시), 미니 파우더/쿠션","실제 볼륨보다 자연스럽게 탱글하고 입체적으로 보이는 립 표현을 원하는 상황
광택을 통한 입술 볼륨 연출 메시지가 소비자 반응을 유도하는지 검증
","19,457",181,0.93%,"₩2,219","₩401,627",60,33.15%,"₩6,694",1177463.712,293.17%
TRUE,WM,GlazeGloss_Ppurun_Model_v01-ONEDAY_VID_9x16_260629,GlazeGloss,2026-07-07,2026-07-09,https://drive.google.com/file/d/155criQ48RBASjzZsV72dbBj99RmpcsTr/view?usp=drivesdk,"입술이 얇고 볼륨 없어 보여, 자연스럽게 도톰하고 윤기 있는 입술을 연출하고 싶을 때",하루 만에 모델처럼 촉촉하고 윤기나는 피부,"실제 볼륨보다 자연스럽게 탱글하고 입체적으로 보이는 립 표현을 원하는 상황
광택을 통한 입술 볼륨 연출 메시지가 소비자 반응을 유도하는지 검증
","25,232",89,0.35%,"₩1,875","₩166,865",16,17.98%,"₩10,429",391427.2365,234.58%
TRUE,CG,LipDuoSet_LongLasting_Anime_v01_VID_1x1_260709,LipDuoSet,2026-07-09,2026-07-09,https://drive.google.com/file/d/1DQ_uI-JqYdf-AM1jDP-LH50krgxdmjXP/view?usp=drivesdk,"학교 생활처럼 종일 화장 고칠 틈 없는 하루, 바른 직후의 립 컬러가 지워지지 않고 계속 유지되길 바랄 때","청춘 립은, 지워지지 않는 것이 정답.","학생 등 하루 종일 립을 다시 바르기 어려운 청춘 세대가 바른 직후 발색이 오래 유지되길 바라는 지속력 니즈에 공감하는지, 컬러 커버 틴트(립 베이스+포인트 콤보)를 청춘 데일리 지속 립 솔루션으로 인식하는지 검증","23,533",73,0.31%,₩883,"₩64,459",7,9.59%,"₩9,208",68912.4327,106.91%
TRUE,CG,LipDuoSet_LongLasting_Anime_v02_BNR_1x1_260709,LipDuoSet,2026-07-09,2026-07-09,https://drive.google.com/file/d/1dJqo1z5JrFaEJv4ouxkTuBvf4HG6ym7X/view?usp=drivesdk,"학교 생활처럼 종일 화장 고칠 틈 없는 하루, 바른 직후의 립 컬러가 지워지지 않고 계속 유지되길 바랄 때","청춘 립은, 지워지지 않는 것이 정답.","학생 등 하루 종일 립을 다시 바르기 어려운 청춘 세대가 바른 직후 발색이 오래 유지되길 바라는 지속력 니즈에 공감하는지, 컬러 커버 틴트(립 베이스+포인트 콤보)를 청춘 데일리 지속 립 솔루션으로 인식하는지 검증","3,766",39,1.04%,"₩1,408","₩54,930",6,15.38%,"₩9,155",48331.45179,87.99%
TRUE,CG,LipDuoSet_OneTouch_Hanabi_v01_BNR_1x1_260709,LipDuoSet,2026-07-09,2026-07-09,https://drive.google.com/file/d/1rSiTrJai1094WhB8UWeTiQn0B0898j-_/view?usp=drivesdk,"여름 축제나 땀나는 날, 오래 있어도 바른 직후 윤기와 발색이 그대로 유지되길 바랄 때",사진 찍을 때마다 덧바르지 마세요. 밤까지 예쁘게. 불꽃놀이보다 오래가는 지속력.,"수정화장이 어려운 상황에서 립 메이크업 전 단계를 한 번에 해결할 수 있는 세트 제안이 소비자 반응을 유도하는지 검증
립베이스와 포인트 립을 함께 구성한 올인원 립 루틴 제안이 소비자 반응을 유도하는지 검증 
","10,144",101,1.00%,"₩1,347","₩135,998",3,2.97%,"₩45,333",35448.62958,26.07%
TRUE,BOH,NAD-Cream_Shiraishi_AgingCare_v01_VID_9x16_260629,NAD-Cream,2026-07-09,2026-07-10,https://drive.google.com/file/d/1no4eubs3ommWFoUFm60lSKjnp97pVR1A/view?usp=drivesdk,예전 같지 않게 노화가 체감이 되어 안티에이징에 입문하려고 할 때,"약 30% 할인 메가포 특가 3,500엔 → 2,440엔
시라이 마이 추천","에이징케어 입문 단계 소비자가 일상 속에서 피부 노화를 체감한 순간을 계기로, NAD 스킨케어를 안티에이징 솔루션으로 인식하는지 검증","13,752",274,1.99%,₩175,"₩47,879",1,0.36%,"₩47,879",42562.47021,88.90%
TRUE,BOH,NAD-Cream-2_Shiraishi_AgingCare_v01_VID_9x16_260629,NAD-Cream-2,2026-07-09,2026-07-10,https://drive.google.com/file/d/1qPTXr9CvcHEpfRgIG4pK3poIlyZ4C-pW/view?usp=drivesdk,예전 같지 않게 노화가 체감이 되어 안티에이징에 입문하려고 할 때,"메가포
시라이 마이
추천
약 40% 할인 메가포 특가 6,100엔 → 3,664엔
7,000엔 이상 구매 시
NAD 프리즘 셀
글로우 파워 세럼
30mL 정품 증정
(전원 증정)
리프팅
콜라겐 크림
듀얼 사셰","에이징케어 입문 단계 소비자가 일상 속에서 피부 노화를 체감한 순간을 계기로, NAD 스킨케어를 안티에이징 솔루션으로 인식하는지 검증","9,711",357,3.68%,₩60,"₩21,374",0,0.00%,₩0,0,0.00%
TRUE,BOH,NAD-Cream_Shiraishi_AgingCare_v02_VID_9x16_260710,NAD-Cream,2026-07-10,2026-07-13,https://drive.google.com/file/d/1nqsYCpMOpnJoKQQik-Iyj0lSOw8gTwU2/view?usp=drivesdk,예전 같지 않게 노화가 체감이 되어 안티에이징에 입문하려고 할 때,"안티에이징 케어, 시작한다면 지금. NAD로 이상적인 아름다운 피부로. 자, 피부를 빛나게 하자.","에이징케어 입문 단계 소비자가 일상 속에서 피부 노화를 체감한 순간을 계기로, NAD 스킨케어를 안티에이징 솔루션으로 인식하는지 검증","12,145",156,1.28%,₩827,"₩129,082",4,2.56%,"₩32,270",217978.326,168.87%
TRUE,BOH,3D-Refill_Interview_Model_v02_BNR_1x1_260710,3D-Refill,2026-07-10,2026-08-10,https://drive.google.com/file/d/1LkKjGcvRdq91uJMSR0xahOJjmQscRdHE/view?usp=drivesdk,"처짐이 ""슬슬 현실""로 느껴지기 시작해, 화장품으로 밤에 집중 케어하고 싶을 때",화면 속 자신의 모습에 깜짝 놀랐다면. 밤사이 준비하는 탄력 케어.,오랜만에 거울을 보며 페이스라인 및 하안부 노화를 체감한 소비자에게 홈 리프팅 케어 메시지가 반응을 유도하는지 검증,"31,950",401,1.26%,₩865,"₩346,996",16,3.99%,"₩21,687",921895.1536,265.68%
TRUE,BOH,Asachuru_Winning_Product_v02_BNR_1x1_260710,Asachuru,2026-07-10,2026-08-10,https://drive.google.com/file/d/1_VYHbsAGG1jGk_xQDEG8UdyZyuMbUKqB/view?usp=drivesdk,거울 속 피부가 푸석하고 윤기 없어 보일 때,"놀라울 정도로 쫀득하게, 안에서부터 차오르는 탄력 피부로.","피부 컨디션 저하와 탄력 부족을 느끼는 소비자를 대상으로, 24시간 하리 케어 및 탄력 충전 메시지를 통해 촉촉하고 탄탄한 피부 인상을 강조
","30,114",405,1.34%,₩767,"₩310,631",20,4.94%,"₩15,532",810099.9873,260.79%
TRUE,BOH,Asachuru_Overnight_Model_v02_BNR_1x1_260710,Asachuru,2026-07-10,2026-08-10,https://drive.google.com/file/d/1LQV7qTZky6xuXMPsX3UMtjXoASfbwe_t/view?usp=drivesdk,"중요한 날을 앞두고, 전날 밤부터 다음 날 아침 탄력을 미리 준비해두고 싶을 때",내일의 탄력은 오늘 밤 결정된다.,"아침 탄력 피부를 위해 전날 밤부터 관리하는 루틴 니즈가 소비자 반응을 유도하는지 검증
다음 날 피부 변화를 기대하는 아침/밤 리프팅 루틴 메시지가 소비자 반응을 유도하는지 검증","10,340",150,1.45%,₩759,"₩113,921",5,3.33%,"₩22,784",217750.4329,191.14%
TRUE,BOH,Asachuru_Yurumi_Product_v02_BNR_1x1_260710,Asachuru,2026-07-10,2026-08-16,https://drive.google.com/file/d/1JQfqLCbus7Xv_3Cn_eqkhJTFC7TNo0r1/view?usp=drivesdk,"30대 중반, 문득 피부 처짐이 눈에 들어오기 시작해 탄력 케어가 필요하다고 느낄 때","신경 쓰이기 시작한 피부 처짐에, '탄력 있는' 인상으로.","피부 처짐과 탄력 저하가 신경 쓰이기 시작한 소비자를 대상으로, ‘ゆるみ’와 ‘上向き印象’ 메시지를 통해 초기 에이징 고민에 대한 선제적 탄력 케어 필요성을 강조
","174,687","2,492",1.43%,₩840,"₩2,092,971",257,10.31%,"₩8,144",10719043.02,512.14%
TRUE,CG,ColorCoverTint_Base_Product_v02_BNR_1x1_260711,ColorCoverTint,2026-07-11,2026-08-10,https://drive.google.com/file/d/1Fxz8_q1iZmfBNlM2okzcAmuPJq4ViW6P/view?usp=drivesdk,"어떤 립이든 예쁘게 올리기 위해, 거친 입술을 정돈하고 싶을 때",한 번의 터치로 립 캔버스 완성♡,"립 메이크업 전 각질 없이 입술 톤을 균일하게 정돈해 발색을 살리려는 립 베이스 니즈에 공감하는 소비자가, 컬러 커버 틴트를 어떤 립과도 어울리는 캔버스·필터 솔루션으로 인식하는지 검증","112,718","1,176",1.04%,₩835,"₩982,143",46,3.91%,"₩21,351",592326.3842,60.31%
TRUE,BOH,3D-Refill_NightWrap_Product_v02-1_BNR_1x1_260710,3D-Refill,2026-07-11,2026-08-09,https://drive.google.com/file/d/1kAMTN5m5yhYy6pOqHTylekToq7Edg8ru/view?usp=drivesdk,"여름 철, 하루 종일 냉방·건조에도 수분이 무너지지 않게 잡아두고 싶을 때","가지고 계신 에센스, 그대로 두면 증발해버려요!","냉방 환경에서 기존 스킨케어가 쉽게 날아가 하루 종일 유지되길 바란다고 느끼는 소비자가, 3D 리필 크림을 무거운 제형으로 수분을 걸어 잠가 저녁까지 지속시킬 수 있는 올데이 밀봉 케어 솔루션으로 인식하는지 검증","3,209",41,1.28%,₩901,"₩36,945",11,26.83%,"₩3,359",470462.9135,1273.42%
TRUE,BOH,NAD-Cream_UGC-jp_ya.s_MorningSkin-v02_VID_1x1_260710,NAD-Cream,2026-07-11,2026-08-10,https://drive.google.com/file/d/1lcmXqoG5Mk8-n2XS-kvocCqMB18KvpaL/view?usp=drivesdk,"중요한 미팅·약속이 있는 날 아침, 화장 전에 피부 상태부터 확인할 때",아침·밤 크림 스킨케어 루틴,다음 날 아침 피부 컨디션에 대한 기대감을 자극하는 메시지가 소비자 반응을 유도하는지 검증,"18,602",221,1.19%,₩887,"₩196,013",2,0.90%,"₩98,006",43883.9896,22.39%
TRUE,BOH,NAD-Cream_UGC-jp_ya.s_Homecare-v02_VID_1x1_260710,NAD-Cream,2026-07-11,2026-08-05,https://drive.google.com/file/d/1Td2oh266CdYuCnzsdckMtP1Qm1lBlTOq/view?usp=drivesdk,"피부과 시술 예약을 잡고 나서, 시술 전 며칠간 컨디션을 미리 끌어올리고 싶을 때",집에서 간편하게 관리하는 고효능 NAD 크림 홈케어,시술에만 의존하지 않고 일상 속 피부 관리를 병행하고자 하는 니즈가 소비자 반응을 유도하는지 검증,"140,309","1,578",1.12%,₩913,"₩1,440,750",19,1.20%,"₩75,829",1010986.88,70.17%
TRUE,WM,SoftBlurEye_Event_Model_v01_VID_1x1_260711,SoftBlurEye,2026-07-11,2026-07-28,https://drive.google.com/file/d/1WvfVlWI2pXT-Gzt10XSN86OIIinMNE_C/view?usp=drivesdk,"새로운 분위기로 이미지 변신을 하고 싶어, 평소와 다른 인상적인 눈매를 연출하고 싶을 때","프로급의 화려한 마무리, 신(God) 팔레트",자유로운 색/제형(매트/글리터) 조합으로 인상적인 눈매 연출을 통해 이미지 변화를 기대하는 니즈가 소비자 반응을 유도하는지 검증,"116,766","1,267",1.09%,₩980,"₩1,241,164",18,1.42%,"₩68,954",616233.9871,49.65%
TRUE,CG,ColorCoverTint_ColorCorrecting_Product_v02_BNR_1x1_260711,ColorCoverTint,2026-07-11,2026-08-05,https://drive.google.com/file/d/1kFD9pzM7lxumSTWeWnG5GkDMBxlELaP9/view?usp=drivesdk,"입술이 칙칙하고 얼룩져 틴트를 발라도 원하는 색이 나오지 않아, 본래 톤을 커버해 균일하게 정돈하고 안색까지 화사하게 만들고 싶을 때",톤별 맞춤 컬러 코렉팅,"칙칙하고 얼룩진 입술 톤 때문에 틴트 발색이 원하는 대로 나오지 않는다고 느끼는 소비자가, 긱누드 컬러커버틴트를 본래 톤을 커버해 원하는 색과 안색을 살려주는 톤 커버·발색 솔루션으로 인식하는지 검증","39,307",396,1.01%,₩763,"₩302,118",7,1.77%,"₩43,160",106686.5662,35.31%
TRUE,CG,ColorCoverTint_Kusumi_Product_v02_BNR_1x1_260711,ColorCoverTint,2026-07-11,2026-07-27,https://drive.google.com/file/d/1IpwTs5xvikiZgU0hYnp-JKWHyHc18vs5/view?usp=drivesdk,"입술이 칙칙하고 혈색이 없어, 내 퍼스널컬러에 맞게 자연스러운 혈색으로 보정하고 싶을 때",톤별로 골라 쓰는 칙칙함 보정 틴트,"칙칙하고 혈색 없는 본래 입술 톤 고민에 공감하는 소비자가, 컬러 커버 틴트를 퍼스널컬러에 맞춰 자연스러운 혈색을 만드는 톤 보정 솔루션으로 인식하는지 검증","49,819",452,0.91%,₩774,"₩349,667",9,1.99%,"₩38,852",93024.19636,26.60%
TRUE,CG,ColorCoverTint_OneTouch_Model_v02_BNR_1x1_260711,ColorCoverTint,2026-07-11,2026-08-09,https://drive.google.com/file/d/1G-zfp0FpeLFOzy3HBIoA94Lw480-DBPn/view?usp=drivesdk,"도중에 화장을 고칠 틈 없는 날, 오래 지속되는 립을 원할 때",수정 화장이 필요 없는 보정 틴트♡,"화장을 자주 고치기 어려운 상황에서 아침 립 발색이 밤까지 유지되길 바라는 소비자가, 컬러 커버 틴트를 지속력 중심 립 솔루션으로 인식하는지 검증","44,330",478,1.08%,₩693,"₩331,225",12,2.51%,"₩27,602",227022.1847,68.54%
TRUE,CG,ColorCoverTint_OneTouch_Model_v02_VID_1x1_260711,ColorCoverTint,2026-07-11,2026-08-09,https://drive.google.com/file/d/1L2vFavWEgkean5V0tEIvNYA0M2HAKJcr/view?usp=drivesdk,"어떤 립이든 예쁘게 올리기 위해, 거친 입술을 정돈하고 싶을 때",수정이 필요 없는 보정 틴트♡ 너무 예쁨 주의,"립 메이크업 전 각질 없이 입술 톤을 균일하게 정돈해 발색을 살리려는 립 베이스 니즈에 공감하는 소비자가, 컬러 커버 틴트를 어떤 립과도 어울리는 캔버스·필터 솔루션으로 인식하는지 검증","8,707",131,1.50%,₩677,"₩88,624",0,0.00%,₩0,0,0.00%
TRUE,CG,ColorCoverTint_Rank_Product_v02_BNR_1x1_260711,ColorCoverTint,2026-07-11,2026-08-02,https://drive.google.com/file/d/1UD5gphuax5SIj3gxtf4mk3zqDknvqbGB/view?usp=drivesdk,"도중에 화장을 고칠 틈 없는 날, 오래 지속되는 립을 원할 때","한국 1위 립 베이스 / 아침의 예쁜 발색, 밤까지 유지!","화장을 자주 고치기 어려운 상황에서 아침 립 발색이 밤까지 유지되길 바라는 소비자가, 컬러 커버 틴트를 지속력 중심 립 솔루션으로 인식하는지 검증","31,471",332,1.05%,₩645,"₩214,184",4,1.20%,"₩53,546",47104.8162,21.99%
TRUE,WM,SoftBlurEye_Interview_Model_v02_VID_1x1_260711,SoftBlurEye,2026-07-11,2026-08-09,https://drive.google.com/file/d/1QwCx_0vX6PxKcOKrJgmiMDIkL0DZQrPV/view?usp=drivesdk,깔끔하고 인상에 남는 눈매를 만들고 싶을 때,모델이 직접 전하는 자연스럽고 부드러운 눈매의 비결,"좋은 인상을 주는 눈매를 실패 없이 연출하고 싶어하는 니즈에 공감하는 소비자가, 소프트 블러링 아이팔레트를 데일리 아이메이크업 솔루션으로 인식하는지 검증","30,377",320,1.05%,₩869,"₩278,136",7,2.19%,"₩39,734",179762.287,64.63%
TRUE,WM,SoftBlurEye_Rank_Product_v02_BNR_1x1_260711,SoftBlurEye,2026-07-11,2026-08-13,https://drive.google.com/file/d/1pUw_xiip2NMZM_Gh8_YWnqHnOhe6tU9Q/view?usp=drivesdk,깔끔하고 인상에 남는 눈매를 만들고 싶을 때,좋은 인상을 만드는 올리브영 1위 팔레트,"좋은 인상을 주는 눈매를 실패 없이 연출하고 싶어하는 니즈에 공감하는 소비자가, 소프트 블러링 아이팔레트를 데일리 아이메이크업 솔루션으로 인식하는지 검증","247,648","2,802",1.13%,₩721,"₩2,019,057",112,4.00%,"₩18,027",2672750.877,132.38%
TRUE,WM,SoftBlurEye_Tone_Product_v02_BNR_1x1_260711,SoftBlurEye,2026-07-11,2026-07-30,https://drive.google.com/file/d/19kN4TaEtylv9wCDk0OJYRdFP3FlH7Xvy/view?usp=drivesdk,이벤트·모임에서 시선을 끄는 또렷한 눈매를 연출하고 싶을 때,톤별로 설계된 세련된 분위기의 16가지 컬러,내 피부 톤에 맞는 컬러로 실패 없이 세련되게 인상적인 눈매 연출을 통해 이미지 변화를 기대하는 니즈가 소비자 반응을 유도하는지 검증,"102,265",827,0.81%,₩940,"₩777,601",15,1.81%,"₩51,840",366575.2405,47.14%
TRUE,WM,SoftBlurEye_BusyDay_Model_v01_VID_1x1_260711,SoftBlurEye,2026-07-12,2026-08-01,https://drive.google.com/file/d/1KAyI3zPFXrQ8Ukqa1CQdTYH2cWqFxJEI/view?usp=drivesdk,"통근 전 바쁜 아침, 빠르게 자연스럽고 실패 없는 아이메이크업을 원할때",바쁜 일상 속에서도 하루 종일 유지되는 자연스럽고 아름다운 눈매,"시간이 부족한 아침에 실패 없이 눈매를 완성하고 싶은 소비자가, 소프트 블러링 아이팔레트를 빠르게 완성하는 데일리 솔루션으로 인식하는지 검증","35,286",384,1.09%,₩954,"₩366,374",9,2.34%,"₩40,708",206854.0974,56.46%
TRUE,WM,SoftBlurEye_Vacation_Model_v02_VID_1x1_260711,SoftBlurEye,2026-07-12,2026-08-09,https://drive.google.com/file/d/1LYi0Y4RM87rPDHi5AwQX66HnUGbBxLhu/view?usp=drivesdk," 1박 여행이나 출장 중에, 호텔에서도 하나만으로 눈매를 완성할 수 있는 제품을 고를 때",휴가지에서도 부드럽고 자연스럽게 빛나는 눈매,"여행·출장으로 짐을 줄이려는 소비자가, 소프트 블러링 아이팔레트를 하나로 다양한 눈매를 완성하는 올인원 솔루션으로 인식하는지 검증","107,237","1,191",1.11%,₩860,"₩1,024,059",27,2.27%,"₩37,928",773652.8582,75.55%
TRUE,BOH,3D-Refill_Shiraishi_Esthetic_v02_BNR_1x1_260710,3D-Refill,2026-07-10,2026-07-13,https://drive.google.com/file/d/1NxVCp8_Byu7-0Pcw76T6gwHvIBKWCKI6/view?usp=drivesdk,"피부 처짐은 신경 쓰이지만 시술은 부담스러워, 집에서 할 수 있는 리프팅 케어를 찾을 때","꽉 조여진 탄력 있는 피부 인상으로, 집에서 시작하는 리프팅 케어","""시술은 부담스럽지만 피부 처짐 관리는 필요하다""는 고민에 공감하는 소비자가, 아사츄루요루탄을 시술 전 단계의 홈 리프팅 솔루션으로 인식하는지 검증
일본 소비자가 '시술 대신 할 수 있는 홈케어' 같은 표현에 높은 관심을 보이는지 확인","6,599",85,1.29%,₩774,"₩65,766",0,0.00%,₩0,0,0.00%
TRUE,BOH,NAD-Cream-2_AgingCare_Apply-Cream_v02_BNR_1x1_260713,NAD-Cream-2,2026-07-13,2026-08-16,https://drive.google.com/file/d/1Hj_4wYJ2Eo537H77eB3-K9Agl0NriWk1/view?usp=drivesdk,예전 같지 않게 노화가 체감이 되어 안티에이징에 입문하려고 할 때,"안티에이징 케어, 시작한다면 바로 지금.","에이징케어 입문 단계 소비자가 일상 속에서 피부 노화를 체감한 순간을 계기로, NAD 스킨케어를 안티에이징 솔루션으로 인식하는지 검증","62,591",901,1.44%,₩708,"₩638,037",60,6.66%,"₩10,634",1944316.385,304.73%
TRUE,BOH,NAD-Cream-2_Fatigue_Apply-Cream_v02_VID_1x1_260713,NAD-Cream-2,2026-07-13,2026-08-10,https://drive.google.com/file/d/1wEtdGWKl6uJ8kqXFBTRwytGgb6Ezc5Sc/view?usp=drivesdk,"야근·외출로 지친 하루 끝, 밤에 칙칙해진 피부를 리셋하고 싶을 때","39% 할인 정상가 7,000엔 → 4,270엔","피부 피로로 인해 칙칙하고 컨디션이 저하된 피부를 리셋하고 싶은 니즈가 소비자 반응을 유도하는지 검증
하루 동안 누적된 피부 피로를 관리하고 다음 날 피부 컨디션을 회복하고자 하는 니즈가 소비자 반응을 유도하는지 검증","17,294",219,1.27%,₩884,"₩193,534",1,0.46%,"₩193,534",24764.7591,12.80%
TRUE,BOH,GelMist_3sec-Care_Model_v01_BNR_1x1_260713,GelMist,2026-07-13,2026-08-04,https://drive.google.com/file/d/1SIxXBCd-ObGUtYpn7UNNK91YqdLBvvOS/view?usp=drivesdk,사무실·외출 중 건조해진 피부를 자리에서 간편하게 리프레시하고 싶을 때,"사무실에서도, 외출 중에도 한 번의 분사로 3초 보습","집보다 외부 환경에서 발생하는 건조 상황에서 간편하게 사용할 수 있는 보습 솔루션에 대한 소비자 반응을 확인하고, 이동·업무·외출 중 사용 니즈를 검증
일본 소비자가 '겔(ゲル)' 제형 표현보다 '젤리(ジェリー)'와 같은 텍스처·사용감 중심 표현에 더 높은 관심을 보이는지 확인
'コラーゲンミスト' 키워드 반복 노출을 통해 카테고리 내 브랜드 인지도 확보 가능성을 검증
","50,189",627,1.25%,₩765,"₩479,463",11,1.75%,"₩43,588",620968.7459,129.51%
TRUE,BOH,GelMistx2_PreMakeup_B&A_v02_BNR_1x1_260713,GelMistx2,2026-07-13,2026-08-10,https://drive.google.com/file/d/1pcoK_tqu0jFr9jWm9j7zcNZSAnK1XfjT/view?usp=drivesdk,"화장 전 피부가 건조해, 메이크업이 들뜰까 걱정될 때","메이크업 전의 피부, 왠지 건조하지 않나요?","메이크업 시 들뜨거나 겉도는 피부가 신경 쓰이는 소비자가, 콜라겐 겔 미스트를 메이크업 전 수분을 채워 밀착력을 높이는 메이크업 프렙 솔루션으로 인식하는지 검증","5,080",43,0.85%,"₩1,234","₩53,074",2,4.65%,"₩26,537",45964.37227,86.60%
TRUE,BOH,GelMistx2_AirconDryness_Texture_v02_BNR_1x1_260713,GelMistx2,2026-07-13,2026-08-16,https://drive.google.com/file/d/1a2thKenYjf-1ssvxkei5PkO3QBLQiybZ/view?usp=drivesdk,"실내 에어컨 바람에 피부가 건조해져, 바로 수분을 보충하고 싶을 때",건조함을 느끼는 바로 그 순간에.,"에어컨으로 낮에 피부가 마르고 당긴다고 느끼는 소비자가, 콜라겐 겔 미스트를 자리에서 바로 뿌려 냉방 건조를 리셋하는 여름 수분 솔루션으로 인식하는지 검증","50,586",687,1.36%,₩779,"₩535,114",65,9.46%,"₩8,233",2067999.136,386.46%
TRUE,BOH,GelMist_PreMakeup_B&A_v02_VID_1x1_260713,GelMist,2026-07-13,2026-08-10,https://drive.google.com/file/d/1j0Ho8tHkdSDvZ200BY0-B2RG5elN-Sff/view?usp=drivesdk,"화장 전 피부가 건조해, 메이크업이 들뜰까 걱정될 때","메이크업 전 피부, 왠지 건조하지 않아? 베이스 전 한 번의 분사로 화장 밀착력 UP!","메이크업 시 들뜨거나 겉도는 피부가 신경 쓰이는 소비자가, 콜라겐 겔 미스트를 메이크업 전 수분을 채워 밀착력을 높이는 메이크업 프렙 솔루션으로 인식하는지 검증","8,942",125,1.40%,₩905,"₩113,137",4,3.20%,"₩28,284",110440.6713,97.62%
TRUE,BOH,GelMist_PreMakeup_B&A_v02_BNR_1x1_260713,GelMist,2026-07-13,2026-08-03,https://drive.google.com/file/d/1zLb-ZoCIiTCR6YO4AjwWl6jXQx6kpiIb/view?usp=drivesdk,"화장 전 피부가 건조해, 메이크업이 들뜰까 걱정될 때","메이크업 전 피부, 왠지 건조하지 않나요?","메이크업 시 들뜨거나 겉도는 피부가 신경 쓰이는 소비자가, 콜라겐 겔 미스트를 메이크업 전 수분을 채워 밀착력을 높이는 메이크업 프렙 솔루션으로 인식하는지 검증","10,010",115,1.15%,₩939,"₩108,039",0,0.00%,₩0,0,0.00%
TRUE,BOH,NAD-Cream-2_UGC-jp_ya.s_MorningSkin-v02_VID_1x1_260713,NAD-Cream-2,2026-07-13,2026-08-10,https://drive.google.com/file/d/1T2a6HoLRhjzCy-7KLdffontYVT85kyYW/view?usp=drivesdk,"중요한 미팅·약속이 있는 날 아침, 화장 전에 피부 상태부터 확인할 때",아침 피부를 바꾸는 NAD 크림의 놀라운 효과,다음 날 아침 피부 컨디션에 대한 기대감을 자극하는 메시지가 소비자 반응을 유도하는지 검증,"15,560",220,1.41%,₩824,"₩181,380",0,0.00%,₩0,0,0.00%
TRUE,BOH,GelMistx2_PreMakeup_B&A_v02_VID_1x1_260713,GelMistx2,2026-07-13,2026-08-10,https://drive.google.com/file/d/1uij1wF3FXka3-W1VoxA9XnAVVLr5Pnv-/view?usp=drivesdk,"화장 전, 피부가 건조해 메이크업이 안 먹거나 들뜰까 걱정될 때","메이크업 전 피부, 왠지 건조하지 않아? 탱글하게 수분 충전하는 콜라겐 미스트","메이크업 시 들뜨거나 겉도는 피부가 신경 쓰이는 소비자가, 콜라겐 겔 미스트를 메이크업 전 수분을 채워 밀착력을 높이는 메이크업 프렙 솔루션으로 인식하는지 검증","5,052",86,1.70%,₩741,"₩63,723",0,0.00%,₩0,0,0.00%
TRUE,BOH,3D-Refill_NightWrap_Product_v04-1_BNR_1x1_260713,3D-Refill,2026-07-13,2026-08-09,https://drive.google.com/file/d/1pMgNUWqujwwPlSfKRt5d0oUgq1tPApsJ/view?usp=drivesdk,"여름 철, 하루 종일 냉방·건조에도 수분이 무너지지 않게 잡아두고 싶을 때","스킨케어의 마무리는, '바르는 것'보다 '가두는 것'.","냉방 환경에서 기존 스킨케어가 쉽게 날아가 하루 종일 유지되길 바란다고 느끼는 소비자가, 3D 리필 크림을 무거운 제형으로 수분을 걸어 잠가 저녁까지 지속시킬 수 있는 올데이 밀봉 케어 솔루션으로 인식하는지 검증","14,957",213,1.42%,₩764,"₩162,684",8,3.76%,"₩20,335",259650.5348,159.60%
TRUE,CG,LipDuoSet_LongLasting_Anime_v02_VID_1x1_260714,LipDuoSet,2026-07-14,2026-08-08,https://drive.google.com/file/d/1PuKdETls0KwLrQL1zYjpDhIl9M_Luobl/view?usp=drivesdk,"학교 생활처럼 종일 화장 고칠 틈 없는 하루, 바른 직후의 립 컬러가 지워지지 않고 계속 유지되길 바랄 때",청춘 립은 지워지지 않는 것이 정답.,"학생 등 하루 종일 립을 다시 바르기 어려운 청춘 세대가 바른 직후 발색이 오래 유지되길 바라는 지속력 니즈에 공감하는지, 컬러 커버 틴트(립 베이스+포인트 콤보)를 청춘 데일리 지속 립 솔루션으로 인식하는지 검증","52,706",540,1.02%,₩960,"₩518,557",2,0.37%,"₩259,279",45056.5749,8.69%
TRUE,WM,LastingGlowStick_Lasting_GPT_v01_BNR_1x1_260714,LastingGlowStick,2026-07-14,2026-08-10,https://drive.google.com/file/d/1cMFwDomdbkLe_JRWod8xruGpQFaZ1CYx/view?usp=drivesdk,시간이 지나도 촉촉한 윤기와 투명한 발색이 그대로 이어지길 바랄 때,"지속되는 촉촉함, 사르르 녹아드는 광택감.","시간이 지나면 건조해지고 발색이 흐려지는 글로우 립 고민에 공감하는 소비자가, 래스팅 글로우 스틱을 촉촉함·투명 발색이 지속되는 글로우 립 솔루션으로 인식하는지 검증","51,487","1,028",2.00%,₩590,"₩606,131",76,7.39%,"₩7,975",1615711.537,266.56%
TRUE,WM,FDBrush_Kantan_Model_v02_VID_1x1_260714,FdBrush,2026-07-14,2026-08-16,https://drive.google.com/file/d/1QFFTQtGmvT1KXFWiVF0mMI_-dBfFeX_E/view?usp=drivesdk,쉽게 모공 없이 얇고 깔끔한 피부 표현을 완성하고 싶을 때,브러시 하나로 베이스 메이크업 완성.,"쉽게 균일하고 얇게 밀착된 모공리스 피부를 표현하고 싶어하는 소비자가, 파운데이션 브러시를 베이스 도구 솔루션으로 인식하는지 검증","42,404",529,1.25%,₩852,"₩450,649",75,14.18%,"₩6,009",1959502.637,434.82%
TRUE,CG,ShadingStick_Portable_GPT_v01_BNR_1x1_260714,ShadingStick,2026-07-14,2026-08-10,https://drive.google.com/file/d/1_sJ-IK5AD7qcEZQQj-eA-Mq-PzgZC8n0/view?usp=drivesdk,외출 중 파우치에서 꺼내 어디서든 입체 메이크업을 수정하고 싶을 때,파우치에 쏙! 어디서나 입체적인 수정 메이크업!,"외출 중 간편하게 입체 메이크업을 수정하고 싶은 소비자가, 쉐딩 스틱을 테크닉 없이 어디서든 쓰는 휴대 수정 솔루션으로 인식하는지 검증","98,129","1,227",1.25%,₩592,"₩726,886",39,3.18%,"₩18,638",448852.9059,61.75%
TRUE,CG,ShadingStick_Beginner_GPT_v01_BNR_1x1_260714,ShadingStick,2026-07-14,2026-08-10,https://drive.google.com/file/d/117c8n_Is6MFZS3o4zyHUxTuncb6qKz0S/view?usp=drivesdk,"쉐딩이 처음이라, 음영이 진해져 부자연스러워질까 겁날 때",쉐딩 초보자라도 실패할 걱정 없어요!,"""음영이 너무 진해질까 무섭다""는 초심자의 불안이 반응을 일으키는지 검증
'初心者·失敗しない' 키워드 반복 노출이 카테고리 내 브랜드 인지도 확보로 이어지는지 검증","61,265",472,0.77%,₩861,"₩406,432",36,7.63%,"₩11,290",387340.4235,95.30%
TRUE,CG,ShadingStick_Beginner_B&A_v02_VID_1x1_260714,ShadingStick,2026-07-14,2026-08-09,https://drive.google.com/file/d/1hstYpX9ogQsVoUZw10Scp-7RKT99-vRW/view?usp=drivesdk,"쉐딩이 처음이라, 음영이 진해져 부자연스러워질까 겁날 때",초보자도 실패 없는! 입체 창조 쉐이딩 스틱,"""음영이 너무 진해질까 무섭다""는 초심자의 불안이 반응을 일으키는지 검증
'初心者·失敗しない' 키워드 반복 노출이 카테고리 내 브랜드 인지도 확보로 이어지는지 검증","6,568",56,0.85%,"₩1,072","₩60,011",10,17.86%,"₩6,001",111772.0395,186.25%
TRUE,CG,ShadingStick_Beginner_B&A_v02_BNR_1x1_260714,ShadingStick,2026-07-14,2026-08-09,https://drive.google.com/file/d/1SBB0fAUXwlDoy1RghkKHQkQPMlj0Bg1T/view?usp=drivesdk,"쉐딩이 처음이라, 음영이 진해져 부자연스러워질까 겁날 때",초보자도 실패 없는! 입체 창조 쉐딩 스틱,"""음영이 너무 진해질까 무섭다""는 초심자의 불안이 반응을 일으키는지 검증
'初心者·失敗しない' 키워드 반복 노출이 카테고리 내 브랜드 인지도 확보로 이어지는지 검증","40,223",310,0.77%,₩776,"₩240,528",12,3.87%,"₩20,044",129385.9792,53.79%
TRUE,WM,LastingGlowStick_NoneStain_GPT_v01_BNR_1x1_260714,LastingGlowStick,2026-07-14,2026-08-11,https://drive.google.com/file/d/1u7OXN5POXAH_uLOdt11gJI-FZbIqHjHE/view?usp=sharing,"식사·카페·모임 자리에서, 먹고 마시는 동안 립 컬러가 지워질까 신경 쓰일 때",유리잔에 잘 묻어나지 않는 밀착 글로우 립,립 색깔이 빠짐에 대한 부담을 줄여주는 지속력 중심 메시지가 소비자 반응을 유도하는지 검증,"126,861","3,268",2.58%,₩402,"₩1,315,128",171,5.23%,"₩7,691",3812445.282,289.89%
TRUE,WM,LastingGlowStick_NatsuMatsuri_GPT_v01_BNR_1x1_260714,LastingGlowStick,2026-07-14,2026-08-03,https://drive.google.com/file/d/1xuTAVHQ5s488cq7EDTGOg5tvvLcP7ZeA/view?usp=sharing,"여름 축제처럼 사진을 자주 찍는 자리에서, 다시 바르지 않아도 밤까지 립 발색·윤기가 유지되길 바랄 때",사진 찍을 때마다 다시 바르지 않아도 돼요.,"축제·사진 촬영이 이어지는 자리에서 재도포 없이 발색·윤기가 밤까지 유지되길 바라는 지속력 니즈에 공감하는 소비자가, 지속력 중심 메시지에 반응하는지 검증","78,631","1,917",2.44%,₩557,"₩1,067,755",116,6.05%,"₩9,205",2505181.172,234.62%
TRUE,WM,LastingGlowStick_Lasting_Model_v02-1_VID_1x1_260714,LastingGlowStick,2026-07-14,2026-08-09,https://drive.google.com/file/d/1Yvh9Sv6UK4LwW4VXenzBiMBbfqACQc-N/view?usp=drivesdk,"식사·카페·모임 자리에서, 먹고 마시는 동안 립 컬러가 지워질까 신경 쓰일 때","지워질 걱정 없는, 윤기 있는 입술로.",립 색깔이 빠짐에 대한 부담을 줄여주는 지속력 중심 메시지가 소비자 반응을 유도하는지 검증,"29,593",732,2.47%,₩504,"₩369,052",33,4.51%,"₩11,183",972102.0237,263.41%
TRUE,WM,LastingGlowStick_Lasting_Model_v01-1_VID_1x1_260714,LastingGlowStick,2026-07-14,2026-08-09,https://drive.google.com/file/d/1RlBzxN0H6HxZ4x_MgP0Di6fty_yD3Eyh/view?usp=drivesdk,"식사나 음료를 마실 때, 잔·컵이나 상대에게 립 색이 묻는 게 신경 쓰일 때",웨이크메이크 라스팅 글로우 스틱 990엔,"립 컬러 자체보다 식음·일상 활동 중 잔·컵에 색이 묻지 않고 깔끔하게 유지되는 지속력을 중시하는 소비자가, 색 묻어남을 최소화한 밀착 글로우 메시지에 반응하는지 검증","25,371",603,2.38%,₩521,"₩313,915",33,5.47%,"₩9,513",602768.2603,192.02%
TRUE,WM,LastingGlowStick_Date_GPT_v01_BNR_1x1_260714,LastingGlowStick,2026-07-14,2026-07-16,,"식사·카페·모임 자리에서, 먹고 마시는 동안 립 컬러가 지워질까 신경 쓰일 때",,립 색깔이 빠짐에 대한 부담을 줄여주는 지속력 중심 메시지가 소비자 반응을 유도하는지 검증,"2,044",80,3.91%,₩326,"₩26,111",1,1.25%,"₩26,111",45402.05835,173.88%
TRUE,WM,Seamless_PoreCover_Product_v01_BNR_1x1_260714,Seamless,2026-07-14,2026-08-09,https://drive.google.com/file/d/17uarICjP0abWOUC1BQ-9vA91IsaB3b3r/view?usp=drivesdk,"아침에 화장하고 나서, 무너짐 걱정 없이 밤까지 깔끔한 피부 상태가 유지되길 바랄 때",#올여름 필수 모공 커버 아이템,"하루 종일 화장 무너짐 없이 밤까지 깔끔한 피부 표현을 유지하고 싶어하는 소비자가, 심리스 파운데이션을 장시간 무너짐 방지 솔루션으로 인식하는지 검증","35,042",405,1.16%,₩818,"₩331,214",32,7.90%,"₩10,350",1019511.717,307.81%
TRUE,WM,Seamless_Lasting_B&A_v02-1_BNR_1x1_260714,Seamless,2026-07-14,2026-08-09,https://drive.google.com/file/d/1kEfQG0Rv5YO4XVTRWDcojB2dmSkBTTWg/view?usp=drivesdk,"아침에 화장하고 나서, 무너짐 걱정 없이 밤까지 깔끔한 피부 상태가 유지되길 바랄 때","아침 화장 그대로 유지, 무너짐 걱정 없이 밤까지 깨끗하게.","하루 종일 화장 무너짐 없이 밤까지 깔끔한 피부 표현을 유지하고 싶어하는 소비자가, 심리스 파운데이션을 장시간 무너짐 방지 솔루션으로 인식하는지 검증","23,246",253,1.09%,₩793,"₩200,523",11,4.35%,"₩18,229",220902.6754,110.16%
TRUE,WM,Seamless_Lasting_B&A_v01-1_BNR_1x1_260714,Seamless,2026-07-14,2026-08-09,https://drive.google.com/file/d/1IexQHFvEI_ABX_IrtEApCSmu4mhp13FV/view?usp=drivesdk,"아침에 화장하고 나서, 무너짐 걱정 없이 밤까지 깔끔한 피부 상태가 유지되길 바랄 때","아침의 메이크업 완성도, 그대로 유지","하루 종일 화장 무너짐 없이 밤까지 깔끔한 피부 표현을 유지하고 싶어하는 소비자가, 심리스 파운데이션을 장시간 무너짐 방지 솔루션으로 인식하는지 검증","28,967",280,0.97%,₩931,"₩260,644",31,11.07%,"₩8,408",782260.7103,300.13%
TRUE,WM,FDBrush_Rank_Model_v02_BNR_1x1_260714,FdBrush,2026-07-14,2026-08-12,https://drive.google.com/file/d/1GYt3xN0pfz_PaPxPUglIGypSgT_ROUsc/view?usp=drivesdk,"파운데이션이 얼룩지거나 뭉쳐, 얼룩 없이 균일하게 밀착된 피부 표현을 하고 싶을 때","No.1* 파운데이션 브러쉬, 드디어 등장!","손·퍼프로는 얼룩지고 뭉치는 베이스 표현이 걱정되는 소비자가, 파운데이션 브러시를 얼룩 없이 균일하게 밀착시키는 도구 솔루션으로 인식하는지 검증","347,747","3,704",1.07%,₩843,"₩3,123,438",332,8.96%,"₩9,408",8945081.108,286.39%
TRUE,WM,FDBrush_Pro_Model_v01_BNR_1x1_260714,FdBrush,2026-07-14,2026-08-09,https://drive.google.com/file/d/1GYt3xN0pfz_PaPxPUglIGypSgT_ROUsc/view?usp=drivesdk,"파운데이션이 얼룩지거나 뭉쳐, 얼룩 없이 균일하게 밀착된 피부 표현을 하고 싶을 때","No.1* 파운데이션 브러쉬, 드디어 등장!","손·퍼프로는 얼룩지고 뭉치는 베이스 표현이 걱정되는 소비자가, 파운데이션 브러시를 얼룩 없이 균일하게 밀착시키는 도구 솔루션으로 인식하는지 검증","26,118",283,1.08%,₩877,"₩248,164",39,13.78%,"₩6,363",1129110.807,454.99%
TRUE,CG,ShadingStick_Recover_GPT_v01_BNR_1x1_260714,ShadingStick,2026-07-18,2026-08-10,https://drive.google.com/file/d/17SUxvq-K-pGZMCHHWO5WSXmPQkumdHjR/view?usp=drivesdk,"얼굴이 밋밋해 보여, 자연스럽고 세련된 입체 페이스를 원할 때","저녁의 흐릿해진 얼굴, 한 번의 터치로 입체감 부활!","밋밋한 얼굴에 자연스러운 입체감을 원하는 소비자가, 쉐딩 스틱을 과하지 않게 입체적인 얼굴을 만들어주는 솔루션으로 인식하는지 검증","82,038",822,1.00%,₩694,"₩570,583",34,4.14%,"₩16,782",387547.6186,67.92%
TRUE,BOH,3D-Refill_Reward_GPT_v01_BNR_1x1_260716,3D-Refill,2026-07-16,2026-08-09,https://drive.google.com/file/d/1d_8gVJxZvJbxRapxFrPOn8ms2nR6guCW/view?usp=drivesdk,"하루를 열심히 보낸 밤, 지친 나를 위한 보상으로 피부를 관리하며 내일을 준비하고 싶을 때","오늘 하루 고생한 내 피부에게. 밤 사이 즐기는 보상 케어로, 3D 리프팅 크림이 내일의 나를 지지해 줄 거예요.","하루 끝 나를 위한 보상으로 피부를 관리해 다음 날을 준비하려는 소비자가, 3D 리프팅 크림을 밤의 보상 케어로 인식하는지 검증","2,100",37,1.76%,₩553,"₩20,458",11,29.73%,"₩1,860",372987.251,1823.22%
TRUE,BOH,3D-Refill_Reward_GPT_v01_VID_1x1_260716,3D-Refill,2026-07-16,2026-08-10,https://drive.google.com/file/d/1AS2JA-Sr9CKIM324Fue-EnZHIDFCEiGS/view?usp=drivesdk,"하루를 열심히 보낸 밤, 지친 나를 위한 보상으로 피부를 관리하며 내일을 준비하고 싶을 때",오늘 하루 고생한 내 피부에게,"하루 끝 나를 위한 보상으로 피부를 관리해 다음 날을 준비하려는 소비자가, 3D 리프팅 크림을 밤의 보상 케어로 인식하는지 검증","3,966",55,1.39%,₩856,"₩47,062",8,14.55%,"₩5,883",271372.2139,576.63%
TRUE,BOH,3D-Refill_Reward_GPT_v02_VID_1x1_260716,3D-Refill,2026-07-16,2026-08-09,https://drive.google.com/file/d/1Zogxb7AsLyEltDaT21LcYJ0IIHp_52wA/view?usp=drivesdk,"하루를 열심히 보낸 밤, 지친 나를 위한 보상으로 피부를 관리하며 내일을 준비하고 싶을 때","오늘도 수고했어요. 자신을 돌보는 밤에, 3D 리프팅 크림과 함께 기분까지 가뿐하게.","하루 끝 나를 위한 보상으로 피부를 관리해 다음 날을 준비하려는 소비자가, 3D 리프팅 크림을 밤의 보상 케어로 인식하는지 검증","3,947",53,1.34%,₩839,"₩44,443",0,0.00%,₩0,0,0.00%
TRUE,CG,ShadingStick_Pinpoint_GPT_v01_BNR_1x1_260714,ShadingStick,2026-07-16,2026-08-08,https://drive.google.com/file/d/13gOfmYbeKdCpi5nUvGHWEFx8nTXTrIjI/view?usp=drivesdk,코·콧볼처럼 세밀한 부분에 정확히 그려 자연스러운 입체감을 만들고 싶을 때,세밀한 부분까지 그리기 쉬워요!,"코·콧볼 등 세밀한 부분에 정확히 음영을 넣고 싶은 소비자가, 쉐딩 스틱을 얇은 스틱으로 노린 곳에 그려 자연스럽게 블렌딩하는 핀포인트 솔루션으로 인식하는지 검증","123,031","1,085",0.88%,₩791,"₩857,841",53,4.88%,"₩16,186",604627.8522,70.48%
TRUE,BOH,3D-Refill_NightWrap_Product_v02-1_BNR_1x1_260729,3D-Refill,2026-07-29,2026-08-09,https://drive.google.com/file/d/1nq-oFe2QjcSK9rfSL49btzc2w0nCUENg/view?usp=drivesdk,"여름 철, 하루 종일 냉방·건조에도 수분이 무너지지 않게 잡아두고 싶을 때","스킨케어의 마무리는, '바르는 것'보다 '가두는 것'.","냉방 환경에서 기존 스킨케어가 쉽게 날아가 하루 종일 유지되길 바란다고 느끼는 소비자가, 3D 리필 크림을 무거운 제형으로 수분을 걸어 잠가 저녁까지 지속시킬 수 있는 올데이 밀봉 케어 솔루션으로 인식하는지 검증","433,937","5,939",1.37%,"₩1,249","₩7,416,898",447,7.53%,"₩16,593",14705042.6,198.26%
TRUE,BOH,3D-Refill_FaceLine_Product_v01_BNR_1x1_260729,3D-Refill,2026-07-29,2026-08-09,https://drive.google.com/file/d/1TQH9UbL3uj0uLTm3EBpq-HmH_iNXD7MY/view?usp=drivesdk,"처짐이 ""슬슬 현실""로 느껴지기 시작해, 화장품으로 밤에 집중 케어하고 싶을 때","신경 쓰이기 시작한 피부 처짐에, '리프팅' 인상으로.","처짐이 슬슬 현실로 느껴져 밤에 집중적으로 케어하고 싶다고 느끼는 소비자가, 3D 리필 크림을 유산균으로 피부 토대를 다져줄 수 있는 밤 집중 탄력 케어 솔루션으로 인식하는지 검증","23,927",261,1.09%,"₩1,595","₩416,356",23,8.81%,"₩18,102",956648.6664,229.77%
TRUE,BOH,3D-Refill_FaceLine_Model_v01_BNR_1x1_260729,3D-Refill,2026-07-29,2026-08-09,https://drive.google.com/file/d/1x8ofJVW2ZQiCFhrnZdXA6ZY7qEow8wWH/view?usp=drivesdk,"거울/화면 속 얼굴을 본 순간, 하안부 처짐·노화가 눈에 들어올 때",거울을 볼 때마다 페이스라인이 신경 쓰인다면.,"처짐이 슬슬 현실로 느껴져 밤에 집중적으로 케어하고 싶다고 느끼는 소비자가, 3D 리필 크림을 유산균으로 피부 토대를 다져줄 수 있는 밤 집중 탄력 케어 솔루션으로 인식하는지 검증","17,640",269,1.52%,"₩1,237","₩332,823",31,11.52%,"₩10,736",1353209.438,406.59%
TRUE,BOH,3D-Refill_NightWrap_Product_v04-1_BNR_1x1_260729,3D-Refill,2026-07-29,2026-08-09,https://drive.google.com/file/d/1hDyiHHCZmXA5AoAMj8v7I0VLzdKrylga/view?usp=drivesdk,"여름 철, 하루 종일 냉방·건조에도 수분이 무너지지 않게 잡아두고 싶을 때",탄력까지 가둬두는 '밀폐 크림',"냉방 환경에서 기존 스킨케어가 쉽게 날아가 하루 종일 유지되길 바란다고 느끼는 소비자가, 3D 리필 크림을 무거운 제형으로 수분을 걸어 잠가 저녁까지 지속시킬 수 있는 올데이 밀봉 케어 솔루션으로 인식하는지 검증","34,482",506,1.47%,₩962,"₩486,790",21,4.15%,"₩23,180",764720.6908,157.09%
TRUE,BOH,3D-Refill_Overnight_Model_v01_BNR_1x1_260729,3D-Refill,2026-07-29,2026-08-09,https://drive.google.com/file/d/1BKfxNao7CgkZ6rw6H-JcMvlqpMfDyHt1/view?usp=drivesdk,"저녁 무렵 피곤해 보이는 얼굴을 보고, 밤 사이 다음 날 아침의 탄력을 미리 채워두고 싶을 때",내일의 탄력은 오늘 밤 결정된다. 다음 날 아침까지 이어지는 리프팅 인상.,"밤에 발라 다음 날 아침의 탄력까지 이어가고 싶다고 느끼는 소비자가, 3D 리필 크림을 자는 동안 유지돼 24시간 끊김 없는 루틴을 완성할 수 있는 오버나이트 지속 케어 솔루션으로 인식하는지 검증","11,674",135,1.16%,"₩1,318","₩177,942",7,5.19%,"₩25,420",233538.5983,131.24%
TRUE,BOH,Asachuru_DayNight_Product_v01_BNR_1x1_260729,Asachuru,2026-07-29,2026-08-09,https://drive.google.com/file/d/1aGzw51iRu7rikUATqB4vCyfBD-yeJt9m/view?usp=drivesdk,"더운 날 무거운 크림은 부담스러워, 낮엔 가벼운 콜라겐으로 결을·밤엔 3D로 탄력을 나눠 챙기고 싶을 때","놀라울 정도로 쫀득하게, 안에서부터 차오르는 탄력 피부로.","여름 무거운 크림은 부담되지만 결과 탄력 모두 챙기고 싶다고 느끼는 소비자가, 아사츄루 세트를 낮 가벼운 콜라겐 결·밤 3D 탄력으로 나눠 쓸 수 있는 여름 시간대 분리 솔루션으로 인식하는지 검증","12,813",150,1.17%,"₩1,321","₩198,145",17,11.33%,"₩11,656",717612.8905,362.17%
TRUE,BOH,3D-Refill_Overnight_Model_v01_VID_1x1_260729,3D-Refill,2026-07-29,2026-08-09,https://drive.google.com/file/d/1B0oLqHzXgCBad-hwnafhwB7DMR89c8Uq/view?usp=drivesdk,"저녁 무렵 피곤해 보이는 얼굴을 보고, 밤 사이 다음 날 아침의 탄력을 미리 채워두고 싶을 때",내일의 탄력은 오늘 밤 결정된다,"밤에 발라 다음 날 아침의 탄력까지 이어가고 싶다고 느끼는 소비자가, 3D 리필 크림을 자는 동안 유지돼 24시간 끊김 없는 루틴을 완성할 수 있는 오버나이트 지속 케어 솔루션으로 인식하는지 검증","34,918","1,178",3.37%,₩546,"₩643,581",1,0.08%,"₩643,581",26898.91281,4.18%
TRUE,BOH,Asachuru_MakeupPrep_Model_v01_BNR_1x1_260729,Asachuru,2026-07-29,2026-08-09,https://drive.google.com/file/d/1kwEirWwRsrnZ0IZ-P5HH49g5yRkhXdSi/view?usp=drivesdk,처진 하반부는 잡아주고 건조 모공은 채워서 파데가 잘 먹는 base를 만들고 싶을 때,아침저녁 케어로 화장이 잘 먹는 피부로.,"처진 하반부는 잡고 건조 모공은 채워 메이크업이 잘 먹길 바란다고 느끼는 소비자가, 아사츄루 세트를 탄력 base와 콜라겐 결 정돈으로 화잘먹 피부 솔루션으로 인식하는지 검증","27,943",333,1.19%,"₩1,575","₩524,613",19,5.71%,"₩27,611",611977.1744,116.65%
TRUE,BOH,Asachuru_DayNight_Model_v01_BNR_1x1_260729,Asachuru,2026-07-29,2026-08-09,https://drive.google.com/file/d/1nZjyligSvK8ZcTfKpae16TBKxv06KOkA/view?usp=drivesdk,"더운 날 무거운 크림은 부담스러워, 낮엔 가벼운 콜라겐으로 결을·밤엔 3D로 탄력을 나눠 챙기고 싶을 때","아침은 가볍게, 밤은 밀도 있게. 아침저녁으로 나누어 사용하는 모공·탄력 케어","여름 무거운 크림은 부담되지만 결과 탄력 모두 챙기고 싶다고 느끼는 소비자가, 아사츄루 세트를 낮 가벼운 콜라겐 결·밤 3D 탄력으로 나눠 쓸 수 있는 여름 시간대 분리 솔루션으로 인식하는지 검증","35,760",519,1.45%,"₩1,098","₩569,972",36,6.94%,"₩15,833",1185791.358,208.04%
TRUE,WM,Seamless_LongLasting_B&A_v01_VID_9x16_260729,Seamless,2026-08-01,2026-08-05,https://drive.google.com/file/d/1x45kUqvyckCakOdH2-EgV-g4LtXoO9NI/view?usp=drivesdk,"아침에 화장하고 나서, 무너짐 걱정 없이 밤까지 깔끔한 피부 상태가 유지되길 바랄 때","화장 무너짐 걱정 없이, 밤까지 예쁘게.","하루 종일 화장 무너짐 없이 밤까지 깔끔한 피부 표현을 유지하고 싶어하는 소비자가, 심리스 파운데이션을 장시간 무너짐 방지 솔루션으로 인식하는지 검증","1,491",5,0.34%,"₩2,196","₩10,978",3,60.00%,"₩3,659",72452.10298,659.95%
TRUE,CG,ShadingStick_Beginner_Model_v01_BNR_1x1_260729,ShadingStick,2026-07-29,2026-08-09,https://drive.google.com/file/d/1mzh2bf40-EQd1YapP3cOy-04cM62TR5_/view?usp=drivesdk,"쉐딩이 처음이라, 음영이 진해져 부자연스러워질까 겁날 때",쉐이딩 초보자도 실패할 걱정 없는!,"""음영이 너무 진해질까 무섭다""는 초심자의 불안이 반응을 일으키는지 검증
'初心者·失敗しない' 키워드 반복 노출이 카테고리 내 브랜드 인지도 확보로 이어지는지 검증","26,687",277,1.04%,₩928,"₩256,932",6,2.17%,"₩42,822",69755.43419,27.15%
TRUE,CG,ShadingStick_PinPoint_Product_v01_BNR_1x1_260729,ShadingStick,2026-07-29,2026-08-09,https://drive.google.com/file/d/1qVw9M50py_vureJPRJ31vqAVoTFuJAPD/view?usp=drivesdk,코·콧볼처럼 세밀한 부분에 정확히 그려 자연스러운 입체감을 만들고 싶을 때,세밀한 부분까지 그리기 쉽다!,"코·콧볼 등 세밀한 부분에 정확히 음영을 넣고 싶은 소비자가, 쉐딩 스틱을 얇은 스틱으로 노린 곳에 그려 자연스럽게 블렌딩하는 핀포인트 솔루션으로 인식하는지 검증","17,456",187,1.07%,₩952,"₩177,976",8,4.28%,"₩22,247",104635.7111,58.79%
TRUE,CG,ShadingStick_Recover_Product_v01_BNR_1x1_260729,ShadingStick,2026-07-29,2026-08-09,https://drive.google.com/file/d/1jU3yY-V3yq0dXdzWffxrTJInRBJKUcbo/view?usp=drivesdk,저녁이 되면 음영이 날아가 얼굴이 흐릿하고 피곤해 보여서 수정하고 싶을 때,"저녁의 흐릿해진 얼굴, 한 번의 터치로 입체감 부활!","저녁에 음영이 날아가 피곤해 보이는 소비자가, 쉐딩 스틱을 한 번에 덧그려 입체감을 되살리는 수정화장 솔루션으로 인식하는지 검증","16,997",212,1.25%,₩840,"₩177,989",7,3.30%,"₩25,427",132745.7713,74.58%
TRUE,CG,T-DeepGlaze_NatsuMatsuri_Product_v01_BNR_1x1_260729,T-DeepGlaze,2026-07-29,2026-08-06,https://drive.google.com/file/d/1ud7tQaI5u381EAgvyDlGd_CcBVdqtUFW/view?usp=drivesdk,"여름 축제·불꽃놀이처럼 사진 자주 찍고 오래 있는 날, 다시 안 발라도 유리알 광택·발색이 유지되길 바랄 때","불꽃놀이보다 시선을 사로잡는, 탱글탱글한 립.","여름 축제·불꽃놀이에서 재도포 없이 유리알 광택과 발색이 유지되길 바라는 소비자가, 탕후루 딥글레이즈를 땀·시간에도 지속되는 여름 광택 솔루션으로 인식하는지 검증","16,272",262,1.61%,₩568,"₩148,752",3,1.15%,"₩49,584",58156.14815,39.10%
TRUE,CG,T-DeepGlaze_NoneStain_Product_v01_BNR_1x1_260729,T-DeepGlaze,2026-07-29,2026-08-09,https://drive.google.com/file/d/1xYICyXKVgUKkZm94hELcfcJG_Hae8ZXl/view?usp=drivesdk,"유리알 광택 립은 좋은데, 먹고 마시는 동안 묻거나 금방 사라질까 걱정될 때",컵에 잘 묻어나지 않는 탱글광 밀착 립,"유리알 광택을 원하지만 묻어남·지속이 걱정되는 소비자가, 탕후루 딥글레이즈를 먹고 마셔도 유지되는 지속 광택 솔루션으로 인식하는지 검증","77,703",856,1.10%,₩881,"₩753,736",33,3.86%,"₩22,840",391719.7581,51.97%
TRUE,CG,T-DeepGlaze_Volume_Model_v01_BNR_1x1_260729,T-DeepGlaze,2026-07-29,2026-08-09,https://drive.google.com/file/d/1lQC39Jr5fo45TzMdVB8Hisjko-9Gwhsl/view?usp=drivesdk,"입술이 얇고 볼륨 없어 보여, 유리알 광택으로 도톰하고 탱글하게 연출하고 싶을 때",유리알 광택으로 탱글하게 살아나는 입술.,"얇은 입술을 유리알 광택으로 도톰하게 연출하고 싶은 소비자가, 탕후루 딥글레이즈를 광택·볼륨을 주는 글로시 틴트 솔루션으로 인식하는지 검증","53,087",602,1.13%,₩879,"₩529,197",22,3.65%,"₩24,054",306765.6781,57.97%
TRUE,CG,ShadingStick_Beginner_B&A_v01_BNR_1x1_260729,ShadingStick,2026-07-29,2026-08-09,https://drive.google.com/file/d/12NxFTsBYzIDvASjydM6PGQzqsEHA146d/view?usp=drivesdk,"쉐딩이 처음이라, 음영이 진해져 부자연스러워질까 겁날 때",초보자도 실패하지 않는! 입체 창조 쉐딩 스틱,"""음영이 너무 진해질까 무섭다""는 초심자의 불안이 반응을 일으키는지 검증
'初心者·失敗しない' 키워드 반복 노출이 카테고리 내 브랜드 인지도 확보로 이어지는지 검증","57,560",760,1.32%,₩654,"₩497,397",9,1.18%,"₩55,266",110095.2129,22.13%
TRUE,CG,ColorCoverTint_ColorCorrecting_Product_v01_BNR_1x1_260729,ColorCoverTint,2026-07-29,2026-08-08,https://drive.google.com/file/d/1LRc_48ULt9JKccpD6e7n-b-XRVndXcLg/view?usp=drivesdk,"입술이 칙칙하고 얼룩져 틴트를 발라도 원하는 색이 나오지 않아, 본래 톤을 커버해 균일하게 정돈하고 안색까지 화사하게 만들고 싶을 때","본래의 입술 색을 커버하여, 이상적인 점막 컬러로♥","칙칙하고 얼룩진 입술 톤 때문에 틴트 발색이 원하는 대로 나오지 않는다고 느끼는 소비자가, 긱누드 컬러커버틴트를 본래 톤을 커버해 원하는 색과 안색을 살려주는 톤 커버·발색 솔루션으로 인식하는지 검증","64,263",685,1.07%,₩804,"₩550,970",29,4.23%,"₩18,999",318450.8091,57.80%
TRUE,CG,ColorCoverTint_LongLasting_Model_v01_BNR_1x1_260729,ColorCoverTint,2026-07-29,2026-08-09,https://drive.google.com/file/d/1kqO-Cp2fg8WE8bOSl6hnrmLtyuoNuZgQ/view?usp=drivesdk,"도중에 화장을 고칠 틈 없는 날, 오래 지속되는 립을 원할 때",덧바를 수 없는 날에도 장시간 지속되는 발색,"화장을 자주 고치기 어려운 상황에서 아침 립 발색이 밤까지 유지되길 바라는 소비자가, 컬러 커버 틴트를 지속력 중심 립 솔루션으로 인식하는지 검증
립 색깔이 빠짐에 대한 부담을 줄여주는 지속력 중심 메시지가 소비자 반응을 유도하는지 검증 ","121,816","1,430",1.17%,₩956,"₩1,366,561",33,2.31%,"₩41,411",375035.5192,27.44%
TRUE,CG,ColorCoverTint_LongLasting_Product_v01_BNR_1x1_260729,ColorCoverTint,2026-07-29,2026-08-09,https://drive.google.com/file/d/1BJCvDW-Vnpy1YmLteyfKr0S9VZijoxB2/view?usp=drivesdk,"도중에 화장을 고칠 틈 없는 날, 오래 지속되는 립을 원할 때",오랫동안 지속되는 부드러운 매트 립,"화장을 자주 고치기 어려운 상황에서 아침 립 발색이 밤까지 유지되길 바라는 소비자가, 컬러 커버 틴트를 지속력 중심 립 솔루션으로 인식하는지 검증
립 색깔이 빠짐에 대한 부담을 줄여주는 지속력 중심 메시지가 소비자 반응을 유도하는지 검증 ","90,012","1,085",1.21%,₩815,"₩883,795",13,1.20%,"₩67,984",199579.7416,22.58%
TRUE,BOH,NAD-EyeCreamx2_AirconDryness_Product_v01_BNR_1x1_260729,NAD-EyeCreamx2,2026-07-29,2026-08-09,https://drive.google.com/file/d/1FMf5xxhxYK20H7l-SGu7nDerOOqJ95s4/view?usp=drivesdk,"에어컨 등으로 아침/낮 눈가 건조를 느껴 
'보습 추가'가 필요하다고 판단, 우선 눈가에 맞는 아이템을 시도하려 함.","에어컨으로 건조해지기 쉬운 눈가에, NAD로 건조한 눈가에 수분과 탄력을.","에어컨 환경에서도 쉽게 건조해지는 눈가에 고보습 케어가 필요하다고 느끼는 소비자가, NAD 아이크림을 짧은 기간 내 보습감과 광채를 체감할 수 있는 데일리 눈가 케어 솔루션으로 인식하는지 검증","15,240",204,1.34%,"₩1,162","₩237,021",26,12.75%,"₩9,116",810540.4561,341.97%
TRUE,BOH,Asachuru_DayNight_Product_v01_BNR_9x16_260729,Asachuru,2026-08-01,2026-08-09,https://drive.google.com/file/d/1Hh-5tmnubtyfkTov0BNf6zXXUBHoj_2a/view?usp=drivesdk,"더운 날 무거운 크림은 부담스러워, 낮엔 가벼운 콜라겐으로 결을·밤엔 3D로 탄력을 나눠 챙기고 싶을 때","놀라울 정도로 쫀득하게, 안에서부터 차오르는 탄력 피부로.","여름 무거운 크림은 부담되지만 결과 탄력 모두 챙기고 싶다고 느끼는 소비자가, 아사츄루 세트를 낮 가벼운 콜라겐 결·밤 3D 탄력으로 나눠 쓸 수 있는 여름 시간대 분리 솔루션으로 인식하는지 검증","67,939",791,1.16%,"₩1,700","₩1,344,318",91,11.50%,"₩14,773",3011750.261,224.04%
TRUE,BOH,3D-Refill_Overnight_Model_v01_VID_9x16_260729,3D-Refill,2026-08-01,2026-08-09,https://drive.google.com/file/d/1eyle38zhdWHjis2qIy55xx_z20FPGXmh/view?usp=drivesdk,"저녁 무렵 피곤해 보이는 얼굴을 보고, 밤 사이 다음 날 아침의 탄력을 미리 채워두고 싶을 때",자기 전 한 번 바르기. 여름 리프팅 습관. 내일의 탄력은 오늘 밤 결정된다.,"밤에 발라 다음 날 아침의 탄력까지 이어가고 싶다고 느끼는 소비자가, 3D 리필 크림을 자는 동안 유지돼 24시간 끊김 없는 루틴을 완성할 수 있는 오버나이트 지속 케어 솔루션으로 인식하는지 검증","90,664","5,309",5.86%,₩237,"₩1,258,106",71,1.34%,"₩17,720",2173145.672,172.73%
TRUE,BOH,GelMist_MakeupPrep_Model_v02_VID_9x16_260729,GelMist,2026-08-01,2026-08-03,https://drive.google.com/file/d/1AbU3tNmN_FADgdaZX-QMOyA9_GYmQKhb/view?usp=drivesdk,"화장 전, 피부가 건조해 메이크업이 안 먹거나 들뜰까 걱정될 때","메이크업 전 피부, 왠지 건조하지 않나요? 탱글하게 촉촉해지는 콜라겐 미스트","메이크업 시 들뜨거나 겉도는 피부가 신경 쓰이는 소비자가, 콜라겐 겔 미스트를 메이크업 전 수분을 채워 밀착력을 높이는 메이크업 프렙 솔루션으로 인식하는지 검증","43,769",119,0.27%,"₩2,775","₩330,270",6,5.04%,"₩55,045",255924.6287,77.49%
TRUE,BOH,GelMistx2_AirconDryness_Model_v01_VID_9x16_260729,GelMistx2,2026-08-01,2026-08-03,https://drive.google.com/file/d/1XCqIsV_EMw__B8WVeeMO5vw-E7b0_Msh/view?usp=drivesdk,"실내 에어컨 바람에 피부가 건조해져, 바로 수분을 보충하고 싶을 때",여름에도 에어컨 때문에 피부가 당기지 않나요? 탱글하게 수분을 채워주는 콜라겐 미스트,"에어컨으로 낮에 피부가 마르고 당긴다고 느끼는 소비자가, 콜라겐 겔 미스트를 자리에서 바로 뿌려 냉방 건조를 리셋하는 여름 수분 솔루션으로 인식하는지 검증","38,284",89,0.23%,"₩2,702","₩240,499",1,1.12%,"₩240,499",20318.77866,8.45%
TRUE,BOH,GelMistx2_MakeupPrep_Model_v02_VID_9x16_260729,GelMistx2,2026-08-01,2026-08-03,https://drive.google.com/file/d/1mTDbVk4u45Tp9xhnQvvXj9Njer1ob3Gg/view?usp=drivesdk,"오후에 화장이 들뜨고 갈라져, 전부 다시 바를 정도는 아니고 수정 전 수분부터 채우고 싶을 때","메이크업 전 피부, 왠지 건조하지 않나요? 탱글하게 수분 충전해주는 콜라겐 미스트","오후에 화장이 들뜨고 갈라져, 전부 다시 바를 정도는 아니고 수정 전 수분부터 채우고 싶을 때","41,904",90,0.21%,"₩2,791","₩251,231",3,3.33%,"₩83,744",154298.9725,61.42%
TRUE,BOH,NAD-EyeCreamx2_SlowAging_Model_v02_BNR_1x1_260729,NAD-EyeCreamx2,2026-07-29,2026-08-09,https://drive.google.com/file/d/1bcYGWhtMbtjOM1E3pvyTI0qkje8WFqzS/view?usp=drivesdk,"20대 후반, 잔주름이 눈에 보이기 시작해 '예방 차원에서 일찍 시작'하려 함. 
보습 케어부터 전향적으로 도입하고자 함.",이른 눈가 관리가 미래의 차이를 만든다.,"잔주름이 눈에 띄기 전부터 미리 관리하고자 하는 소비자가, NAD 아이크림을 매일 부담 없이 사용할 수 있는 입문형 눈가 안티에이징 솔루션으로 인식하는지 검증","10,131",122,1.20%,"₩1,354","₩165,182",23,18.85%,"₩7,182",791519.7611,479.18%
TRUE,BOH,NAD-EyeCreamx2_Vitality_Product_v01_BNR_1x1_260729,NAD-EyeCreamx2,2026-07-29,2026-08-09,https://drive.google.com/file/d/1AB1LjdHnbWu0a-tmwNMtvCvgRYKAHpFf/view?usp=drivesdk,"수면부족, 피로 누적 다음 날 거울 속 '칙칙함과 다크서클'을 발견하고 다급해짐. 
바로 눈가 인상을 개선하고자 함.",신경 쓰이는 눈가의 다크서클·칙칙함·잔주름을 한 번에 집중 케어.,"피로로 인해 눈밑이 칙칙해 보이거나 다크서클이 신경 쓰이는 소비자가, NAD 아이크림을 자극 부담 없이 당일 눈가 컨디션과 광채를 관리할 수 있는 솔루션으로 인식하는지 검증","13,650",305,2.23%,₩648,"₩197,679",6,1.97%,"₩32,946",218656.4589,110.61%
TRUE,BOH,NAD-EyeCreamx2_Vitality_Product_v02_BNR_1x1_260729,NAD-EyeCreamx2,2026-07-29,2026-08-09,https://drive.google.com/file/d/1fn5rjeeWWQhP3AAmGlQp7_hAuikiV0vf/view?usp=drivesdk,"수면부족, 피로 누적 다음 날 거울 속 '칙칙함과 다크서클'을 발견하고 다급해짐. 
바로 눈가 인상을 개선하고자 함.",신발매 이것 하나로 눈가 잔주름 x 팔자 주름 한 번에 집중 케어.,"피로로 인해 눈밑이 칙칙해 보이거나 다크서클이 신경 쓰이는 소비자가, NAD 아이크림을 자극 부담 없이 당일 눈가 컨디션과 광채를 관리할 수 있는 솔루션으로 인식하는지 검증","421,267","6,019",1.43%,"₩1,297","₩7,809,341",454,7.54%,"₩17,201",13850903.72,177.36%
TRUE,BOH,GelMist_AirconDryness_Model_v01_VID_1x1_260729,GelMist,2026-07-29,2026-08-03,https://drive.google.com/file/d/1q2dC0t_sa0NVeZJLkGwEWt3ojMizK8V7/view?usp=drivesdk,"실내 에어컨 바람에 피부가 건조해져, 바로 수분을 보충하고 싶을 때",여름에도 에어컨 때문에 피부 당기지 않나요? 탱글하게 수분 충전되는 콜라겐 미스트,"에어컨으로 낮에 피부가 마르고 당긴다고 느끼는 소비자가, 콜라겐 겔 미스트를 자리에서 바로 뿌려 냉방 건조를 리셋하는 여름 수분 솔루션으로 인식하는지 검증",611,8,1.31%,"₩1,387","₩11,092",0,0.00%,₩0,0,0.00%
TRUE,BOH,GelMist_AirconDryness_Product_v01_BNR_1x1_260729,GelMist,2026-07-29,2026-08-03,https://drive.google.com/file/d/19PRGMGV93mXr8cqPnxxJuZXN3xsXSYJv/view?usp=drivesdk,"실내 에어컨 바람에 피부가 건조해져, 바로 수분을 보충하고 싶을 때","에어컨으로 건조해진 피부, 간편하게 수분 충전","에어컨으로 낮에 피부가 마르고 당긴다고 느끼는 소비자가, 콜라겐 겔 미스트를 자리에서 바로 뿌려 냉방 건조를 리셋하는 여름 수분 솔루션으로 인식하는지 검증","16,101",251,1.56%,₩944,"₩236,901",8,3.19%,"₩29,613",214553.226,90.57%
TRUE,BOH,GelMist_MakeupPrep_Model_v02_VID_1x1_260729,GelMist,2026-07-29,2026-08-08,https://drive.google.com/file/d/1v2uuxDBX7tNgRTo5W_zInOnj5xBmL_hH/view?usp=drivesdk,"화장 전, 피부가 건조해 메이크업이 안 먹거나 들뜰까 걱정될 때","메이크업 전 피부, 왠지 건조하지 않나요? 베이스 전 한 번의 분사로 화장 잘 먹는 피부 완성!","메이크업 시 들뜨거나 겉도는 피부가 신경 쓰이는 소비자가, 콜라겐 겔 미스트를 메이크업 전 수분을 채워 밀착력을 높이는 메이크업 프렙 솔루션으로 인식하는지 검증","1,472",25,1.70%,"₩1,314","₩32,856",0,0.00%,₩0,0,0.00%
TRUE,BOH,GelMist_MakeupPrep_Product_v01_BNR_1x1_260729,GelMist,2026-07-29,2026-08-07,https://drive.google.com/file/d/1JAGUL-W59tu_X8f_bWurbjuQ1G9g_Oe9/view?usp=drivesdk,"화장 전, 피부가 건조해 메이크업이 안 먹거나 들뜰까 걱정될 때","메이크업 전 한 번의 분사로, 수분을 채우다","메이크업 시 들뜨거나 겉도는 피부가 신경 쓰이는 소비자가, 콜라겐 겔 미스트를 메이크업 전 수분을 채워 밀착력을 높이는 메이크업 프렙 솔루션으로 인식하는지 검증","12,974",213,1.64%,"₩1,110","₩236,352",11,5.16%,"₩21,487",380627.7346,161.04%
TRUE,BOH,GelMist_TouchUp_Product_v01_BNR_1x1_260729,GelMist,2026-07-29,2026-08-07,https://drive.google.com/file/d/1ZWcNzr2-uuZXnDUjxIGTerHK5auNxHy4/view?usp=drivesdk,"오후에 화장이 들뜨고 갈라져, 전부 다시 바를 정도는 아니고 수정 전 수분부터 채우고 싶을 때","땀으로 무너진 메이크업, 한 번의 분사로 리셋","오후에 화장이 들뜨고 갈라져, 전부 다시 바를 정도는 아니고 수정 전 수분부터 채우고 싶을 때","5,335",82,1.54%,"₩1,334","₩109,378",12,14.63%,"₩9,115",272791.6821,249.40%
TRUE,BOH,GelMistx2_AirconDryness_Model_v01_VID_1x1_260729,GelMistx2,2026-07-29,2026-08-03,https://drive.google.com/file/d/1D3nmtpq9zjp0r3qeuqrM8JnxeLUGj6jo/view?usp=drivesdk,"실내 에어컨 바람에 피부가 건조해져, 바로 수분을 보충하고 싶을 때",여름에도 에어컨 때문에 피부 당기지 않나요? 탱글하게 수분 충전하는 콜라겐 미스트,"에어컨으로 낮에 피부가 마르고 당긴다고 느끼는 소비자가, 콜라겐 겔 미스트를 자리에서 바로 뿌려 냉방 건조를 리셋하는 여름 수분 솔루션으로 인식하는지 검증","2,914",57,1.96%,₩878,"₩50,055",1,1.75%,"₩50,055",44437.07294,88.78%
TRUE,BOH,GelMistx2_AirconDryness_Product_v01_BNR_1x1_260729,GelMistx2,2026-07-29,2026-08-03,https://drive.google.com/file/d/1S0y5TmIRJXnoVLUrxhvPTzsL6C9Z52WA/view?usp=drivesdk,"실내 에어컨 바람에 피부가 건조해져, 바로 수분을 보충하고 싶을 때","에어컨으로 건조해진 피부, 간편하게 수분 충전","에어컨으로 낮에 피부가 마르고 당긴다고 느끼는 소비자가, 콜라겐 겔 미스트를 자리에서 바로 뿌려 냉방 건조를 리셋하는 여름 수분 솔루션으로 인식하는지 검증","4,983",82,1.65%,"₩1,069","₩87,634",7,8.54%,"₩12,519",159185.074,181.65%
TRUE,BOH,GelMistx2_MakeupPrep_Model_v02_VID_1x1_260729,GelMistx2,2026-07-29,2026-08-03,https://drive.google.com/file/d/182XJlE4EkU95A6WLiQMlGWtquxWyqw-Q/view?usp=drivesdk,"화장 전, 피부가 건조해 메이크업이 안 먹거나 들뜰까 걱정될 때","메이크업 전 피부, 왠지 건조하지 않나요?","메이크업 시 들뜨거나 겉도는 피부가 신경 쓰이는 소비자가, 콜라겐 겔 미스트를 메이크업 전 수분을 채워 밀착력을 높이는 메이크업 프렙 솔루션으로 인식하는지 검증","2,095",51,2.43%,₩823,"₩41,979",2,3.92%,"₩20,990",134012.4131,319.24%
TRUE,BOH,NAD-EyeCreamx2_SlowAging_Model_v01_BNR_1x1_260729,NAD-EyeCreamx2,2026-07-29,2026-08-09,https://drive.google.com/file/d/1U_PHvKgNrLIo3upC7dr31pPSCwzVEicx/view?usp=drivesdk,"20대 후반, 잔주름이 눈에 보이기 시작해 '예방 차원에서 일찍 시작'하려 함. 
보습 케어부터 전향적으로 도입하고자 함.","에이징 케어, 눈가부터 시작하자.","잔주름이 눈에 띄기 전부터 미리 관리하고자 하는 소비자가, NAD 아이크림을 매일 부담 없이 사용할 수 있는 입문형 눈가 안티에이징 솔루션으로 인식하는지 검증","13,928",163,1.17%,"₩1,457","₩237,426",12,7.36%,"₩19,785",375387.415,158.11%
TRUE,BOH,GelMistx2_MakeupPrep_Product_v01_BNR_1x1_260729,GelMistx2,2026-07-29,2026-08-08,https://drive.google.com/file/d/1V7760PK4QrulffTd53fwPVFoDygIS5MH/view?usp=drivesdk,"화장 전, 피부가 건조해 메이크업이 안 먹거나 들뜰까 걱정될 때",메이크업 전 한 번의 분사로 수분을 채우다,"메이크업 시 들뜨거나 겉도는 피부가 신경 쓰이는 소비자가, 콜라겐 겔 미스트를 메이크업 전 수분을 채워 밀착력을 높이는 메이크업 프렙 솔루션으로 인식하는지 검증","6,726",134,1.99%,₩619,"₩82,913",3,2.24%,"₩27,638",73524.35136,88.68%
TRUE,BOH,NAD-Cream_GlowHydra_Product_v01_BNR_1x1_260729,NAD-Cream,2026-07-29,2026-08-09,https://drive.google.com/file/d/1RIAAWz8zrzXR24a41YNSnyfDZwJtx2zW/view?usp=drivesdk,"건조로 인한 볼·눈가 잔주름이 신경 쓰여 쓰던 스킨케어를 ""더 효과 있는 쪽""으로 바꾸고 싶을 때",끈적임 없이 광채가 차오르는 NAD 크림.,"건조 잔주름이 신경 쓰여 쓰던 보습을 더 효과 있는 쪽으로 바꾸고 싶다고 느끼는 소비자가, NAD 크림을 지금보다 한 단계 생기를 끌어올려주는 데일리 에이징케어 솔루션으로 인식하는지 검증","12,823",174,1.36%,"₩1,099","₩191,247",14,8.05%,"₩13,661",486366.7559,254.31%
TRUE,BOH,NAD-Cream_GlowHydra_Product_v02_BNR_1x1_260729,NAD-Cream,2026-07-29,2026-08-09,https://drive.google.com/file/d/1SIwG8oqAngi-pUrKZCnKBhLempyMAa2k/view?usp=drivesdk,"건조로 인한 볼·눈가 잔주름이 신경 쓰여 쓰던 스킨케어를 ""더 효과 있는 쪽""으로 바꾸고 싶을 때","NAD로 완성하는, 빛을 머금은 광채 피부.","건조 잔주름이 신경 쓰여 쓰던 보습을 더 효과 있는 쪽으로 바꾸고 싶다고 느끼는 소비자가, NAD 크림을 지금보다 한 단계 생기를 끌어올려주는 데일리 에이징케어 솔루션으로 인식하는지 검증","12,266",151,1.23%,"₩1,276","₩192,684",8,5.30%,"₩24,085",176428.5106,91.56%
TRUE,BOH,NAD-Cream_Overnight_Product_v01_BNR_1x1_260729,NAD-Cream,2026-07-29,2026-08-09,https://drive.google.com/file/d/1jfKMVCrwb1Oif39F1ugN60gicZe21OPN/view?usp=drivesdk,"낮엔 챙길 틈이 없어, 자는 동안만이라도 안티에이징을 관리하고 싶은 밤","다음 날 아침이 기다려지는, 생기 있고 어린 피부로.",자는 동안 촉촉함과 윤기있는 피부로 / ya.s / 아침과 밤의 스킨케어 루틴 강조 / 더위로 여름철 피부가 탄력이 떨어지고 메이크업도 쉽게 무너진다 / 수년 간 계속 애용해 온 크림 명가 BOH의 아침과 밤에 사용하는 크림으로 해결 / 아침에는 콜라겐 크림 / 밤에 추천하는 NAD 크림 / 차세대 에이징 성분 NAD-프리즈셀TM 함유 / 부드럽게 발리는 리프팅 크림 사이에 캡슐크림이 들어있는 텍스처 / 다음날 아침 피부도 촉촉함이 계속되어 메이크업 전 피부임에도 매끈해 보이는 게 기쁘다는 표현,"22,133",298,1.35%,"₩1,214","₩361,677",22,7.38%,"₩16,440",731755.844,202.32%
TRUE,BOH,NAD-Cream_Overnight_Product_v02_BNR_1x1_260729,NAD-Cream,2026-07-29,2026-08-09,https://drive.google.com/file/d/1ya-NvCZPQUaDqZBwtalOFvveYLFLJ_3K/view?usp=drivesdk,"낮엔 챙길 틈이 없어, 자는 동안만이라도 안티에이징을 관리하고 싶은 밤",바르고 자는 것만으로 윤기 나는 피부로.,자는 동안 촉촉함과 윤기있는 피부로 / ya.s / 아침과 밤의 스킨케어 루틴 강조 / 더위로 여름철 피부가 탄력이 떨어지고 메이크업도 쉽게 무너진다 / 수년 간 계속 애용해 온 크림 명가 BOH의 아침과 밤에 사용하는 크림으로 해결 / 아침에는 콜라겐 크림 / 밤에 추천하는 NAD 크림 / 차세대 에이징 성분 NAD-프리즈셀TM 함유 / 부드럽게 발리는 리프팅 크림 사이에 캡슐크림이 들어있는 텍스처 / 다음날 아침 피부도 촉촉함이 계속되어 메이크업 전 피부임에도 매끈해 보이는 게 기쁘다는 표현,"6,165",105,1.70%,₩982,"₩103,098",13,12.38%,"₩7,931",362289.2586,351.40%
TRUE,BOH,NAD-Cream_Vitality_Product_v01_BNR_1x1_260729,NAD-Cream,2026-07-29,2026-08-09,https://drive.google.com/file/d/1hRDyfxQ4GGClcfZqdHqtIW3roI-cNx9M/view?usp=drivesdk,"쉬는 날 거울을 보다 칙칙함·생기 없음이 신경 쓰여, 보습을 넘어 에이징케어로 넘어가고 싶을 때","피부 본연의 아름다움을 끌어내어, 광채 나는 피부 인상으로.","칙칙함과 생기 없음이 신경 쓰여 보습을 넘어 에이징케어로 넘어가고 싶다고 느끼는 소비자가, NAD 크림을 NAD 성분으로 칙칙함을 光으로 바꿔주는 초기 에이징케어 솔루션으로 인식하는지 검증","11,579",136,1.17%,"₩1,367","₩185,879",15,11.03%,"₩12,392",485529.1643,261.21%
TRUE,BOH,NAD-Cream_Vitality_Product_v02_BNR_1x1_260729,NAD-Cream,2026-07-29,2026-08-09,https://drive.google.com/file/d/12kD_nEBwPzHn86a92NHHw6k3Tgb7qHV-/view?usp=drivesdk,"쉬는 날 거울을 보다 칙칙함·생기 없음이 신경 쓰여, 보습을 넘어 에이징케어로 넘어가고 싶을 때",끈적이지 않으면서 촉촉한 광채를 장시간 유지,"칙칙함과 생기 없음이 신경 쓰여 보습을 넘어 에이징케어로 넘어가고 싶다고 느끼는 소비자가, NAD 크림을 NAD 성분으로 칙칙함을 光으로 바꿔주는 초기 에이징케어 솔루션으로 인식하는지 검증","4,182",59,1.41%,"₩1,076","₩63,483",5,8.47%,"₩12,697",245234.4706,386.30%
TRUE,BOH,GelMistx2_TouchUp_Product_v01_BNR_1x1_260729,GelMistx2,2026-07-29,2026-08-07,https://drive.google.com/file/d/1XsVk14lpUy4P7KvvyjSfLYfYeqycFmic/view?usp=drivesdk,"오후에 화장이 들뜨고 갈라져, 전부 다시 바를 정도는 아니고 수정 전 수분부터 채우고 싶을 때","땀으로 무너진 메이크업, 한 번의 분사로 리셋","오후에 화장이 들뜨고 갈라져, 전부 다시 바를 정도는 아니고 수정 전 수분부터 채우고 싶을 때","37,774",974,2.58%,₩515,"₩501,842",40,4.11%,"₩12,546",1222144.478,243.53%
TRUE,BOH,GelMist_AirconDryness_Model_v01_VID_9x16_260729,GelMist,2026-08-01,2026-08-03,https://drive.google.com/file/d/1GZnLupAVqrofL2rZDdriPslou9mTS_5v/view?usp=drivesdk,"실내 에어컨 바람에 피부가 건조해져, 바로 수분을 보충하고 싶을 때",여름에도 에어컨 때문에 피부 당기지 않아? 탱글하게 수분 충전되는 콜라겐 미스트,"에어컨으로 낮에 피부가 마르고 당긴다고 느끼는 소비자가, 콜라겐 겔 미스트를 자리에서 바로 뿌려 냉방 건조를 리셋하는 여름 수분 솔루션으로 인식하는지 검증","33,328",89,0.27%,"₩1,904","₩169,466",5,5.62%,"₩33,893",169872.3117,100.24%
TRUE,WM,SpatulaMiniDuo_Pinpoint_Product_v01-990_BNR_1x1_260729,SpatulaMiniDuo,2026-07-30,2026-08-09,https://drive.google.com/file/d/1W-LlxqXf40DZ-0q4iCLXaBnEraZxt4tF/view?usp=drivesdk,코 옆·눈가·입가처럼 세밀한 부분까지 파운데이션을 균일하고 깔끔하게 바르고 싶을 때,세밀한 부분까지 얼룩 없이. 콧망울·눈가·입가까지 정교하게 밀착.,"코 옆·눈가·입가 등 세밀한 부분까지 파운데이션을 균일하게 바르고 싶은 소비자가, 파데 브러시를 좁은 부위도 깔끔하게 도포하는 세밀 도구 솔루션으로 인식하는지 검증","46,813","1,432",3.06%,₩452,"₩647,435",132,9.22%,"₩4,905",3376301.913,521.49%
TRUE,WM,SpatulaMiniDuo_Trip_Product_v01-990_BNR_1x1_260729,SpatulaMiniDuo,2026-07-30,2026-08-08,https://drive.google.com/file/d/1PIpDzY9nHxQ4JmbT-Jwp6VBs26jYcEZE/view?usp=drivesdk,"여행이나 출장으로 짐을 줄여야 할 때, 가방에 쏙 넣어 어디서든 베이스 메이크업을 완성하고 싶을 때",가방에 쏙! 여행지 베이스 메이크업에 딱!,"여행·출장 등 이동이 잦은 상황에서 부피를 줄이면서도 세부까지 깔끔하게 바를 수 있는 휴대용 베이스 도구 니즈에 공감하는 소비자가, 파운데이션 브러시 미니 듀오 세트를 휴대성 좋은 베이스 메이크업 솔루션으로 인식하는지 검증","44,289","1,291",2.91%,₩507,"₩655,166",123,9.53%,"₩5,327",3841706.657,586.37%
TRUE,WM,SpatulaMiniDuo_Trip_Product_v01-990_BNR_1x1_260730,SpatulaMiniDuo,2026-07-30,2026-08-08,https://drive.google.com/file/d/1qz0CDMovlUaQoSglJI6yIztDf-OocoX7/view?usp=drivesdk,"여행이나 출장으로 짐을 줄여야 할 때, 가방에 쏙 넣어 어디서든 베이스 메이크업을 완성하고 싶을 때",가방에 쏙! 여행지 수정 화장에 딱!,"여행·출장 등 이동이 잦은 상황에서 부피를 줄이면서도 세부까지 깔끔하게 바를 수 있는 휴대용 베이스 도구 니즈에 공감하는 소비자가, 파운데이션 브러시 미니 듀오 세트를 휴대성 좋은 베이스 메이크업 솔루션으로 인식하는지 검증","132,511","4,035",3.05%,₩478,"₩1,926,809",371,9.19%,"₩5,194",9019866.734,468.12%
TRUE,BOH,Asachuru_AntiAging_Product_v01_BNR_1x1_260801,Asachuru,2026-07-30,2026-08-09,https://drive.google.com/file/d/1KCV-7gsy88znHy4s5Fbs6mjOuAGFwjwK/view?usp=drivesdk,"30대 중반, 처짐이 슬슬 현실로 느껴지는데 모공까지 늘어져 보여, 탄력과 결을 한 번에 되돌리고 싶을 때","탄력도, 모공·탄성도 더블 어프로치로 생기 있고 젊어 보이는 피부로","처짐과 늘어진 모공·결을 한 번에 되돌리고 싶다고 느끼는 소비자가, 아사츄루 세트를 3D 탄력과 콜라겐 결 케어로 인상을 되돌릴 수 있는 탄력+결 솔루션으로 인식하는지 검증","24,928",287,1.15%,"₩1,678","₩481,533",20,6.97%,"₩24,077",681492.8713,141.53%
TRUE,BOH,Asachuru_AntiAging_Product_v02_BNR_1x1_260801,Asachuru,2026-07-30,2026-08-09,https://drive.google.com/file/d/11t1XKdC5gePLbYcjiuGv8v6PtP4WKMlr/view?usp=drivesdk,"30대 중반, 처짐이 슬슬 현실로 느껴지는데 모공까지 늘어져 보여, 탄력과 결을 한 번에 되돌리고 싶을 때",더 늦기 전에 시작하세요. 성숙한 피부를 위한 2단계 케어.,"처짐과 늘어진 모공·결을 한 번에 되돌리고 싶다고 느끼는 소비자가, 아사츄루 세트를 3D 탄력과 콜라겐 결 케어로 인상을 되돌릴 수 있는 탄력+결 솔루션으로 인식하는지 검증","72,144",876,1.21%,"₩1,558","₩1,365,009",71,8.11%,"₩19,225",2244601.585,164.44%
TRUE,BOH,Asachuru_AntiAging_Product_v03_BNR_1x1_260801,Asachuru,2026-07-30,2026-08-09,https://drive.google.com/file/d/18-oP6wVp6Kj2AGiD3SPJHr8p7S2ADt7h/view?usp=drivesdk,"30대 중반, 처짐이 슬슬 현실로 느껴지는데 모공까지 늘어져 보여, 탄력과 결을 한 번에 되돌리고 싶을 때","보습만으로는 부족한 케어를 위해. 아침에는 매끈한 피부결, 밤에는 탄력. '아침 매끈 밤 탱탱' 세트.","처짐과 늘어진 모공·결을 한 번에 되돌리고 싶다고 느끼는 소비자가, 아사츄루 세트를 3D 탄력과 콜라겐 결 케어로 인상을 되돌릴 수 있는 탄력+결 솔루션으로 인식하는지 검증","24,629",337,1.37%,"₩1,318","₩444,009",30,8.90%,"₩14,800",926337.0124,208.63%
TRUE,BOH,Asachuru_MakeupPrep_Product_v01_BNR_1x1_260801,Asachuru,2026-07-30,2026-08-09,https://drive.google.com/file/d/1NJv38CEZ8QWHADhuuZv7HVHvtVPW_4nU/view?usp=drivesdk,"30대 중반, 처짐이 슬슬 현실로 느껴지는데 모공까지 늘어져 보여, 탄력과 결을 한 번에 되돌리고 싶을 때","화장이 잘 받는, 아침과 밤의 더블 케어.","처짐과 늘어진 모공·결을 한 번에 되돌리고 싶다고 느끼는 소비자가, 아사츄루 세트를 3D 탄력과 콜라겐 결 케어로 인상을 되돌릴 수 있는 탄력+결 솔루션으로 인식하는지 검증","282,548","3,522",1.25%,"₩1,321","₩4,651,084",354,10.05%,"₩13,139",12647876.77,271.93%
TRUE,BOH,NAD-EyeCreamx2_Live_Product_v02_BNR_1x1_260729,NAD-EyeCreamx2,2026-07-30,2026-08-09,https://drive.google.com/file/d/12eYklfF8njleQO8fnEmlA8zUdlje1hnA/view?usp=drivesdk,,NAD 라인으로 눈가부터 얼굴 전체까지 윤기 나는 탄력 피부로,,"194,076","2,747",1.42%,"₩1,558","₩4,279,681",434,15.80%,"₩9,861",12686547.67,296.44%
TRUE,BOH,NAD-EyeCreamx2_Live_Product_v01_BNR_1x1_260729,NAD-EyeCreamx2,2026-07-30,2026-08-09,https://drive.google.com/file/d/1gvCPN2T6TK5ikgVyeSJJoWbw1SJoOtWz/view?usp=drivesdk,,NAD × 레티날 눈가 집중 케어,,"81,859","1,351",1.65%,"₩1,421","₩1,919,509",220,16.28%,"₩8,725",6084041.279,316.96%
TRUE,BOH,3D-Refill_Reward_GPT_v01_VID_1x1_260731,3D-Refill,2026-07-31,2026-08-09,https://drive.google.com/file/d/1opRIbHo5VS1Qf3Ew8OKFx8uWXvpxdcDS/view?usp=drivesdk,"하루를 열심히 보낸 밤, 지친 나를 위한 보상으로 피부를 관리하며 내일을 준비하고 싶을 때",오늘도 고생했어. 오늘 하루 힘낸 나의 피부에게.,"하루 끝 나를 위한 보상으로 피부를 관리해 다음 날을 준비하려는 소비자가, 3D 리프팅 크림을 밤의 보상 케어로 인식하는지 검증","138,770","7,731",5.57%,₩275,"₩2,123,237",103,1.33%,"₩20,614",3423568.245,161.24%
TRUE,WM,AD3,-,2026-07-31,2026-08-08,,,,,"51,717",872,1.69%,₩584,"₩509,115",87,9.98%,"₩5,852",2074072.238,407.39%
TRUE,WM,AD2,-,2026-07-31,2026-08-09,,,,,"73,930","1,224",1.66%,₩529,"₩647,942",89,7.27%,"₩7,280",2055493.189,317.23%
TRUE,WM,AD1,-,2026-07-31,2026-08-09,,,,,"199,063","3,142",1.58%,₩561,"₩1,762,830",349,11.11%,"₩5,051",8624135.754,489.22%
TRUE,CG,ShadingStick_Recover_Product_v01_VID_9x16_260801,ShadingStick,2026-08-01,2026-08-04,https://drive.google.com/file/d/1yHWTuD5rctwh2SqDn9y0I6e0ZdaYyh4N/view?usp=drivesdk,저녁이 되면 음영이 날아가 얼굴이 흐릿하고 피곤해 보여서 수정하고 싶을 때,"저녁의 칙칙한 얼굴, 한 번의 터치로 입체감 부활!","저녁에 음영이 날아가 피곤해 보이는 소비자가, 쉐딩 스틱을 한 번에 덧그려 입체감을 되살리는 수정화장 솔루션으로 인식하는지 검증","31,887",96,0.30%,"₩1,602","₩153,800",3,3.13%,"₩51,267",27708.23344,18.02%
TRUE,CG,ShadingStick_PinPoint_Product_v01_VID_9x16_260801,ShadingStick,2026-08-01,2026-08-04,https://drive.google.com/file/d/1L7AIvyfMrnh1RT-YagFj0ggxxfWi-7No/view?usp=drivesdk,코·콧볼처럼 세밀한 부분에 정확히 그려 자연스러운 입체감을 만들고 싶을 때,세밀한 부분까지 그리기 쉽다! 입체감을 만드는 쉐이딩 스틱,"코·콧볼 등 세밀한 부분에 정확히 음영을 넣고 싶은 소비자가, 쉐딩 스틱을 얇은 스틱으로 노린 곳에 그려 자연스럽게 블렌딩하는 핀포인트 솔루션으로 인식하는지 검증","22,906",91,0.40%,₩907,"₩82,496",5,5.49%,"₩16,499",55701.76031,67.52%
TRUE,CG,ShadingStick_Beginner_Model_v01_VID_9x16_260801,ShadingStick,2026-08-01,2026-08-04,https://drive.google.com/file/d/1skY30ysM0rfAhsr0R9X9QWNYe6aGuB6s/view?usp=drivesdk,"쉐딩이 처음이라, 음영이 진해져 부자연스러워질까 겁날 때",쉐딩 초보자도 실패할 걱정 없어요! 너무 진하지 않은 자연스러운 입체감,"""음영이 너무 진해질까 무섭다""는 초심자의 불안이 반응을 일으키는지 검증
'初心者·失敗しない' 키워드 반복 노출이 카테고리 내 브랜드 인지도 확보로 이어지는지 검증","20,974",80,0.38%,"₩1,094","₩87,494",3,3.75%,"₩29,165",39154.35166,44.75%
TRUE,BOH,GelMist_TouchUp_Product_v01_VID_9x16_260801,GelMist,2026-08-01,2026-08-03,https://drive.google.com/file/d/1LrFUZRWsuIH2mycNAvLLB3fV7Qphvc9f/view?usp=drivesdk,"오후에 화장이 들뜨고 갈라져, 전부 다시 바를 정도는 아니고 수정 전 수분부터 채우고 싶을 때","땀으로 무너진 메이크업, 한 번의 분사로 리셋","오후에 화장이 들뜨고 갈라져, 전부 다시 바를 정도는 아니고 수정 전 수분부터 채우고 싶을 때","37,305",117,0.31%,"₩1,988","₩232,564",2,1.71%,"₩116,282",40539.77742,17.43%
TRUE,BOH,GelMistx2_TouchUp_Product_v01_VID_9x16_260801,GelMistx2,2026-08-01,2026-08-03,https://drive.google.com/file/d/19Hr1JqP3gLrtfYU1BuhKvJmJ2By6siqN/view?usp=drivesdk,"오후에 화장이 들뜨고 갈라져, 전부 다시 바를 정도는 아니고 수정 전 수분부터 채우고 싶을 때","땀으로 무너진 메이크업, 한 번의 분사로 리셋","오후에 화장이 들뜨고 갈라져, 전부 다시 바를 정도는 아니고 수정 전 수분부터 채우고 싶을 때","129,334",373,0.29%,"₩2,328","₩868,417",13,3.49%,"₩66,801",349988.4993,40.30%
TRUE,WM,Seamless_LongLasting_B&A_v01_VID_1x1_260729,Seamless,2026-07-29,2026-08-09,https://drive.google.com/file/d/17KpgshFzeRwl7NJyBKntvmsRaTm3y9TH/view?usp=drivesdk,"아침에 화장하고 나서, 무너짐 걱정 없이 밤까지 깔끔한 피부 상태가 유지되길 바랄 때",아침 화장 그대로 유지. 무너짐 걱정 없이 밤까지 깨끗하게.,"하루 종일 화장 무너짐 없이 밤까지 깔끔한 피부 표현을 유지하고 싶어하는 소비자가, 심리스 파운데이션을 장시간 무너짐 방지 솔루션으로 인식하는지 검증","16,295",268,1.64%,₩681,"₩182,412",31,11.57%,"₩5,884",587554.9935,322.10%
TRUE,WM,Seamless_Photo_B&A_v01_BNR_1x1_260729,Seamless,2026-07-29,2026-08-07,https://drive.google.com/file/d/1sKGGuu5S3xg797htQxxpZm9GEjsJY51k/view?usp=drivesdk,피부가 적나라하게 찍히는 기본카메라에서도 예뻐 보이고 싶을 때,사진에서도 얼룩 없이 매끈하게.,"사진에서 모공·얼룩은 커버하되 두꺼워 보이긴 싫은 소비자가, 심리스 파운데이션을 얇게 균일하게 커버하는 밀착 솔루션으로 인식하는지 검증","1,977",35,1.77%,₩845,"₩29,571",7,20.00%,"₩4,224",102429.9151,346.39%
TRUE,WM,Seamless_Photo_B&A_v02_BNR_1x1_260729,Seamless,2026-07-29,2026-08-09,https://drive.google.com/file/d/1uAV0VMqoAWlzHyx9J-3vNXgmpouhxxGD/view?usp=drivesdk,피부가 적나라하게 찍히는 기본카메라에서도 예뻐 보이고 싶을 때,"사진에서도, 모공 없는 매끈한 피부","사진에서 모공·얼룩은 커버하되 두꺼워 보이긴 싫은 소비자가, 심리스 파운데이션을 얇게 균일하게 커버하는 밀착 솔루션으로 인식하는지 검증","7,816",125,1.60%,₩885,"₩110,606",14,11.20%,"₩7,900",349006.2392,315.54%
TRUE,WM,Seamless_SweatProof_Product_v01_BNR_1x1_260729,Seamless,2026-07-29,2026-08-07,https://drive.google.com/file/d/1zTq8ldB88703XXSEYc139v3ZQlRu0WZd/view?usp=drivesdk,"여름철 땀·피지로 오후엔 화장이 무너질까 걱정되는 날, 아침 상태 그대로 유지되길 바랄 때",땀과 피지에도 무너지지 않는 여름 파운데이션,"땀·피지 환경에서도 아침에 완성한 피부 표현을 오후까지 균일하게 유지하고 싶어하는 소비자가, 심리스 파운데이션을 화장 지속력 솔루션으로 인식하는지 검증","1,727",34,1.97%,₩788,"₩26,781",2,5.88%,"₩13,391",52656.65962,196.62%
TRUE,WM,SoftBlurEye_BusyDay_Model_v01-ONEDAY_BNR_1x1_260729,SoftBlurEye,2026-08-01,2026-08-08,https://drive.google.com/file/d/1yXLDaobq8rg4Rzapbmx7_w_Oh7PZbrpk/view?usp=drivesdk,"통근 전 바쁜 아침, 빠르게 자연스럽고 실패 없는 아이메이크업을 원할때","바쁜 아침일수록, 실패 없는 아이 팔레트.","시간이 부족한 아침에 실패 없이 눈매를 완성하고 싶은 소비자가, 소프트 블러링 아이팔레트를 빠르게 완성하는 데일리 솔루션으로 인식하는지 검증","187,106","3,207",1.71%,₩645,"₩2,069,742",265,8.26%,"₩7,810",6017275.363,290.73%
TRUE,WM,SoftBlurEye_Colorspread_Model_v01-ONEDAY_BNR_1x1_260729,SoftBlurEye,2026-08-01,2026-08-09,https://drive.google.com/file/d/1gn-jT-PeKqOr4o3g1sjpEN6_7AaWS-9c/view?usp=drivesdk,"통근 전 바쁜 아침, 빠르게 자연스럽고 실패 없는 아이메이크업을 원할때",버릴 색 없음! 전 색상 활용 가능한 아이 팔레트.,"시간이 부족한 아침에 실패 없이 눈매를 완성하고 싶은 소비자가, 소프트 블러링 아이팔레트를 빠르게 완성하는 데일리 솔루션으로 인식하는지 검증","59,682",886,1.48%,₩831,"₩735,850",64,7.22%,"₩11,498",1334294.974,181.33%
TRUE,WM,SoftBlurEye_Vacation_Model_v01-ONEDAY_BNR_1x1_260729,SoftBlurEye,2026-07-31,2026-08-09,https://drive.google.com/file/d/1PIpDzY9nHxQ4JmbT-Jwp6VBs26jYcEZE/view?usp=drivesdk,"1박 여행이나 출장 중에, 호텔에서도 하나만으로 눈매를 완성할 수 있는 제품을 고를 때",가방에 쏙! 여행지 베이스 메이크업에 딱!,"여행·출장으로 짐을 줄이려는 소비자가, 소프트 블러링 아이팔레트를 하나로 다양한 눈매를 완성하는 올인원 솔루션으로 인식하는지 검증","169,791","2,566",1.51%,₩814,"₩2,087,758",232,9.04%,"₩8,999",6089856.354,291.69%
TRUE,BOH,NAD-Cream_GlowHydra_Product_v01_VID_9x16_260801,NAD-Cream,2026-08-01,2026-08-03,https://drive.google.com/file/d/1mvn3TpT1S7xcuoXb6wxWP5GH-bip2rH0/view?usp=drivesdk,"건조로 인한 볼·눈가 잔주름이 신경 쓰여 쓰던 스킨케어를 ""더 효과 있는 쪽""으로 바꾸고 싶을 때",끈적임 없이 광채가 차오르는 NAD 크림,"건조 잔주름이 신경 쓰여 쓰던 보습을 더 효과 있는 쪽으로 바꾸고 싶다고 느끼는 소비자가, NAD 크림을 지금보다 한 단계 생기를 끌어올려주는 데일리 에이징케어 솔루션으로 인식하는지 검증","38,955",99,0.25%,"₩2,241","₩221,862",0,0.00%,₩0,0,0.00%
TRUE,BOH,NAD-Cream_Vitality_Product_v01_VID_9x16_260801,NAD-Cream,2026-08-01,2026-08-03,https://drive.google.com/file/d/1a1PgKAAk80lJvmPtmeqQCVHF3oF24JaP/view?usp=drivesdk,"쉬는 날 거울을 보다 칙칙함·생기 없음이 신경 쓰여, 보습을 넘어 에이징케어로 넘어가고 싶을 때","피부 본연의 아름다움을 끌어내어, 광채 나는 피부 인상으로.","칙칙함과 생기 없음이 신경 쓰여 보습을 넘어 에이징케어로 넘어가고 싶다고 느끼는 소비자가, NAD 크림을 NAD 성분으로 칙칙함을 光으로 바꿔주는 초기 에이징케어 솔루션으로 인식하는지 검증","32,996",111,0.34%,"₩1,776","₩197,109",5,4.50%,"₩39,422",113437.5185,57.55%
TRUE,BOH,3D-Refill_NightWrap_Product_v02-1_VID_9x16_260801,3D-Refill,2026-08-01,2026-08-08,https://drive.google.com/file/d/1oHsyad5UBK-HJm-UmzI9OaF9pQchIsef/view?usp=drivesdk,"여름 철, 하루 종일 냉방·건조에도 수분이 무너지지 않게 잡아두고 싶을 때",스킨케어의 마무리는 '바르는 것'보다 '가두는 것'.,"냉방 환경에서 기존 스킨케어가 쉽게 날아가 하루 종일 유지되길 바란다고 느끼는 소비자가, 3D 리필 크림을 무거운 제형으로 수분을 걸어 잠가 저녁까지 지속시킬 수 있는 올데이 밀봉 케어 솔루션으로 인식하는지 검증","32,614",110,0.34%,"₩2,826","₩310,876",31,28.18%,"₩10,028",1109611.963,356.93%
TRUE,BOH,Asachuru_DayNight_Product_v01_VID_9x16_260801,Asachuru,2026-08-01,2026-08-08,https://drive.google.com/file/d/1prcg598PxOPTnjfYylLeg6h2EeCxCbZe/view?usp=drivesdk,"더운 날 무거운 크림은 부담스러워, 낮엔 가벼운 콜라겐으로 결을·밤엔 3D로 탄력을 나눠 챙기고 싶을 때","놀라울 정도로 쫀득하게, 안에서부터 차오르는 탄력 피부로.","여름 무거운 크림은 부담되지만 결과 탄력 모두 챙기고 싶다고 느끼는 소비자가, 아사츄루 세트를 낮 가벼운 콜라겐 결·밤 3D 탄력으로 나눠 쓸 수 있는 여름 시간대 분리 솔루션으로 인식하는지 검증","37,447",80,0.21%,"₩4,569","₩365,488",46,57.50%,"₩7,945",1559764.041,426.76%
TRUE,BOH,Asachuru_MakeupPrep_Product_v01_VID_9x16_260801,Asachuru,2026-08-01,2026-08-09,https://drive.google.com/file/d/1mjTS6Pt4qxk1tZpnPBTIcJQpB1jv4XCG/view?usp=drivesdk,처진 하반부는 잡아주고 건조 모공은 채워서 파데가 잘 먹는 base를 만들고 싶을 때,"화장이 잘 받는, 아침과 밤의 더블 케어.","처진 하반부는 잡고 건조 모공은 채워 메이크업이 잘 먹길 바란다고 느끼는 소비자가, 아사츄루 세트를 탄력 base와 콜라겐 결 정돈으로 화잘먹 피부 솔루션으로 인식하는지 검증","74,993",179,0.24%,"₩4,099","₩733,651",76,42.46%,"₩9,653",2366637.505,322.58%
TRUE,CG,ColorCoverTint_LongLasting_Product_v01-ONEDAY_BNR_1x1_260729,ColorCoverTint,2026-08-01,2026-08-07,https://drive.google.com/file/d/1Gb9p3aLRYqE8iaO049n7kuhAqTQelDOa/view?usp=drivesdk,"도중에 화장을 고칠 틈 없는 날, 오래 지속되는 립을 원할 때",장시간 지속되는 부드러운 매트 립,"화장을 자주 고치기 어려운 상황에서 아침 립 발색이 밤까지 유지되길 바라는 소비자가, 컬러 커버 틴트를 지속력 중심 립 솔루션으로 인식하는지 검증
립 색깔이 빠짐에 대한 부담을 줄여주는 지속력 중심 메시지가 소비자 반응을 유도하는지 검증 ","81,459",928,1.14%,₩979,"₩908,204",45,4.85%,"₩20,182",551570.4895,60.73%
TRUE,CG,ColorCoverTint_LongLasting_Model_v01-ONEDAY_BNR_1x1_260729,ColorCoverTint,2026-08-01,2026-08-05,https://drive.google.com/file/d/1rpvVy-mVXualkmMHW9a5MXEWbwXR5s5B/view?usp=drivesdk,"도중에 화장을 고칠 틈 없는 날, 오래 지속되는 립을 원할 때","덧바를 수 없는 날에도, 장시간 지속되는 발색","화장을 자주 고치기 어려운 상황에서 아침 립 발색이 밤까지 유지되길 바라는 소비자가, 컬러 커버 틴트를 지속력 중심 립 솔루션으로 인식하는지 검증
립 색깔이 빠짐에 대한 부담을 줄여주는 지속력 중심 메시지가 소비자 반응을 유도하는지 검증 ","22,201",257,1.16%,"₩1,106","₩284,346",12,4.67%,"₩23,695",118441.7572,41.65%
TRUE,CG,ColorCoverTint_ColorCorrecting_Product_v01-ONEDAY_BNR_1x1_260729,ColorCoverTint,2026-08-01,2026-08-05,https://drive.google.com/file/d/1xEvVz_bQ5WjPy70zmQ85zF2kgxM-mDwY/view?usp=drivesdk,"입술이 칙칙하고 얼룩져 틴트를 발라도 원하는 색이 나오지 않아, 본래 톤을 커버해 균일하게 정돈하고 안색까지 화사하게 만들고 싶을 때","원래의 입술색을 커버하여, 이상적인 점막 컬러로♥","칙칙하고 얼룩진 입술 톤 때문에 틴트 발색이 원하는 대로 나오지 않는다고 느끼는 소비자가, 긱누드 컬러커버틴트를 본래 톤을 커버해 원하는 색과 안색을 살려주는 톤 커버·발색 솔루션으로 인식하는지 검증","59,511",553,0.93%,₩984,"₩543,911",30,5.42%,"₩18,130",396580.7298,72.91%
TRUE,CG,T-DeepGlaze_Volume_Model_v01-ONEDAY_BNR_1x1_260729,T-DeepGlaze,2026-08-01,2026-08-08,https://drive.google.com/file/d/19bXFJpZfkd6JlUbWI67M-9bZCjQqgAK_/view?usp=drivesdk,"입술이 얇고 볼륨 없어 보여, 유리알 광택으로 도톰하고 탱글하게 연출하고 싶을 때","유리알 광택으로, 탱글하게 살아나는 입술.","얇은 입술을 유리알 광택으로 도톰하게 연출하고 싶은 소비자가, 탕후루 딥글레이즈를 광택·볼륨을 주는 글로시 틴트 솔루션으로 인식하는지 검증","4,596",42,0.91%,"₩1,876","₩78,802",7,16.67%,"₩11,257",74011.08728,93.92%
TRUE,CG,ShadingStick_Beginner_B&A_v01_VID_9x16_260801,ShadingStick,2026-08-01,2026-08-04,https://drive.google.com/file/d/1VMAaTRWCuYlf-R2lYWJrtuZNvcDgheP5/view?usp=drivesdk,"쉐딩이 처음이라, 음영이 진해져 부자연스러워질까 겁날 때",초보자도 실패하지 않는! 입체 창조 쉐이딩 스틱,"""음영이 너무 진해질까 무섭다""는 초심자의 불안이 반응을 일으키는지 검증
'初心者·失敗しない' 키워드 반복 노출이 카테고리 내 브랜드 인지도 확보로 이어지는지 검증","37,563",144,0.38%,"₩1,429","₩205,711",5,3.47%,"₩41,142",60629.07183,29.47%
TRUE,CG,T-DeepGlaze_NoneStain_Product_v01-ONEDAY_BNR_1x1_260729,T-DeepGlaze,2026-08-01,2026-08-08,https://drive.google.com/file/d/15tN0mUePyt_ysyr6Secc3fllnm92TyAi/view?usp=drivesdk,"유리알 광택 립은 좋은데, 먹고 마시는 동안 묻거나 금방 사라질까 걱정될 때",유리컵에 잘 묻어나지 않는 탱글광 밀착 립,"유리알 광택을 원하지만 묻어남·지속이 걱정되는 소비자가, 탕후루 딥글레이즈를 먹고 마셔도 유지되는 지속 광택 솔루션으로 인식하는지 검증","79,153",798,1.01%,"₩1,432","₩1,142,914",63,7.89%,"₩18,141",694418.2514,60.76%
TRUE,WM,SpatulaMiniDuo_Trip_Product_v01-990_VID_9x16_260801,SpatulaMiniDuo,2026-08-01,2026-08-05,https://drive.google.com/file/d/1yhJVluNsvCYoSjBQ4e0U60yZFc9bP-ap/view?usp=drivesdk,"여행이나 출장으로 짐을 줄여야 할 때, 가방에 쏙 넣어 어디서든 베이스 메이크업을 완성하고 싶을 때",여행지 베이스 메이크업에 안성맞춤!,"여행·출장 등 이동이 잦은 상황에서 부피를 줄이면서도 세부까지 깔끔하게 바를 수 있는 휴대용 베이스 도구 니즈에 공감하는 소비자가, 파운데이션 브러시 미니 듀오 세트를 휴대성 좋은 베이스 메이크업 솔루션으로 인식하는지 검증","9,512",77,0.81%,₩882,"₩67,923",5,6.49%,"₩13,585",89695.5094,132.05%
TRUE,WM,SpatulaMiniDuo_Pinpoint_Product_v01-990_VID_9x16_260801,SpatulaMiniDuo,2026-08-01,2026-08-05,https://drive.google.com/file/d/12O_wA5uP45-a3kL4nkbr6KuR8Pitiu6C/view?usp=drivesdk,코 옆·눈가·입가처럼 세밀한 부분까지 파운데이션을 균일하고 깔끔하게 바르고 싶을 때,"세밀한 부분까지 얼룩 없이. 콧망울, 눈가, 입가까지 핀포인트 밀착.","코 옆·눈가·입가 등 세밀한 부분까지 파운데이션을 균일하게 바르고 싶은 소비자가, 파데 브러시를 좁은 부위도 깔끔하게 도포하는 세밀 도구 솔루션으로 인식하는지 검증","69,919",604,0.86%,₩818,"₩494,272",75,12.42%,"₩6,590",1541274.328,311.83%
TRUE,WM,SoftBlurEye_Colorspread_Model_v01_BNR_1x1_260729,SoftBlurEye,2026-07-29,2026-08-09,https://drive.google.com/file/d/1NsHpcXkCUqcTk0N5GnWlmp05W37ZSV5g/view?usp=drivesdk,"통근 전 바쁜 아침, 빠르게 자연스럽고 실패 없는 아이메이크업을 원할때",아침 아이섀도우 선택 고민에. 버릴 색 없는! 전 색상 활용 가능한 아이 팔레트.,"시간이 부족한 아침에 실패 없이 눈매를 완성하고 싶은 소비자가, 소프트 블러링 아이팔레트를 빠르게 완성하는 데일리 솔루션으로 인식하는지 검증","22,099",246,1.11%,₩865,"₩212,713",20,8.13%,"₩10,636",435460.4265,204.72%
TRUE,WM,SoftBlurEye_BusyDay_Model_v01_BNR_1x1_260729,SoftBlurEye,2026-07-29,2026-08-09,https://drive.google.com/file/d/1k4kuDrWj9bh0b--tMWwf1xuVY16US3BT/view?usp=drivesdk,"통근 전 바쁜 아침, 빠르게 자연스럽고 실패 없는 아이메이크업을 원할때","바쁜 아침일수록, 실패 없는 아이 팔레트.","시간이 부족한 아침에 실패 없이 눈매를 완성하고 싶은 소비자가, 소프트 블러링 아이팔레트를 빠르게 완성하는 데일리 솔루션으로 인식하는지 검증","17,446",205,1.18%,₩906,"₩185,804",22,10.73%,"₩8,446",565062.7973,304.12%
TRUE,WM,SoftBlurEye_Vacation_Model_v01_BNR_1x1_260729,SoftBlurEye,2026-07-29,2026-08-09,https://drive.google.com/file/d/1fsNSCHeBf1ekkR5_hEclyhFbCuw3jCoT/view?usp=drivesdk,"1박 여행이나 출장 중에, 호텔에서도 하나만으로 눈매를 완성할 수 있는 제품을 고를 때",여행 아이 메이크업은 이것 하나로 완성,"여행·출장으로 짐을 줄이려는 소비자가, 소프트 블러링 아이팔레트를 하나로 다양한 눈매를 완성하는 올인원 솔루션으로 인식하는지 검증","38,302",559,1.46%,₩696,"₩388,914",43,7.69%,"₩9,045",1107814.616,284.85%
TRUE,WM,SpatulaMiniDuo_Pinpoint_Product_v01_BNR_1x1_260729,SpatulaMiniDuo,2026-07-29,2026-08-11,https://drive.google.com/file/d/1gbhF1I_P_Q-jxTCW01yQAkXC6BOsZHmO/view?usp=drivesdk,코 옆·눈가·입가처럼 세밀한 부분까지 파운데이션을 균일하고 깔끔하게 바르고 싶을 때,섬세한 부분까지 얼룩 없이. 콧망울·눈가·입가까지 핀포인트 밀착.,"코 옆·눈가·입가 등 세밀한 부분까지 파운데이션을 균일하게 바르고 싶은 소비자가, 파데 브러시를 좁은 부위도 깔끔하게 도포하는 세밀 도구 솔루션으로 인식하는지 검증","18,864",265,1.40%,₩855,"₩226,561",15,5.66%,"₩15,104",417138.6747,184.12%
TRUE,WM,SpatulaMiniDuo_Trip_Product_v01_BNR_1x1_260729,SpatulaMiniDuo,2026-07-29,2026-08-10,https://drive.google.com/file/d/1QJzWBzjpEwGqDEXoOpo5l1UJxbxuwV8n/view?usp=drivesdk,"여행이나 출장으로 짐을 줄여야 할 때, 가방에 쏙 넣어 어디서든 베이스 메이크업을 완성하고 싶을 때",여행지 베이스 메이크업에 딱!,"여행·출장 등 이동이 잦은 상황에서 부피를 줄이면서도 세부까지 깔끔하게 바를 수 있는 휴대용 베이스 도구 니즈에 공감하는 소비자가, 파운데이션 브러시 미니 듀오 세트를 휴대성 좋은 베이스 메이크업 솔루션으로 인식하는지 검증","42,995",634,1.47%,₩946,"₩599,644",48,7.57%,"₩12,493",1145564.985,191.04%
TRUE,WM,SpatulaMiniDuo_Trip_Product_v01_BNR_1x1_260730,SpatulaMiniDuo,2026-08-04,2026-08-13,https://drive.google.com/file/d/1cZW-StnMi46nGk8r5MbaYV3BPMvI1Lsz/view?usp=drivesdk,"여행이나 출장으로 짐을 줄여야 할 때, 가방에 쏙 넣어 어디서든 베이스 메이크업을 완성하고 싶을 때",가방에 쏙! 여행지 수정 화장에 딱!,"여행·출장 등 이동이 잦은 상황에서 부피를 줄이면서도 세부까지 깔끔하게 바를 수 있는 휴대용 베이스 도구 니즈에 공감하는 소비자가, 파운데이션 브러시 미니 듀오 세트를 휴대성 좋은 베이스 메이크업 솔루션으로 인식하는지 검증","59,891","1,124",1.88%,₩594,"₩668,016",90,8.01%,"₩7,422",1931907.635,289.20%
TRUE,CG,ColorCoverTint_ColorCorrecting_inf_ayagon__v01_VID_1x1_260729,ColorCoverTint,2026-07-29,2026-08-09,https://drive.google.com/file/d/16T4qGzFuNScKheuyuTrA0kYHamzR9khc/view?usp=drivesdk,"입술이 칙칙하고 얼룩져 틴트를 발라도 원하는 색이 나오지 않아, 본래 톤을 커버해 균일하게 정돈하고 안색까지 화사하게 만들고 싶을 때","칙칙함을 커버하고, 보이는 그대로 발색.","칙칙하고 얼룩진 입술 톤 때문에 틴트 발색이 원하는 대로 나오지 않는다고 느끼는 소비자가, 긱누드 컬러커버틴트를 본래 톤을 커버해 원하는 색과 안색을 살려주는 톤 커버·발색 솔루션으로 인식하는지 검증","35,268",409,1.16%,"₩1,108","₩453,150",8,1.96%,"₩56,644",93577.17624,20.65%
TRUE,CG,T-DeepGlaze_Volume_inf_saaya_xoxo_v02_VID_1x1_260729,T-DeepGlaze,2026-07-29,2026-08-09,https://drive.google.com/file/d/11kqdsfaTtCZIqOjKE1dl-MG8BU1l3B3c/view?usp=drivesdk,"입술이 얇고 볼륨 없어 보여, 유리알 광택으로 도톰하고 탱글하게 연출하고 싶을 때","유리알 광택으로, 탱글하게 살아나는 입술.","얇은 입술을 유리알 광택으로 도톰하게 연출하고 싶은 소비자가, 탕후루 딥글레이즈를 광택·볼륨을 주는 글로시 틴트 솔루션으로 인식하는지 검증","66,652","1,299",1.95%,₩851,"₩1,105,226",39,3.00%,"₩28,339",481259.4039,43.54%
TRUE,CG,T-DeepGlaze_Volume_inf_anyo___n__v01_VID_1x1_260729,T-DeepGlaze,2026-07-29,2026-08-09,https://drive.google.com/file/d/13gd6iNe4leyGzhTSqAUmfm-62OO1jYR6/view?usp=drivesdk,"입술이 얇고 볼륨 없어 보여, 유리알 광택으로 도톰하고 탱글하게 연출하고 싶을 때",사르르 녹는 광택으로 탱글하게 살아나는 입술.,"얇은 입술을 유리알 광택으로 도톰하게 연출하고 싶은 소비자가, 탕후루 딥글레이즈를 광택·볼륨을 주는 글로시 틴트 솔루션으로 인식하는지 검증","21,331",207,0.97%,"₩1,389","₩287,482",12,5.80%,"₩23,957",194970.8995,67.82%
TRUE,CG,T-DeepGlaze_NatsuMatsuri_inf_ayagon__v01_VID_1x1_260729,T-DeepGlaze,2026-07-29,2026-07-31,https://drive.google.com/file/d/1sdRyin5Tt4yna-UgUisMCpunK0YF2O2o/view?usp=drivesdk,"여름 축제·불꽃놀이처럼 사진 자주 찍고 오래 있는 날, 다시 안 발라도 유리알 광택·발색이 유지되길 바랄 때",불꽃놀이보다 시선을 끄는 매끈한 입술. 사과 사탕 같은 광택을 한 번의 터치로.,"여름 축제·불꽃놀이에서 재도포 없이 유리알 광택과 발색이 유지되길 바라는 소비자가, 탕후루 딥글레이즈를 땀·시간에도 지속되는 여름 광택 솔루션으로 인식하는지 검증","1,468",17,1.16%,"₩1,017","₩17,290",0,0.00%,₩0,0,0.00%
TRUE,CG,T-DeepGlaze_NatsuMatsuri_inf_anyo___n__v01_VID_1x1_260729,T-DeepGlaze,2026-07-29,2026-07-31,https://drive.google.com/file/d/1IjEnh02cGwLk8zzt_reDZxqqmaBeatgD/view?usp=drivesdk,"여름 축제·불꽃놀이처럼 사진 자주 찍고 오래 있는 날, 다시 안 발라도 유리알 광택·발색이 유지되길 바랄 때","불꽃놀이보다 시선을 사로잡는, 탱글탱글한 입술","여름 축제·불꽃놀이에서 재도포 없이 유리알 광택과 발색이 유지되길 바라는 소비자가, 탕후루 딥글레이즈를 땀·시간에도 지속되는 여름 광택 솔루션으로 인식하는지 검증",359,3,0.84%,"₩1,407","₩4,222",0,0.00%,₩0,0,0.00%
TRUE,CG,T-DeepGlaze_LogLasting_inf_amy_v01_VID_1x1_260729,T-DeepGlaze,2026-07-29,2026-08-04,https://drive.google.com/file/d/1rGgx83ZA9IdJ20EFKfnfqJMgkPp7ZxSO/view?usp=sharing,"도중에 화장을 고칠 틈 없는 날, 오래 지속되는 립을 원할 때","묻어남 걱정 없이, 유리알 광택 유지.","화장을 자주 고치기 어려운 상황에서 아침 립 발색이 밤까지 유지되길 바라는 소비자가, 컬러 커버 틴트를 지속력 중심 립 솔루션으로 인식하는지 검증
립 색깔이 빠짐에 대한 부담을 줄여주는 지속력 중심 메시지가 소비자 반응을 유도하는지 검증 ","2,516",24,0.95%,"₩1,238","₩29,717",2,8.33%,"₩14,859",17952.5412,60.41%
TRUE,CG,ColorCoverTint_LongLasting_inf_anyo___n__v01_VID_1x1_260729,ColorCoverTint,2026-07-29,2026-08-09,https://drive.google.com/file/d/1GsNUVjH5dAivGOSiAhGK6Wkh1izib_-0/view?usp=drivesdk,"도중에 화장을 고칠 틈 없는 날, 오래 지속되는 립을 원할 때","데이트 중, 립 메이크업을 신경 쓰고 싶지 않아.","화장을 자주 고치기 어려운 상황에서 아침 립 발색이 밤까지 유지되길 바라는 소비자가, 컬러 커버 틴트를 지속력 중심 립 솔루션으로 인식하는지 검증
립 색깔이 빠짐에 대한 부담을 줄여주는 지속력 중심 메시지가 소비자 반응을 유도하는지 검증 ","22,863",225,0.98%,"₩1,136","₩255,710",4,1.78%,"₩63,928",37848.9947,14.80%
TRUE,CG,ColorCoverTint_LongLasting_inf_piu1me_v01_VID_1x1_260729,ColorCoverTint,2026-07-29,2026-08-09,https://drive.google.com/file/d/1v0Dx-ODHoWonG1hS62d2u6WZJvJ1prEG/view?usp=sharing,"도중에 화장을 고칠 틈 없는 날, 오래 지속되는 립을 원할 때",,"화장을 자주 고치기 어려운 상황에서 아침 립 발색이 밤까지 유지되길 바라는 소비자가, 컬러 커버 틴트를 지속력 중심 립 솔루션으로 인식하는지 검증
립 색깔이 빠짐에 대한 부담을 줄여주는 지속력 중심 메시지가 소비자 반응을 유도하는지 검증 ","122,836","1,394",1.13%,"₩1,047","₩1,459,244",48,3.44%,"₩30,401",500313.7825,34.29%
TRUE,CG,ColorCoverTint_NatsuMatsuri_inf_ayagon__v01_VID_1x1_260729,ColorCoverTint,2026-07-29,2026-07-31,https://drive.google.com/file/d/18WiffHFc5f08UaSbeH_Tn6RztLuSNhxk/view?usp=sharing,"여름 축제·불꽃놀이처럼 땀 나고 오래 있는 날, 립 발색이 무너지지 않길 바랄 때",,"여름 이벤트에서 땀에도 발색이 무너질까 걱정하는 소비자가, 컬러커버틴트를 여름 지속 발색 솔루션으로 인식하는지 검증",773,6,0.78%,"₩1,362","₩8,173",0,0.00%,₩0,0,0.00%
TRUE,CG,T-DeepGlaze_LongLasting_inf_amy_v01_VID_1x1_260729,T-DeepGlaze,2026-07-31,2026-08-09,https://drive.google.com/file/d/1rGgx83ZA9IdJ20EFKfnfqJMgkPp7ZxSO/view?usp=sharing,"도중에 화장을 고칠 틈 없는 날, 오래 지속되는 립을 원할 때","묻어남 걱정 없이, 유리알 광택 유지.","화장을 자주 고치기 어려운 상황에서 아침 립 발색이 밤까지 유지되길 바라는 소비자가, 컬러 커버 틴트를 지속력 중심 립 솔루션으로 인식하는지 검증
립 색깔이 빠짐에 대한 부담을 줄여주는 지속력 중심 메시지가 소비자 반응을 유도하는지 검증 ","29,787",311,1.04%,₩780,"₩242,660",10,3.22%,"₩24,266",119254.4572,49.14%
TRUE,CG,ShadingStick_Beginner_inf_riko_biyou_v01_VID_1x1_260801,ShadingStick,2026-07-31,2026-08-08,https://drive.google.com/file/d/1gciE7XYEPRtfwCSRoupGXf85WnBOfjm5/view?usp=drivesdk,"쉐딩이 처음이라, 음영이 진해져 부자연스러워질까 겁날 때",쉐이딩 초보자도 슥 그리고 펴 바르면 끝. 쉽고 자연스러운 입체감.,"""음영이 너무 진해질까 무섭다""는 초심자의 불안이 반응을 일으키는지 검증
'初心者·失敗しない' 키워드 반복 노출이 카테고리 내 브랜드 인지도 확보로 이어지는지 검증","6,355",68,1.07%,"₩1,128","₩76,677",6,8.82%,"₩12,779",58511.86747,76.31%
TRUE,CG,ShadingStick_Beginner_inf_rico_beauty_v02_VID_1x1_260801,ShadingStick,2026-07-31,2026-08-08,https://drive.google.com/file/d/1rpo9nhZ6NxKXoCld6gsCRKZPSvvbFiIv/view?usp=drivesdk,"쉐딩이 처음이라, 음영이 진해져 부자연스러워질까 겁날 때","퇴근 후, 약속 전. 사라진 음영, 한 번의 터치로 부활!","""음영이 너무 진해질까 무섭다""는 초심자의 불안이 반응을 일으키는지 검증
'初心者·失敗しない' 키워드 반복 노출이 카테고리 내 브랜드 인지도 확보로 이어지는지 검증","30,225",346,1.14%,₩712,"₩246,335",11,3.18%,"₩22,394",113501.8545,46.08%
TRUE,CG,ShadingStick_Beginner_inf_neko_tigre_v02_VID_1x1_260801,ShadingStick,2026-07-31,2026-08-09,https://drive.google.com/file/d/1OklHRNs7ngGVFppxi3m8XyLumcOUQBk4/view?usp=drivesdk,"쉐딩이 처음이라, 음영이 진해져 부자연스러워질까 겁날 때","퇴근 후, 약속 전. 사라진 음영을 한 번의 터치로 부활!","""음영이 너무 진해질까 무섭다""는 초심자의 불안이 반응을 일으키는지 검증
'初心者·失敗しない' 키워드 반복 노출이 카테고리 내 브랜드 인지도 확보로 이어지는지 검증","47,088",626,1.33%,"₩1,122","₩702,261",23,3.67%,"₩30,533",322686.4575,45.95%
TRUE,CG,ShadingStick_Beginner_inf_marii_u_v01_VID_1x1_260801,ShadingStick,2026-07-31,2026-08-08,https://drive.google.com/file/d/1kfXA8HG06y9OJ1aWsQYD6ykjSS4qWCx9/view?usp=drivesdk,"쉐딩이 처음이라, 음영이 진해져 부자연스러워질까 겁날 때",쉐딩 초보자도 그리고 펴 바르기만 하면 끝. 쉽고 자연스러운 입체감.,"""음영이 너무 진해질까 무섭다""는 초심자의 불안이 반응을 일으키는지 검증
'初心者·失敗しない' 키워드 반복 노출이 카테고리 내 브랜드 인지도 확보로 이어지는지 검증","12,899",223,1.73%,₩588,"₩131,092",6,2.69%,"₩21,849",70051.46899,53.44%
TRUE,BOH,EyeCream_AirconDryness_inf_v01_VID_1x1_260801,EyeCream,2026-07-31,2026-08-09,https://drive.google.com/file/d/1jvDdsKMU3QaYZ9EESMX2bpcj_R1UErJg/view?usp=drivesdk,"에어컨 등으로 아침/낮 눈가 건조를 느껴 
'보습 추가'가 필요하다고 판단, 우선 눈가에 맞는 아이템을 시도하려 함.",NAD로 건조한 눈가에 수분과 탄력을.,"에어컨 환경에서도 쉽게 건조해지는 눈가에 고보습 케어가 필요하다고 느끼는 소비자가, NAD 아이크림을 짧은 기간 내 보습감과 광채를 체감할 수 있는 데일리 눈가 케어 솔루션으로 인식하는지 검증","20,698",526,2.54%,₩853,"₩448,935",20,3.80%,"₩22,447",896835.8491,199.77%
TRUE,BOH,EyeCream_Vitality_inf_v02_VID_1x1_260801,EyeCream,2026-07-31,2026-08-09,https://drive.google.com/file/d/117q6Tbis3Mj5xqB2ReuDtZn2X2arremb/view?usp=drivesdk,"수면부족, 피로 누적 다음 날 거울 속 '칙칙함과 다크서클'을 발견하고 다급해짐. 
바로 눈가 인상을 개선하고자 함.",이거 하나로 눈가 잔주름과 팔자 주름을 한꺼번에 집중 케어.,"피로로 인해 눈밑이 칙칙해 보이거나 다크서클이 신경 쓰이는 소비자가, NAD 아이크림을 자극 부담 없이 당일 눈가 컨디션과 광채를 관리할 수 있는 솔루션으로 인식하는지 검증","131,713","2,363",1.79%,"₩1,343","₩3,173,213",172,7.28%,"₩18,449",4340194.175,136.78%
TRUE,WM,SoftBlurEye_inf_cosme_maniadayu_Original_VID_9x16_260801,SoftBlurEye,2026-08-01,2026-08-09,https://drive.google.com/file/d/1Mrb2w75Z0rOOAKA2zVv0nkvdBFJidwZ0/view?usp=drivesdk,,16가지 색상의 가능성은 무한대,,"119,790","3,465",2.89%,₩305,"₩1,056,084",81,2.34%,"₩13,038",1855485.154,175.69%
TRUE,WM,Seamless_Photo_inf_yaco_biyou___v01_VID_9x16_260729,Seamless,2026-08-01,2026-08-05,https://drive.google.com/file/d/1U9H9e21Y7DIzTiDzeAtpEHnrKMrdns33/view?usp=drivesdk,"모공·칙칙함·색 얼룩은 가리고 싶은데, 두꺼워 보이는 건 싫을 때",얇게 발라도 모공 없는 매끈한 피부로.,"모공·얼룩은 커버하되 두꺼워 보이긴 싫은 소비자가, 심리스 파운데이션을 얇게 균일하게 커버하는 밀착 솔루션으로 인식하는지 검증","3,771",394,10.45%,₩121,"₩47,638",6,1.52%,"₩7,940",94672.43855,198.73%
TRUE,WM,Seamless_LongLasting_inf_yaco_biyou___v01_VID_9x16_260729,Seamless,2026-08-01,2026-08-05,https://drive.google.com/file/d/1ZG0rxErShhJ9Y0WNIRPce3fRq3z1EjNx/view?usp=drivesdk,"아침에 화장하고 나서, 무너짐 걱정 없이 밤까지 깔끔한 피부 상태가 유지되길 바랄 때","아침 화장 그대로, 밤까지 유지!","하루 종일 화장 무너짐 없이 밤까지 깔끔한 피부 표현을 유지하고 싶어하는 소비자가, 심리스 파운데이션을 장시간 무너짐 방지 솔루션으로 인식하는지 검증","3,233",244,7.55%,₩154,"₩37,691",5,2.05%,"₩7,538",106609.4773,282.85%
TRUE,WM,Seamless_inf_miho.k_Original_VID_9x16_260801,Seamless,2026-08-01,2026-08-05,https://drive.google.com/file/d/18rYF1jhWb5IkazCE6b9q51Uuk44eiN2Z/view?usp=drivesdk,,쌩얼 같은데 피부가 예뻐 보이는 요즘 데일리 메이크업,,"3,951",159,4.02%,₩219,"₩34,853",10,6.29%,"₩3,485",252217.4238,723.65%
TRUE,WM,Seamless_inf_yaco_biyou_Original_VID_9x16_260801,Seamless,2026-08-01,2026-08-05,https://drive.google.com/file/d/1nNipa1i2A7Oxh4mnzpC9wuvJy5J64Hgl/view?usp=drivesdk,,답답함 없는 얇고 매끈한 피부 표현,,"3,591",239,6.66%,₩142,"₩34,018",3,1.26%,"₩11,339",57722.64821,169.68%
TRUE,CG,ShadingStick_inf_marii_u_Original_VID_9x16_260801,ShadingStick,2026-08-01,2026-08-04,https://drive.google.com/file/d/1X3NEBiZBGMDaFG69H_6CI7Ee0HxzBHul/view?usp=drivesdk,,3초 만에 입체감을 만들 수 있는 쉐딩,,"13,873",159,1.15%,₩547,"₩86,927",6,3.77%,"₩14,488",66092.17417,76.03%
TRUE,CG,ShadingStick_inf_neko_tigre_Original_VID_9x16_260801,ShadingStick,2026-08-01,2026-08-04,https://drive.google.com/file/d/1TwcEzhZ6tX4ZMsJXHLcYXpirtho6QHY6/view?usp=drivesdk,,몰래 확실하게 예뻐지고 싶어.,,"19,392",159,0.82%,₩704,"₩111,892",4,2.52%,"₩27,973",56626.61767,50.61%
TRUE,CG,ShadingStick_inf_rico_beauty_Original_VID_9x16_260801,ShadingStick,2026-08-01,2026-08-04,https://drive.google.com/file/d/1p_PQ5ihf0DLQd0lVXSHR_hEULqZCzbOi/view?usp=drivesdk,,노즈 쉐딩이 어려운 사람 주목! 자연스러운 입체 코를 만드는 쉐딩 방법,,"26,152",297,1.14%,₩349,"₩103,621",3,1.01%,"₩34,540",28137.30413,27.15%
TRUE,CG,ShadingStick_inf_riko_biyou_Original_VID_9x16_260801,,2026-08-01,2026-08-04,https://drive.google.com/file/d/1sVqlPjUBgp69m60uLfou9uT3xNzUO2OF/view?usp=drivesdk,,"노즈 쉐딩, 부자연스러워 보이는 분들은 이거 따라 해보세요!",,"29,493",262,0.89%,₩691,"₩180,921",7,2.67%,"₩25,846",96264.47302,53.21%
TRUE,CG,T-DeepGlaze_inf_ayagon_Original_VID_9x16_260801,T-DeepGlaze,2026-08-01,2026-08-04,https://drive.google.com/file/d/1KT3aJluEay256MhcopZcG_o6Hx3_MulP/view?usp=drivesdk,,"연구 끝에 드디어 찾아낸, 미모 폭발 립 메이크업",,"13,247",245,1.85%,₩346,"₩84,695",8,3.27%,"₩10,587",89014.70125,105.10%
TRUE,CG,T-DeepGlaze_Volume_inf_anyo___n__v01_VID_9x16_260729,T-DeepGlaze,2026-08-01,2026-08-04,https://drive.google.com/file/d/1G3RJWE3klNPTdu_teegB64gFOnJaRIPj/view?usp=drivesdk,"입술이 얇고 볼륨 없어 보여, 유리알 광택으로 도톰하고 탱글하게 연출하고 싶을 때","사르르 녹는 광택으로, 탱글하게 예뻐지다.","얇은 입술을 유리알 광택으로 도톰하게 연출하고 싶은 소비자가, 탕후루 딥글레이즈를 광택·볼륨을 주는 글로시 틴트 솔루션으로 인식하는지 검증","15,138",287,1.90%,₩312,"₩89,572",5,1.74%,"₩17,914",46435.61875,51.84%
TRUE,CG,T-DeepGlaze_Volume_inf_anyo___n__v01-ONEDAY_VID_9x16_260729,T-DeepGlaze,2026-08-01,2026-08-04,https://drive.google.com/file/d/1OUk1ipKiOuuXnRGbxboVzv0eeWcBZM9p/view?usp=drivesdk,"입술이 얇고 볼륨 없어 보여, 유리알 광택으로 도톰하고 탱글하게 연출하고 싶을 때",연구를 거듭한 끝에 드디어 찾아낸 갓벽하게 예뻐지는 립,"얇은 입술을 유리알 광택으로 도톰하게 연출하고 싶은 소비자가, 탕후루 딥글레이즈를 광택·볼륨을 주는 글로시 틴트 솔루션으로 인식하는지 검증","23,052",296,1.28%,₩431,"₩127,661",4,1.35%,"₩31,915",46910.04217,36.75%
TRUE,CG,ColorCoverTint_ColorCorrecting_inf_ayagon__v01_VID_9x16_260729,ColorCoverTint,2026-08-01,2026-08-04,https://drive.google.com/file/d/16tjFumHdqHG10KPcOEUBapcAVUaOS1ne/view?usp=drivesdk,"입술이 칙칙하고 얼룩져 틴트를 발라도 원하는 색이 나오지 않아, 본래 톤을 커버해 균일하게 정돈하고 안색까지 화사하게 만들고 싶을 때","칙칙함을 커버하고, 보이는 그대로의 발색.","칙칙하고 얼룩진 입술 톤 때문에 틴트 발색이 원하는 대로 나오지 않는다고 느끼는 소비자가, 긱누드 컬러커버틴트를 본래 톤을 커버해 원하는 색과 안색을 살려주는 톤 커버·발색 솔루션으로 인식하는지 검증","62,786",998,1.59%,₩438,"₩437,213",12,1.20%,"₩36,434",143006.7082,32.71%
TRUE,CG,ColorCoverTint_inf_ayagon_Original_VID_9x16_260801,ColorCoverTint,2026-08-01,2026-08-04,https://drive.google.com/file/d/1eJAtsG2J0TMAcbiMc4PvmkUibGTdmO9r/view?usp=drivesdk,,연구 끝에 드디어 찾아낸 역대급 립 메이크업,,"56,747",566,1.00%,₩613,"₩346,942",13,2.30%,"₩26,688",167839.4507,48.38%
TRUE,CG,ColorCoverTint_LongLasting_inf_anyo___n__v01_VID_9x16_260729,ColorCoverTint,2026-08-01,2026-08-04,https://drive.google.com/file/d/1yZ8syIU2Q0wiFLLwDO6f8Bkz_ZN630Do/view?usp=drivesdk,"도중에 화장을 고칠 틈 없는 날, 오래 지속되는 립을 원할 때",하루 종일 유지되는 선명한 발색의 컬러 커버 틴트,"화장을 자주 고치기 어려운 상황에서 아침 립 발색이 밤까지 유지되길 바라는 소비자가, 컬러 커버 틴트를 지속력 중심 립 솔루션으로 인식하는지 검증
립 색깔이 빠짐에 대한 부담을 줄여주는 지속력 중심 메시지가 소비자 반응을 유도하는지 검증 ","39,406",511,1.30%,₩517,"₩264,419",8,1.57%,"₩33,052",85982.71559,32.52%
TRUE,CG,ColorCoverTint_LongLasting_inf_bluemoon_v01_VID_1x1_260729,ColorCoverTint,2026-08-01,2026-08-09,https://drive.google.com/file/d/1inqrYidRUWvpiXSocwpz0vb2pu4zLJ2-/view?usp=drivesdk,"도중에 화장을 고칠 틈 없는 날, 오래 지속되는 립을 원할 때","덧바를 수 없는 날에도, 나만의 컬러가 지속된다.","화장을 자주 고치기 어려운 상황에서 아침 립 발색이 밤까지 유지되길 바라는 소비자가, 컬러 커버 틴트를 지속력 중심 립 솔루션으로 인식하는지 검증
립 색깔이 빠짐에 대한 부담을 줄여주는 지속력 중심 메시지가 소비자 반응을 유도하는지 검증 ","74,056","1,174",1.59%,₩574,"₩674,447",14,1.19%,"₩48,175",221353.0784,32.82%
TRUE,CG,ColorCoverTint_LongLasting_inf_piu1me_v01_VID_9x16_260729,ColorCoverTint,2026-08-01,2026-08-04,https://drive.google.com/file/d/1VC8bZNh15rnzXtzCrnX5-3birJlMEc05/view?usp=drivesdk,"입술이 얇고 볼륨 없어 보여, 유리알 광택으로 도톰하고 탱글하게 연출하고 싶을 때","덧바를 수 없는 날에도, 나만의 색이 유지된다.","얇은 입술을 유리알 광택으로 도톰하게 연출하고 싶은 소비자가, 탕후루 딥글레이즈를 광택·볼륨을 주는 글로시 틴트 솔루션으로 인식하는지 검증","64,356",587,0.91%,₩731,"₩429,114",14,2.39%,"₩30,651",177635.7515,41.40%
TRUE,CG,T-DeepGlaze_Volume_inf_anyo___n__v01-ONEDAY_VID_1x1_260729,T-DeepGlaze,2026-08-01,2026-08-09,https://drive.google.com/file/d/1vpjWOdiLgrDEuZAh7J81481fk0uVp4Rz/view?usp=drivesdk,"입술이 얇고 볼륨 없어 보여, 유리알 광택으로 도톰하고 탱글하게 연출하고 싶을 때","사르르 녹는 광택으로, 탱글하게 예뻐진다.","얇은 입술을 유리알 광택으로 도톰하게 연출하고 싶은 소비자가, 탕후루 딥글레이즈를 광택·볼륨을 주는 글로시 틴트 솔루션으로 인식하는지 검증","10,514",101,0.96%,"₩1,787","₩180,469",12,11.88%,"₩15,039",132706.4384,73.53%
TRUE,WM,Seamless_LongLasting_inf_yaco_biyou___v01_VID_1x1_260729,Seamless,2026-07-29,2026-08-07,https://drive.google.com/file/d/1ZSozNNfvaXY7I8vGpPPLzQ6_xVeJ4-V_/view?usp=drivesdk,"아침에 화장하고 나서, 무너짐 걱정 없이 밤까지 깔끔한 피부 상태가 유지되길 바랄 때","아침 화장 그대로, 밤까지 유지!","하루 종일 화장 무너짐 없이 밤까지 깔끔한 피부 표현을 유지하고 싶어하는 소비자가, 심리스 파운데이션을 장시간 무너짐 방지 솔루션으로 인식하는지 검증","2,555",53,2.07%,₩839,"₩44,488",4,7.55%,"₩11,122",146679.6157,329.71%
TRUE,WM,Seamless_Photo_inf_yaco_biyou___v01_VID_1x1_260729,Seamless,2026-07-29,2026-08-06,https://drive.google.com/file/d/1J2XqxGpHkR7Ai9fCc-32l0hAcgVUG22C/view?usp=drivesdk,"모공·칙칙함·색 얼룩은 가리고 싶은데, 두꺼워 보이는 건 싫을 때",얇게 발라도 모공 없는 피부로.,"모공·얼룩은 커버하되 두꺼워 보이긴 싫은 소비자가, 심리스 파운데이션을 얇게 균일하게 커버하는 밀착 솔루션으로 인식하는지 검증","2,124",19,0.89%,"₩1,880","₩35,716",1,5.26%,"₩35,716",22637.91297,63.38%
TRUE,WM,Seamless_BusyDay_inf_yui_v01_VID_1x1_260729,Seamless,2026-08-01,2026-08-09,https://drive.google.com/file/d/1gQ6fKRa2_VPtQgH-Nzb1WROWXrRIaJj7/view?usp=drivesdk,"바쁜 아침에도, 두껍지 않고 균일한 피부톤으로 만들고 싶을 때",,"바쁜 아침에도 예쁜 피부 표현을 원하는 소비자가, 심리스 파운데이션을 얇게 균일하게 커버하는 밀착 솔루션으로 인식하는지 검증","3,253",59,1.81%,"₩1,054","₩62,212",9,15.25%,"₩6,912",199805.0186,321.17%
TRUE,WM,Seamless_EvenApply_inf_iwanamiyui__v01_VID_1x1_260729,Seamless,2026-08-01,2026-08-09,https://drive.google.com/file/d/1eXvgTBJX240vM9rpjHq5wz4kHxkUL0vk/view?usp=drivesdk,"바쁜 아침에도, 두껍지 않고 균일한 피부톤으로 만들고 싶을 때",바쁜 아침에도 빠르게 얇은 밀착. 얼룩 없이 정돈된 깨끗한 피부 톤으로.,"바쁜 아침에도 예쁜 피부 표현을 원하는 소비자가, 심리스 파운데이션을 얇게 균일하게 커버하는 밀착 솔루션으로 인식하는지 검증","5,175",112,2.16%,"₩1,086","₩121,579",25,22.32%,"₩4,863",707518.9072,581.94%
TRUE,WM,SoftBlurEye_NoFailure_inf_momoqross__v01_VID_1x1_260729,SoftBlurEye,2026-07-29,2026-08-09,https://drive.google.com/file/d/1A-JAMysNVIp2ynPqpUm_3hNs75yNQdZu/view?usp=drivesdk,깔끔하고 인상에 남는 눈매를 만들고 싶을 때,실패 없는 이미지 변신.,"좋은 인상을 주는 눈매를 실패 없이 연출하고 싶어하는 니즈에 공감하는 소비자가, 소프트 블러링 아이팔레트를 데일리 아이메이크업 솔루션으로 인식하는지 검증","170,606","2,460",1.44%,₩714,"₩1,757,597",139,5.65%,"₩12,645",3930396.28,223.62%
TRUE,WM,SoftBlurEye_BusyDay_inf_miiis__v02_VID_1x1_260729,SoftBlurEye,2026-07-29,2026-08-09,https://drive.google.com/file/d/1bpL4VJqnXOqYt6m5j8eeUiaeBzBLFvP0/view?usp=drivesdk,"통근 전 바쁜 아침, 빠르게 자연스럽고 실패 없는 아이메이크업을 원할때",아침 5분. 고민 없는 아이 메이크업.,"시간이 부족한 아침에 실패 없이 눈매를 완성하고 싶은 소비자가, 소프트 블러링 아이팔레트를 빠르게 완성하는 데일리 솔루션으로 인식하는지 검증","15,508",168,1.08%,"₩1,298","₩218,021",30,17.86%,"₩7,267",653637.0191,299.81%
TRUE,WM,SoftBlurEye_BusyDay_inf_miiis__v01_VID_1x1_260729,SoftBlurEye,2026-07-29,2026-08-09,https://drive.google.com/file/d/1a2li9SbTlI6_qxtXSO_G6gJS42WHoYq-/view?usp=drivesdk,"통근 전 바쁜 아침, 빠르게 자연스럽고 실패 없는 아이메이크업을 원할때","바쁜 아침일수록, 실패하기 어려운 아이 팔레트.","시간이 부족한 아침에 실패 없이 눈매를 완성하고 싶은 소비자가, 소프트 블러링 아이팔레트를 빠르게 완성하는 데일리 솔루션으로 인식하는지 검증","24,385",370,1.52%,₩869,"₩321,569",46,12.43%,"₩6,991",1088316.746,338.44%
TRUE,WM,SoftBlurEye_NoFailure_inf_maniadayu_v01_VID_1x1_260729,SoftBlurEye,2026-07-31,2026-08-09,https://drive.google.com/file/d/1fkv5NUBMAYYPN_x5ccKLOg_bxRDfNb8Z/view?usp=drivesdk,깔끔하고 인상에 남는 눈매를 만들고 싶을 때,실패 없는 이미지 변신.,"좋은 인상을 주는 눈매를 실패 없이 연출하고 싶어하는 니즈에 공감하는 소비자가, 소프트 블러링 아이팔레트를 데일리 아이메이크업 솔루션으로 인식하는지 검증","103,946","1,256",1.21%,"₩1,101","₩1,383,277",80,6.37%,"₩17,291",1878721.141,135.82%
TRUE,WM,SoftBlurEye_NoFailure_inf_momoqross__v01_VID_9x16_260729,SoftBlurEye,2026-08-03,2026-08-09,https://drive.google.com/file/d/18UtQdmhEOfd02fivKqFs_gm0K97ThfOc/view?usp=drivesdk,깔끔하고 인상에 남는 눈매를 만들고 싶을 때,실패 없는 이미지 변신. 팔레트 하나로 오늘의 기분까지 바뀐다.,"좋은 인상을 주는 눈매를 실패 없이 연출하고 싶어하는 니즈에 공감하는 소비자가, 소프트 블러링 아이팔레트를 데일리 아이메이크업 솔루션으로 인식하는지 검증","12,431",594,4.78%,₩246,"₩145,916",17,2.86%,"₩8,583",416156.4852,285.20%
TRUE,WM,SoftBlurEye_BusyDay_inf_miiis__v02_VID_9x16_260729,SoftBlurEye,2026-08-03,2026-08-09,https://drive.google.com/file/d/122hNnaPLhcNP3jTCnaEZ8HniB_p28p7A/view?usp=drivesdk,"통근 전 바쁜 아침, 빠르게 자연스럽고 실패 없는 아이메이크업을 원할때",아침 5분. 고민 없는 아이 메이크업.,"시간이 부족한 아침에 실패 없이 눈매를 완성하고 싶은 소비자가, 소프트 블러링 아이팔레트를 빠르게 완성하는 데일리 솔루션으로 인식하는지 검증","11,027",649,5.89%,₩207,"₩134,151",18,2.77%,"₩7,453",467861.7865,348.76%
TRUE,WM,SoftBlurEye_BusyDay_inf_miiis__v01_VID_9x16_260729,SoftBlurEye,2026-08-03,2026-08-09,https://drive.google.com/file/d/1jNwTBeUqE6dNHmd1Y8gvkaWox2anbdNw/view?usp=drivesdk,"통근 전 바쁜 아침, 빠르게 자연스럽고 실패 없는 아이메이크업을 원할때","바쁜 아침일수록, 실패 없는 아이 팔레트.","시간이 부족한 아침에 실패 없이 눈매를 완성하고 싶은 소비자가, 소프트 블러링 아이팔레트를 빠르게 완성하는 데일리 솔루션으로 인식하는지 검증","12,504","1,016",8.13%,₩150,"₩152,576",20,1.97%,"₩7,629",468511.8491,307.07%
TRUE,WM,SoftBlurEye_ImageChange_inf_matsumoto_v01_VID_1x1_260729,SoftBlurEye,2026-07-29,2026-07-29,https://drive.google.com/file/d/1gZaZlb6Oa0ZkUU-yVzHDpltYL53J2d9C/view?usp=drivesdk,"새로운 분위기로 이미지 변신을 하고 싶어, 평소와 다른 인상적인 눈매를 연출하고 싶을 때","여름 축제는, 평소와 다른 나로.",자유로운 색/제형(매트/글리터) 조합으로 인상적인 눈매 연출을 통해 이미지 변화를 기대하는 니즈가 소비자 반응을 유도하는지 검증,89,1,1.12%,₩972,₩972,0,0.00%,₩0,0,0.00%
TRUE,WM,SoftBlurEye_NatsuMatsuri_inf_matsumoto_v01_VID_1x1_260729,SoftBlurEye,2026-07-29,2026-07-29,https://drive.google.com/file/d/1M0OzZi7qOr-iBThH9bMP_p8Q9UVzqGLa/view?usp=drivesdk,"여름 축제·행사처럼 오래 있는 날, 땀에도 아이메이크업이 무너지지 않길 바랄 때","여름 축제 마지막까지, 땀에도 무너지지 않아. 아이 메이크업, 계속 유지!","여름 이벤트에서 땀에도 아이메이크업이 무너질까 걱정하는 소비자가, 소프트 블러링 아이팔레트를 장시간 지속되는 여름 아이메이크업 솔루션으로 인식하는지 검증",91,1,1.10%,"₩1,313","₩1,313",0,0.00%,₩0,0,0.00%
TRUE,WM,SoftBlurEye_NatsuMatsuri_inf_miyu_biyo__v01_VID_1x1_260729,SoftBlurEye,2026-07-29,2026-08-01,https://drive.google.com/file/d/1lrQXgJCtycnDEaMqnSM7x2BkpVVRlsHd/view?usp=drivesdk,"여름 축제·행사처럼 오래 있는 날, 땀에도 아이메이크업이 무너지지 않길 바랄 때","땀에도 무너지지 않는, 버릴 색 없는 16구 팔레트","여름 이벤트에서 땀에도 아이메이크업이 무너질까 걱정하는 소비자가, 소프트 블러링 아이팔레트를 장시간 지속되는 여름 아이메이크업 솔루션으로 인식하는지 검증","20,076",395,1.97%,₩668,"₩263,762",6,1.52%,"₩43,960",142971.6362,54.20%
TRUE,CG,ShadingStick_Beginner_riko_biyou_v01_VID_1x1_260801,ShadingStick,2026-08-01,2026-08-04,https://drive.google.com/file/d/1gciE7XYEPRtfwCSRoupGXf85WnBOfjm5/view?usp=sharing,"쉐딩이 처음이라, 음영이 진해져 부자연스러워질까 겁날 때",,"""음영이 너무 진해질까 무섭다""는 초심자의 불안이 반응을 일으키는지 검증
'初心者·失敗しない' 키워드 반복 노출이 카테고리 내 브랜드 인지도 확보로 이어지는지 검증","15,829",139,0.88%,₩604,"₩83,971",4,2.88%,"₩20,993",49178.07311,58.57%
TRUE,WM,SpatulaMiniDuo_Pinpoint_Product_v01_VID_9x16_260801,SpatulaMiniDuo,2026-08-05,2026-08-05,https://drive.google.com/file/d/17vs-IMMxNd0poNx-3tw6-eAoaNZUm1xn/view?usp=drivesdk,코 옆·눈가·입가처럼 세밀한 부분까지 파운데이션을 균일하고 깔끔하게 바르고 싶을 때,"세밀한 부분까지 뭉침 없이. 콧망울, 눈가, 입가까지 빈틈없는 밀착.","코 옆·눈가·입가 등 세밀한 부분까지 파운데이션을 균일하게 바르고 싶은 소비자가, 파데 브러시를 좁은 부위도 깔끔하게 도포하는 세밀 도구 솔루션으로 인식하는지 검증",174,0,0.00%,₩0,"₩1,210",0,0.00%,₩0,0,0.00%
TRUE,WM,Seamless_SweatProof_inf_narumi_v01_VID_1x1_260729,Seamless,2026-08-05,2026-08-09,https://drive.google.com/file/d/1EdI1la2Xhltx2vxoBVbxB5lpUnb4cgRL/view?usp=drivesdk,"여름철 땀·피지로 오후엔 화장이 무너질까 걱정되는 날, 아침 상태 그대로 유지되길 바랄 때","밖으로 나가는 순간, 벌써 땀이 나. 그래도 오늘 메이크업은 무너뜨리고 싶지 않아.","땀·피지 환경에서도 아침에 완성한 피부 표현을 오후까지 균일하게 유지하고 싶어하는 소비자가, 심리스 파운데이션을 화장 지속력 솔루션으로 인식하는지 검증",724,10,1.38%,"₩1,395","₩13,953",1,10.00%,"₩13,953",25167.35512,180.37%
TRUE,WM,SpatulaMiniDuo_Trip_Product_v01_VID_9x16_260801,SpatulaMiniDuo,2026-08-05,2026-08-05,https://drive.google.com/file/d/1QXfbsRffkjFyE--kAHf0x94GKZe5T90R/view?usp=drivesdk,"여행이나 출장으로 짐을 줄여야 할 때, 가방에 쏙 넣어 어디서든 베이스 메이크업을 완성하고 싶을 때",가방에 쏙! 여행지 베이스 메이크업에 딱!,"여행·출장 등 이동이 잦은 상황에서 부피를 줄이면서도 세부까지 깔끔하게 바를 수 있는 휴대용 베이스 도구 니즈에 공감하는 소비자가, 파운데이션 브러시 미니 듀오 세트를 휴대성 좋은 베이스 메이크업 솔루션으로 인식하는지 검증",219,0,0.00%,₩0,"₩1,597",1,0.00%,"₩1,597",19067.77616,1194.24%
TRUE,WM,Seamless_SweatProof_inf_mito_v01_VID_1x1_260729,Seamless,2026-08-05,2026-08-09,https://drive.google.com/file/d/1UyDKAYMOKASfC7CJsd_-AChqUxl554A1/view?usp=drivesdk,"여름철 땀·피지로 오후엔 화장이 무너질까 걱정되는 날, 아침 상태 그대로 유지되길 바랄 때",밖에 나가는 순간 벌써 땀이 나요. 그래도 오늘 메이크업은 무너뜨리고 싶지 않아요.,"땀·피지 환경에서도 아침에 완성한 피부 표현을 오후까지 균일하게 유지하고 싶어하는 소비자가, 심리스 파운데이션을 화장 지속력 솔루션으로 인식하는지 검증",742,7,0.94%,"₩2,151","₩15,060",0,0.00%,₩0,0,0.00%
TRUE,WM,Seamless_SweatProof_inf_miho.k__v01_VID_1x1_260729,Seamless,2026-08-05,2026-08-09,https://drive.google.com/file/d/1wv75Yyv_HSyNnA33Mg4NR2UEujZFir2n/view?usp=drivesdk,"여름철 땀·피지로 오후엔 화장이 무너질까 걱정되는 날, 아침 상태 그대로 유지되길 바랄 때","밖에 나가는 순간, 벌써 땀이 난다. 그래도 오늘 메이크업은 무너뜨리고 싶지 않아.","땀·피지 환경에서도 아침에 완성한 피부 표현을 오후까지 균일하게 유지하고 싶어하는 소비자가, 심리스 파운데이션을 화장 지속력 솔루션으로 인식하는지 검증","2,746",27,0.98%,"₩2,032","₩54,852",6,22.22%,"₩9,142",137020.2849,249.80%
TRUE,WM,Seamless_SweatProof_inf_hotaru_v01_VID_1x1_260729,Seamless,2026-08-05,2026-08-09,https://drive.google.com/file/d/1UjTDvjRvlSJdS0L6x2kSnBVuOt7KXq4H/view?usp=drivesdk,"여름철 땀·피지로 오후엔 화장이 무너질까 걱정되는 날, 아침 상태 그대로 유지되길 바랄 때","밖으로 나가는 순간, 벌써 땀이 난다. 그래도, 오늘 메이크업은 무너뜨리고 싶지 않아.","땀·피지 환경에서도 아침에 완성한 피부 표현을 오후까지 균일하게 유지하고 싶어하는 소비자가, 심리스 파운데이션을 화장 지속력 솔루션으로 인식하는지 검증",349,2,0.57%,"₩3,168","₩6,335",0,0.00%,₩0,0,0.00%
TRUE,WM,Seamless_LongLasting_inf_yaco_biyou__v01-ONEDAY_VID_9x16_260729,Seamless,2026-08-06,2026-08-09,https://drive.google.com/file/d/14q64p2qJw6bGcN7AL25Z7Ex3NqsgLB7L/view?usp=drivesdk,"아침에 화장하고 나서, 무너짐 걱정 없이 밤까지 깔끔한 피부 상태가 유지되길 바랄 때","아침의 화장 그대로, 밤까지 유지!","하루 종일 화장 무너짐 없이 밤까지 깔끔한 피부 표현을 유지하고 싶어하는 소비자가, 심리스 파운데이션을 장시간 무너짐 방지 솔루션으로 인식하는지 검증","43,836",592,1.35%,₩924,"₩547,073",58,9.80%,"₩9,432",1187376.839,217.04%
TRUE,WM,Seamless_Photo_inf_yaco_biyou___v01-ONEDAY_VID_1x1_260729,Seamless,2026-08-06,2026-08-09,https://drive.google.com/file/d/1H50Z5quNFYRckF5O2moX0T8nHU3HKLp7/view?usp=drivesdk,"모공·칙칙함·색 얼룩은 가리고 싶은데, 두꺼워 보이는 건 싫을 때","얇게 발라도, 모공 없는 피부로.","모공·얼룩은 커버하되 두꺼워 보이긴 싫은 소비자가, 심리스 파운데이션을 얇게 균일하게 커버하는 밀착 솔루션으로 인식하는지 검증","7,390",77,1.04%,"₩1,104","₩84,971",1,1.30%,"₩84,971",28423.95316,33.45%
TRUE,WM,Seamless_Photo_B&A_v02-ONEDAY_BNR_1x1_260729,Seamless,2026-08-07,2026-08-09,https://drive.google.com/file/d/1JcS1GXEW2ZUWvV6xgONSis63hrrkSnr8/view?usp=drivesdk,"모공·칙칙함·색 얼룩은 가리고 싶은데, 두꺼워 보이는 건 싫을 때",사진에서도 모공 없는 매끈하고 균일한 피부,"모공·얼룩은 커버하되 두꺼워 보이긴 싫은 소비자가, 심리스 파운데이션을 얇게 균일하게 커버하는 밀착 솔루션으로 인식하는지 검증","6,641",96,1.45%,₩713,"₩68,462",9,9.38%,"₩7,607",208933.266,305.18%
TRUE,WM,Seamless_Photo_B&A_v01-ONEDAY_BNR_1x1_260729,Seamless,2026-08-07,2026-08-09,https://drive.google.com/file/d/1aJs7Bx5vNjcCWcAN-b9faiOvTZrZ4gwu/view?usp=drivesdk,"모공·칙칙함·색 얼룩은 가리고 싶은데, 두꺼워 보이는 건 싫을 때",사진에서도 얼룩 없이 매끈하게.,"모공·얼룩은 커버하되 두꺼워 보이긴 싫은 소비자가, 심리스 파운데이션을 얇게 균일하게 커버하는 밀착 솔루션으로 인식하는지 검증","1,812",18,0.99%,"₩1,140","₩20,516",3,16.67%,"₩6,839",69589.25301,339.19%
TRUE,WM,Seamless_LongLasting_B&A_v01-ONEDAY_VID_1x1_260729,Seamless,2026-08-07,2026-08-09,https://drive.google.com/file/d/1RAb3PaxHs6xT7pk3L5tANtwLzut6ICy8/view?usp=drivesdk,"아침에 화장하고 나서, 무너짐 걱정 없이 밤까지 깔끔한 피부 상태가 유지되길 바랄 때","무너짐 걱정 없이, 밤까지 깨끗하게.","하루 종일 화장 무너짐 없이 밤까지 깔끔한 피부 표현을 유지하고 싶어하는 소비자가, 심리스 파운데이션을 장시간 무너짐 방지 솔루션으로 인식하는지 검증","2,587",41,1.58%,₩837,"₩34,323",8,19.51%,"₩4,290",260259.5368,758.26%
TRUE,WM,Seamless_SweatProof_Product_v01-ONEDAY_BNR_1x1_260729,Seamless,2026-08-07,2026-08-09,https://drive.google.com/file/d/18FQgWyPlVqaW8n2u84KDmYNW-zcR9n2H/view?usp=drivesdk,"여름철 땀·피지로 오후엔 화장이 무너질까 걱정되는 날, 아침 상태 그대로 유지되길 바랄 때",땀과 피지에도 끄떡없는 무너짐 없는 여름 파운데이션,"땀·피지 환경에서도 아침에 완성한 피부 표현을 오후까지 균일하게 유지하고 싶어하는 소비자가, 심리스 파운데이션을 화장 지속력 솔루션으로 인식하는지 검증","5,181",80,1.54%,₩758,"₩60,601",4,5.00%,"₩15,150",83416.18395,137.65%
TRUE,BOH,3D-Refill_Interview_Model_v03_BNR_1x1_260814,3D-Refill,2026-08-14,2026-08-23,https://drive.google.com/file/d/1ukO3BNpFF0CEPA0YmVe42inmbdg_MArn/view?usp=drivesdk,"처짐이 ""슬슬 현실""로 느껴지기 시작해, 화장품으로 밤에 집중 케어하고 싶을 때",화면 속 내 모습에 깜짝 놀랐다면. 밤사이 준비하는 탄력 케어.,오랜만에 거울을 보며 페이스라인 및 하안부 노화를 체감한 소비자에게 홈 리프팅 케어 메시지가 반응을 유도하는지 검증,"21,100",352,1.67%,₩734,"₩258,354",62,17.61%,"₩4,167",2303647.967,891.66%
TRUE,BOH,3D-Refill_NightWrap_Product_v02-2_BNR_1x1_260814,3D-Refill,2026-08-14,2026-08-22,https://drive.google.com/file/d/1TLSVSazq-G2vn2KiJYfKUt4AoAKO0jda/view?usp=drivesdk,"여름 철, 하루 종일 냉방·건조에도 수분이 무너지지 않게 잡아두고 싶을 때","가지고 계신 에센스, 그대로 두면 증발해버려요!","냉방 환경에서 기존 스킨케어가 쉽게 날아가 하루 종일 유지되길 바란다고 느끼는 소비자가, 3D 리필 크림을 무거운 제형으로 수분을 걸어 잠가 저녁까지 지속시킬 수 있는 올데이 밀봉 케어 솔루션으로 인식하는지 검증","5,611",72,1.28%,₩942,"₩67,831",32,44.44%,"₩2,120",1611741.411,2376.11%
TRUE,BOH,3D-Refill_NightWrap_Product_v04-2_BNR_1x1_260814,3D-Refill,2026-08-14,2026-08-19,https://drive.google.com/file/d/1DMf8nvUk4EAi76XVtCaqpbtQYct34D0o/view?usp=drivesdk,"여름 철, 하루 종일 냉방·건조에도 수분이 무너지지 않게 잡아두고 싶을 때","스킨케어의 마지막은, '바르는 것'보다 '가두는 것'.","냉방 환경에서 기존 스킨케어가 쉽게 날아가 하루 종일 유지되길 바란다고 느끼는 소비자가, 3D 리필 크림을 무거운 제형으로 수분을 걸어 잠가 저녁까지 지속시킬 수 있는 올데이 밀봉 케어 솔루션으로 인식하는지 검증","5,943",89,1.50%,₩917,"₩81,645",19,21.35%,"₩4,297",441952.1904,541.31%
FALSE,CG,AegyoMaker_MidFace_Model_v01_BNR_1x1_260824,AegyoMaker,2026-08-24,2026-09-06,https://drive.google.com/file/d/1QtuA0Q9lC3NOuTc5n1OENKUWWj-F0NgV/view?usp=drivesdk,"중안부가 길어 보여, 애교살을 살려 눈의 무게중심을 아래로 내려 얼굴 비율이 짧아 보이게 연출하고 싶을 때",도톰한 애교살로 얼굴의 여백을 꽉 채워 짧아 보이게,"중안부가 길어 보이는 것이 신경 쓰이는 소비자가, 애교살 메이커를 하안부에 입체감을 더해 중안부가 짧아 보이도록 연출하는 메이크업 솔루션으로 인식하는지 검증","28,201",428,1.52%,"₩1,074","₩459,534",40,9.35%,"₩11,488",440894.2326,95.94%
FALSE,CG,AegyoMaker_Idol_B&A_v01_BNR_1x1_260824,AegyoMaker,2026-08-24,2026-09-06,https://drive.google.com/file/d/1ANXxSkw9GbOVfXVdIWjboTeY7VuImUJl/view?usp=drivesdk,"눈 밑이 밋밋해 보여, 아이돌처럼 눈이 더 또렷하고 입체적으로 보이는 애교살을 만들고 싶을 때",최애 아이돌 같은 눈매로♡ 도톰한 애교살이 순식간에 완성!,"한국 아이돌처럼 또렷하고 입체적인 눈매를 원하는 소비자가, 애교살 메이커를 눈 밑에 볼륨과 포인트를 더하는 아이돌 메이크업 솔루션으로 인식하는지 검증","39,922",614,1.54%,"₩1,051","₩645,503",55,8.96%,"₩11,736",682372.6061,105.71%
FALSE,WM,Seamless_SweatProof_inf-nagumofunami_v01_VID_9x16_260824,Seamless,2026-08-24,2026-09-03,https://drive.google.com/file/d/16PlI1JJrYSiZLyh5dlYlt8_fBgusMi6Y/view?usp=drivesdk,"여름철 땀·피지로 오후엔 화장이 무너질까 걱정되는 날, 아침 상태 그대로 유지되길 바랄 때",땀과 피지에 강한 심리스 파운데이션,"땀·피지 환경에서도 아침에 완성한 피부 표현을 오후까지 균일하게 유지하고 싶어하는 소비자가, 심리스 파운데이션을 화장 지속력 솔루션으로 인식하는지 검증","166,226","3,057",1.84%,₩650,"₩1,988,099",170,5.56%,"₩11,695",3298817.217,165.93%
FALSE,WM,Seamless_NoStress_inf-moemoet_v01_VID_9x16_260824,Seamless,2026-08-24,2026-09-03,https://drive.google.com/file/d/1eWAXeQlbpLc7pch0XVyQnZSR8Ukh3uwG/view?usp=drivesdk,,스트레스 제로. 가벼운 제형으로 매끄럽게 밀착. 땀과 피지에 강한 심리스 파운데이션,,"74,521","1,242",1.67%,₩773,"₩959,449",90,7.25%,"₩10,661",1768315.327,184.31%
FALSE,CG,ColorCoverTint_ColorCorrecting_Product_v01_BNR_1x1_260824,ColorCoverTint,2026-08-24,2026-09-06,https://drive.google.com/file/d/10P4Be6o1_-Uj5k6NX1fWcECEqGf-_zdw/view?usp=drivesdk,"입술이 칙칙하고 얼룩져 틴트를 발라도 원하는 색이 나오지 않아, 본래 톤을 커버해 균일하게 정돈하고 안색까지 화사하게 만들고 싶을 때",원래의 입술 색을 커버하여 보이는 색 그대로 발색,"칙칙하고 얼룩진 입술 톤 때문에 틴트 발색이 원하는 대로 나오지 않는다고 느끼는 소비자가, 긱누드 컬러커버틴트를 본래 톤을 커버해 원하는 색과 안색을 살려주는 톤 커버·발색 솔루션으로 인식하는지 검증","115,791","2,312",2.00%,₩533,"₩1,231,593",280,12.11%,"₩4,399",2848343.741,231.27%
FALSE,WM,Seamless_NoStress_inf-miho.k_v01_VID_9x16_260824,Seamless,2026-08-24,2026-09-03,https://drive.google.com/file/d/1HQRpwUrB6T1nH6rAZvOYffIiR-R7OFjv/view?usp=drivesdk,,쌩얼처럼 자연스럽고 가벼운 사용감,,"34,490","1,085",3.15%,₩429,"₩465,854",78,7.19%,"₩5,972",1560298.615,334.93%
FALSE,WM,Seamless_Kensho_inf-nagumofunami_v02_VID_9x16_260824,Seamless,2026-08-24,2026-09-03,https://drive.google.com/file/d/1OAOxhnF_X1xOOUnpf-FgaoOfM65ePA81/view?usp=drivesdk,,폭염 속 6시간 외출! 지속력 검증 기획,,"33,492",546,1.63%,₩612,"₩334,153",37,6.78%,"₩9,031",675418.8712,202.13%
FALSE,WM,FDBrush_Pinpoint_Model_v01_VID_9x16_260824,FdBrush,2026-08-24,2026-09-03,https://drive.google.com/file/d/1EwnvsKiZK9jQUYbLerI0KXR0AcWTgsFn/view?usp=drivesdk,코 옆·눈가·입가처럼 세밀한 부분까지 파운데이션을 균일하고 깔끔하게 바르고 싶을 때,세밀한 부분까지 전문가급 마무리.,"코 옆·눈가·입가 등 세밀한 부분까지 파운데이션을 균일하게 바르고 싶은 소비자가, 파데 브러시를 좁은 부위도 깔끔하게 도포하는 세밀 도구 솔루션으로 인식하는지 검증","104,657",696,0.67%,"₩1,128","₩784,782",82,11.78%,"₩9,571",1405841.569,179.14%
FALSE,CG,ColorCoverTint_AutumnLip_inf-917_v01_VID_9x16_260824,ColorCoverTint,2026-08-24,2026-09-06,https://drive.google.com/file/d/19ycFUMFmNPnAHScCIpSJtvsIaFmC6yMz/view?usp=drivesdk,"유행하는 가을 브라운 립을 발랐는데 안색이 칙칙해 보여, '나한테 브라운은 안 어울리나' 포기하려던 때",무엇을 발라도 똑같은 색이 되는 사람 필독! 베이스 + 포인트로 뽀용뽀용한 메이크업 완성♡,"브라운·딥톤 립 발색 실패 경험이 있는 소비자가, 컬러 커버 틴트를 가을 컬러를 성공시키는 립 베이스 솔루션으로 인식하는지 검증","156,411","2,375",1.52%,₩524,"₩1,243,620",148,6.23%,"₩8,403",1437955.444,115.63%
FALSE,WM,Seamless_NoStress_inf-miiis.09_v01_VID_9x16_260824,Seamless,2026-08-24,2026-09-03,https://drive.google.com/file/d/1X846tnCdmpo_WwAZvKq2RRJk9wxKLIOG/view?usp=drivesdk,,"스트레스 제로, 가벼운 제형으로 매끄럽게 밀착, 땀과 피지에 강한 심리스 파운데이션",,"58,444","1,409",2.41%,₩516,"₩727,210",112,7.95%,"₩6,493",2190752.679,301.25%
FALSE,WM,FDBrush_Easy_Model_v01_VID_9x16_260824,FdBrush,2026-08-24,2026-09-03,https://drive.google.com/file/d/1IJQV4xLnx_qrQGE5PY-GuOkdDnMyAuTj/view?usp=drivesdk,쉽게 모공 없이 얇고 깔끔한 피부 표현을 완성하고 싶을 때,브러쉬 하나로 베이스 메이크업 완성.,"쉽게 균일하고 얇게 밀착된 모공리스 피부를 표현하고 싶어하는 소비자가, 파운데이션 브러시를 베이스 도구 솔루션으로 인식하는지 검증","115,659",856,0.74%,₩955,"₩817,278",127,14.84%,"₩6,435",2377179.772,290.87%
FALSE,WM,OFFCHERRY-Collection_All_Animation_v01_VID_9x16_260824,OFFCHERRY-Collection,2026-08-24,2026-09-03,https://drive.google.com/file/d/1R3ic5fzF3a7wW2O7zUXdI5IlYnm1hIxZ/view?usp=drivesdk,,오프 체리,,"26,646",133,0.50%,"₩1,443","₩191,925",24,18.05%,"₩7,997",522769.3668,272.38%
FALSE,WM,FDBrush_EvenApply_Model_v01_VID_9x16_260824,FdBrush,2026-08-24,2026-09-03,https://drive.google.com/file/d/1nJce7wdd2QzsKJJ0HwicdJFp0ML8j-xs/view?usp=drivesdk,"파운데이션이 얼룩지거나 뭉쳐, 얼룩 없이 균일하게 밀착된 피부 표현을 하고 싶을 때","No.1* 파운데이션 브러시, 드디어 등장! 뭉침 없이 균일하게 밀착.","손·퍼프로는 얼룩지고 뭉치는 베이스 표현이 걱정되는 소비자가, 파운데이션 브러시를 얼룩 없이 균일하게 밀착시키는 도구 솔루션으로 인식하는지 검증","44,167",241,0.55%,"₩1,671","₩402,639",98,40.66%,"₩4,109",1794372.484,445.65%
FALSE,WM,OFFCHERRY-Collection_CherryAlmond_Animation_v01_VID_9x16_260824,OFFCHERRY-Collection,2026-08-24,2026-09-03,https://drive.google.com/file/d/18DumgSdBBEZqZ9yTVDb51W11YxtL0EO0/view?usp=drivesdk,,웨이크메이크 오프 체리,,"45,016",461,1.02%,"₩1,052","₩484,971",24,5.21%,"₩20,207",508503.995,104.85%
FALSE,WM,OFFCHERRY-Collection_CherryAlmond_Typo_v01_VID_9x16_260824,OFFCHERRY-Collection,2026-08-24,2026-09-03,https://drive.google.com/file/d/1IztP4sGoK1VGQpHebF82MhsymsiamQGS/view?usp=drivesdk,,"레드가 아닌, 오프 체리",,"50,913",652,1.28%,₩816,"₩531,734",23,3.53%,"₩23,119",426211.8231,80.16%
FALSE,WM,OFFCHERRY-Collection_DeepCherry_Animation_v01_VID_9x16_260824,OFFCHERRY-Collection,2026-08-24,2026-09-03,https://drive.google.com/file/d/1slflU2NLCs6lxSNn8arb_DKWQWYrpJqO/view?usp=drivesdk,,오프 체리,,"49,042",938,1.91%,₩613,"₩575,139",82,8.74%,"₩7,014",1553028.937,270.03%
FALSE,WM,OFFCHERRY-Collection_DeepCherry_Typo_v01_VID_9x16_260824,OFFCHERRY-Collection,2026-08-24,2026-09-03,https://drive.google.com/file/d/10VeO76F2VfQOfJCeQOUjmkGmCtrZx4ET/view?usp=drivesdk,,오프 체리 (기존의 레드나 버건디와는 다른 새로운 체리 컬러),,"38,575",720,1.87%,₩617,"₩444,503",115,15.97%,"₩3,865",2125007.156,478.06%
FALSE,WM,SoftBlurEye_MoodSwitch_inf-cosmemaniadayu_v01_VID_9x16_260824,SoftBlurEye,2026-08-24,2026-09-01,https://drive.google.com/file/d/1qJYFigXcjufhBuZo18L7kKQa6-GlBSh9/view?usp=drivesdk,"늘 비슷한 눈매가 지겨워, 그날의 기분이나 스타일에 따라 부드럽고 은은한 무드부터 매력/시크 있는 무드 등 평소와 다른 나를 연출하고 싶을 때",오늘 화장 잘 됐다라는 말을 듣게,"평소와 다른 이미지로 변신하고 싶은 소비자가, 소블아로 서로 다른 분위기를 연출할 수 있는 무드 전환 팔레트로 인식하는지 검증","30,867",602,1.95%,₩581,"₩349,895",5,0.83%,"₩69,979",99744.39103,28.51%
FALSE,WM,SoftBlurEye_MoodSwitch_inf-miiis.09_v01_VID_9x16_260824,SoftBlurEye,2026-08-24,2026-09-01,https://drive.google.com/file/d/1m1fpVVsZFIdiXh5EcwT5jWf3UE9iAw85/view?usp=drivesdk,"늘 비슷한 눈매가 지겨워, 그날의 기분이나 스타일에 따라 부드럽고 은은한 무드부터 매력/시크 있는 무드 등 평소와 다른 나를 연출하고 싶을 때","팔레트 하나로 완성, 부드럽고 투명한 메이크업","평소와 다른 이미지로 변신하고 싶은 소비자가, 소블아로 서로 다른 분위기를 연출할 수 있는 무드 전환 팔레트로 인식하는지 검증","46,386",679,1.46%,₩677,"₩459,404",12,1.77%,"₩38,284",264488.3829,57.57%
FALSE,WM,SoftBlurEye_Peach_inf-miyubiyo_v01_VID_9x16_260824,SoftBlurEye,2026-08-24,2026-09-01,https://drive.google.com/file/d/1ejNgiHj9IYZhujrwmK61n7jH4LRcIcPY/view?usp=drivesdk,,팔레트 하나로 완성하는 뽀용뽀용한 피치 메이크업,,"63,833",934,1.46%,₩715,"₩668,103",6,0.64%,"₩111,351",101930.6217,15.26%
FALSE,WM,SoftBlurEye_Peach_inf-reo_v01_VID_9x16_260824,SoftBlurEye,2026-08-24,2026-09-01,https://drive.google.com/file/d/1ieU2GgKazrTq5RG09rt5KA2QdX21WxWI/view?usp=drivesdk,,"팔레트 하나로 완성, 뽀송뽀송 피치 메이크업",,"118,060","1,404",1.19%,₩721,"₩1,011,945",19,1.35%,"₩53,260",366755.8044,36.24%
FALSE,WM,LastingGlowStick_Date_Lip_v01_VID_9x16_260824,LastingGlowStick,2026-08-24,2026-09-02,https://drive.google.com/file/d/1CQixKcfxnirXJPw309Hz348GUHUAFk3X/view?usp=drivesdk,"데이트 중에, 계속 입술 색 지워졌는지 확인하는 게 싫어서 시간이 지나도 예쁘게 유지되길 원할 때","데이트 중, 거울을 보지 않아도 계에에속 예쁜 입술 그대로♥","데이트 중 식사·카페 이후 립이 지워졌는지 계속 확인하고 수정하는 것이 번거로운 소비자가, 래스팅 글로우 스틱을 데이트 내내 발색과 윤기를 오래 유지해 립 수정 부담을 낮춰주는 지속 립 솔루션으로 인식하는지 검증","131,598",908,0.69%,"₩1,164","₩1,057,322",115,12.67%,"₩9,194",2062302.149,195.05%
FALSE,WM,LastingGlowStick_LongLasting_Lip_v01_VID_9x16_260824,LastingGlowStick,2026-08-24,2026-09-03,https://drive.google.com/file/d/1t3aDfnxlNof9McJfPV-9AmEJpKoApKCI/view?usp=drivesdk,"립을 여러 번 덧바르기 귀찮아, 한 번 바르고 오래 유지되길 원할 때","덧바르는 번거로움은 이제 제로. 몇 번을 봐도 방금 바른 듯, 저녁까지 컬러 유지.","잦은 리터치가 번거로운 소비자가, 지속력 중심 립 솔루션으로 인식하는지 검증","114,996",680,0.59%,"₩1,245","₩846,492",137,20.15%,"₩6,179",2530341.724,298.92%
FALSE,WM,LastingGlowStick_NoneStain_Lip_v01_VID_9x16_260824,LastingGlowStick,2026-08-24,2026-09-02,https://drive.google.com/file/d/10hz2ihn_CIKeFcja8sRo1Ax8HIgwMk0X/view?usp=drivesdk,"식사나 음료를 마실 때, 잔·컵이나 상대에게 립 색이 묻는 게 신경 쓰일 때","컵에 묻어나는 색상, 이제 걱정 끝! 입술에 착 밀착되는 탱글한 광택 립","립 컬러 자체보다 식음·일상 활동 중 잔·컵에 색이 묻지 않고 깔끔하게 유지되는 지속력을 중시하는 소비자가, 색 묻어남을 최소화한 밀착 글로우 메시지에 반응하는지 검증","77,325",423,0.55%,"₩1,325","₩560,661",69,16.31%,"₩8,126",1251970.522,223.30%
FALSE,WM,PerfectingCushion_Recover_Close_v01_VID_9x16_260824,PerfectingCushion,2026-08-24,2026-08-27,https://drive.google.com/file/d/1Qf_KcVC_aD1xALAvQLZjeuUffZly3u2G/view?usp=drivesdk,수정화장이 필요할 때 부분 커버를 위해 덧바르면 오히려 들뜨거나 뭉칠까 걱정될 때,여러 번 덧발라도 뭉침 없이 깨끗하게 밀착,"커버를 더하고 싶어도 덧바름 뭉침이 걱정되는 소비자가, 퍼펙팅 쿠션을 여러 번 덧발라도 매끈하게 밀착되는 빌더블 제형 솔루션으로 인식하는지 검증","77,004",275,0.36%,"₩1,901","₩522,831",5,1.82%,"₩104,566",87705.28631,16.78%
FALSE,CG,ColorCoverTint_LongLasting_inf-piu1me_v01_VID_9x16_260824,ColorCoverTint,2026-08-24,2026-09-06,https://drive.google.com/file/d/1s0LvW3k8ZBROD-sYWnDxYdK_G1yD2QHN/view?usp=drivesdk,"도중에 화장을 고칠 틈 없는 날, 오래 지속되는 립을 원할 때",바쁜 날에도 립 메이크업 무너짐 걱정 없어요♡,"화장을 자주 고치기 어려운 상황에서 아침 립 발색이 밤까지 유지되길 바라는 소비자가, 컬러 커버 틴트를 지속력 중심 립 솔루션으로 인식하는지 검증","219,491","2,881",1.31%,₩471,"₩1,356,920",46,1.60%,"₩29,498",461540.4836,34.01%
FALSE,CG,ColorCoverTint_LongLasting_Model_v01_BNR_1x1_260824,ColorCoverTint,2026-08-24,2026-09-06,https://drive.google.com/file/d/1RQWkVlGyQSa3ZiOogUfpAT0e6OLEtsyw/view?usp=drivesdk,"도중에 화장을 고칠 틈 없는 날, 오래 지속되는 립을 원할 때",바쁜 날에도 립 메이크업 무너짐 걱정 없어요♡,"화장을 자주 고치기 어려운 상황에서 아침 립 발색이 밤까지 유지되길 바라는 소비자가, 컬러 커버 틴트를 지속력 중심 립 솔루션으로 인식하는지 검증","53,848",947,1.76%,₩908,"₩860,294",171,18.06%,"₩5,031",1697262.963,197.29%
FALSE,CG,ColorCoverTint_SmoothLip_inf-ayagon_v01_VID_9x16_260824,ColorCoverTint,2026-08-24,2026-09-06,https://drive.google.com/file/d/1z3igN8rRTQEuF3LIaDsY4z2UI3xQk9Tp/view?usp=drivesdk,"뽀용한 블러 립을 하고 싶은데, 입술이 건조해 바를수록 각질이나 세로주름이 도드라져 보일 때","립 베이스로 완성하는 촉촉한 혈색, 오랫동안 지속","매트 립 특유의 보송한 표현은 원하지만 각질·세로주름 부각이 신경 쓰이는 소비자가, 뉴디블러틴트를 입술결이 매끈해 보이는 블러 립 솔루션으로 인식하는지 검증","77,131",800,1.04%,₩779,"₩622,962",139,17.38%,"₩4,482",1329360.752,213.39%
FALSE,CG,ShadingStick_Portable_inf-nekotigre_v01_VID_9x16_260824,ShadingStick,2026-08-24,2026-08-31,https://drive.google.com/file/d/1GLJrRsYTtPavLUyS0EhtRGP120na5igD/view?usp=drivesdk,외출 중 파우치에서 꺼내 어디서든 입체 메이크업을 수정하고 싶을 때,"파우치에 하나로, 언제 어디서나 입체감 있게","외출 중 간편하게 입체 메이크업을 수정하고 싶은 소비자가, 쉐딩 스틱을 테크닉 없이 어디서든 쓰는 휴대 수정 솔루션으로 인식하는지 검증","86,343",912,1.06%,₩660,"₩601,543",37,4.06%,"₩16,258",339460.8688,56.43%
FALSE,CG,ShadingStick_Beginner_inf-yuzuki_v01_VID_9x16_260824,ShadingStick,2026-08-24,2026-09-01,https://drive.google.com/file/d/1cagDCI5x87l7wPlhErVRUezl1AX1A560/view?usp=drivesdk,"쉐딩이 처음이라, 음영이 진해져 부자연스러워질까 겁날 때",초보자도 자연스러운 입체감,"""음영이 너무 진해질까 무섭다""는 초심자의 불안이 반응을 일으키는지 검증
'初心者·失敗しない' 키워드 반복 노출이 카테고리 내 브랜드 인지도 확보로 이어지는지 검증","162,195","1,274",0.79%,₩844,"₩1,074,988",70,5.49%,"₩15,357",633363.926,58.92%
FALSE,CG,ShadingStick_Beginner_inf-nekotigre_v01_VID_9x16_260824,ShadingStick,2026-08-24,2026-09-06,https://drive.google.com/file/d/17p6dY-MWwTIP7qkKxRNlIn4AGOMIMQ2X/view?usp=drivesdk,"쉐딩이 처음이라, 음영이 진해져 부자연스러워질까 겁날 때",초보자도 자연스러운 입체감,"""음영이 너무 진해질까 무섭다""는 초심자의 불안이 반응을 일으키는지 검증
'初心者·失敗しない' 키워드 반복 노출이 카테고리 내 브랜드 인지도 확보로 이어지는지 검증","123,266","1,100",0.89%,₩803,"₩883,727",46,4.18%,"₩19,211",413186.8526,46.76%
FALSE,CG,ShadingStick_Beginner_inf-marriu_v01_VID_9x16_260824,ShadingStick,2026-08-24,2026-09-05,https://drive.google.com/file/d/1TywyAVSowCAKTNKsomRKzHgO5ulxiaGT/view?usp=drivesdk,"쉐딩이 처음이라, 음영이 진해져 부자연스러워질까 겁날 때","초보자라도, 자연스러운 입체감","""음영이 너무 진해질까 무섭다""는 초심자의 불안이 반응을 일으키는지 검증
'初心者·失敗しない' 키워드 반복 노출이 카테고리 내 브랜드 인지도 확보로 이어지는지 검증","123,940","1,865",1.50%,₩545,"₩1,017,050",51,2.73%,"₩19,942",488024.4304,47.98%
FALSE,CG,ShadingStick_Beginner_inf-makemana_v01_VID_9x16_260824,ShadingStick,2026-08-24,2026-09-01,https://drive.google.com/file/d/16gHe2W6UFVXgIO_tqReLawRqOyv0gqpU/view?usp=drivesdk,"쉐딩이 처음이라, 음영이 진해져 부자연스러워질까 겁날 때","초보자라도, 자연스러운 입체감","""음영이 너무 진해질까 무섭다""는 초심자의 불안이 반응을 일으키는지 검증
'初心者·失敗しない' 키워드 반복 노출이 카테고리 내 브랜드 인지도 확보로 이어지는지 검증","103,185","1,664",1.61%,₩539,"₩896,533",31,1.86%,"₩28,920",313095.3275,34.92%
FALSE,CG,ColorCoverTint_SmoothLip_inf-piu1me_v01_VID_9x16_260824,ColorCoverTint,2026-08-24,2026-09-06,https://drive.google.com/file/d/14-lb89umrs2oJ96WpzVgvNay22U5Z3m3/view?usp=drivesdk,"뽀용한 블러 립을 하고 싶은데, 입술이 건조해 바를수록 각질이나 세로주름이 도드라져 보일 때","립 베이스로 완성하는 촉촉한 생기, 오랫동안 지속♡","매트 립 특유의 보송한 표현은 원하지만 각질·세로주름 부각이 신경 쓰이는 소비자가, 뉴디블러틴트를 입술결이 매끈해 보이는 블러 립 솔루션으로 인식하는지 검증","365,496","4,013",1.10%,₩780,"₩3,131,309",654,16.30%,"₩4,788",6355657.712,202.97%
FALSE,CG,ColorCoverTint_SmoothLip_inf-bluemoon_v01_VID_9x16_260824,ColorCoverTint,2026-08-24,2026-09-06,https://drive.google.com/file/d/1Prt90GdeCLTwXX6NE5VDNarxDJvKvtCq/view?usp=drivesdk,"뽀용한 블러 립을 하고 싶은데, 입술이 건조해 바를수록 각질이나 세로주름이 도드라져 보일 때","립 베이스로 완성하는 촉촉한 혈색, 오랫동안 지속♡","매트 립 특유의 보송한 표현은 원하지만 각질·세로주름 부각이 신경 쓰이는 소비자가, 뉴디블러틴트를 입술결이 매끈해 보이는 블러 립 솔루션으로 인식하는지 검증","98,191","1,061",1.08%,₩787,"₩835,515",155,14.61%,"₩5,390",1437637.216,172.07%
FALSE,CG,T-Milk_Date_Product_v01_BNR_1x1_260824,T-Milk,2026-08-24,2026-09-06,https://drive.google.com/file/d/1D-aUc9RjzQHenLu51513C_KAtjDaWszO/view?usp=drivesdk,"데이트 중에, 계속 입술 색 지워졌는지 확인하는 게 싫어서 시간이 지나도 예쁘게 유지되길 원할 때",데이트 중 수정 화장은 이제 신경 쓰지 않아도 돼,"데이트 중 식사·카페 이후 립이 지워졌는지 계속 확인하고 수정하는 것이 번거로운 소비자가, 탕후루 밀크를 데이트 내내 발색과 윤기를 오래 유지해 립 수정 부담을 낮춰주는 지속 립 솔루션으로 인식하는지 검증","9,929",160,1.61%,"₩1,497","₩239,498",13,8.13%,"₩18,423",172470.0627,72.01%
FALSE,CG,T-Milk_AutumnMilky_Product_v01_BNR_1x1_260824,T-Milk,2026-08-24,2026-09-06,https://drive.google.com/file/d/15uJ7VAPEv9NNZDT_Blpe4u7EPOAeeuXt/view?usp=drivesdk,"가을 무드는 내고 싶지만 딥한 브라운·레드는 부담스러워, 부드럽게 스며드는 밀키한 컬러로 분위기를 내고 싶을 때",너무 진하지 않은 부드러운 밀크티 브라운,"딥한 가을 컬러가 부담스러운 소비자가, 탕후루 밀크를 가을 컬러를 부드럽고 부담 없이 즐길 수 있는 밀키 립 솔루션으로 인식하는지 검증","24,756",383,1.55%,₩967,"₩370,328",42,10.97%,"₩8,817",407000.5857,109.90%
FALSE,CG,T-DeepGlaze_Volume_Product_v01_BNR_1x1_260824,T-DeepGlaze,2026-08-24,2026-09-06,https://drive.google.com/file/d/112zwiyF2nR663Fgr8eZLKZAO8f_MTfFY/view?usp=drivesdk,"입술이 얇고 볼륨 없어 보여, 유리알 광택으로 도톰하고 탱글하게 연출하고 싶을 때",얇은 입술도 도톰한 입체감 / 한 번의 터치로 탱글탱글한 입술 완성!,"얇은 입술을 유리알 광택으로 도톰하게 연출하고 싶은 소비자가, 탕후루 딥글레이즈를 광택·볼륨을 주는 글로시 틴트 솔루션으로 인식하는지 검증","22,063",320,1.45%,"₩1,145","₩366,410",30,9.38%,"₩12,214",348980.8668,95.24%
FALSE,CG,T-DeepGlaze_Date_Model_v02_BNR_1x1_260824,T-DeepGlaze,2026-08-24,2026-09-06,https://drive.google.com/file/d/1uWGi_Pyvo__PBQODLjFCuu5oDIBAnpuN/view?usp=drivesdk,"데이트 중에, 계속 입술 색 지워졌는지 확인하는 게 싫어서 시간이 지나도 예쁘게 유지되길 원할 때",사르르 달콤한 캐러멜을 코팅한 사과 같은 오묘한 분위기의 캐러멜 애플 컬러,"데이트 중 식사·카페 이후 립이 지워졌는지 계속 확인하고 수정하는 것이 번거로운 소비자가, 래스팅 글로우 스틱을 데이트 내내 발색과 윤기를 오래 유지해 립 수정 부담을 낮춰주는 지속 립 솔루션으로 인식하는지 검증","6,178",98,1.59%,"₩1,505","₩147,448",19,19.39%,"₩7,760",157902.139,107.09%
FALSE,WM,Seamless_SweatProof_inf-nagumofunami_v01_VID_1x1_260824,Seamless,2026-08-24,2026-09-06,https://drive.google.com/file/d/1M25O4_S6QPIr6-a25QKhQ1aSXDnhQlRP/view?usp=drivesdk,"여름철 땀·피지로 오후엔 화장이 무너질까 걱정되는 날, 아침 상태 그대로 유지되길 바랄 때",땀과 피지에 무너지지 않는 심리스 파운데이션,"땀·피지 환경에서도 아침에 완성한 피부 표현을 오후까지 균일하게 유지하고 싶어하는 소비자가, 심리스 파운데이션을 화장 지속력 솔루션으로 인식하는지 검증","94,254","2,418",2.57%,₩641,"₩1,549,037",393,16.25%,"₩3,942",7470884.61,482.29%
FALSE,CG,T-DeepGlaze_Date_Model_v01_BNR_1x1_260824,T-DeepGlaze,2026-08-24,2026-09-06,https://drive.google.com/file/d/1aCPgZ6EdWuCz0iKrTHxPLeGC3qf7oHIc/view?usp=drivesdk,"데이트 중에, 계속 입술 색 지워졌는지 확인하는 게 싫어서 시간이 지나도 예쁘게 유지되길 원할 때","수정 화장 없이 예쁨 그대로, 데이트 내내 시선을 사로잡는 입술","데이트 중 식사·카페 이후 립이 지워졌는지 계속 확인하고 수정하는 것이 번거로운 소비자가, 래스팅 글로우 스틱을 데이트 내내 발색과 윤기를 오래 유지해 립 수정 부담을 낮춰주는 지속 립 솔루션으로 인식하는지 검증","5,042",78,1.55%,"₩1,872","₩146,050",19,24.36%,"₩7,687",202705.5229,138.79%
FALSE,CG,ShadingStick_Recover_Product_v01_BNR_1x1_260824,ShadingStick,2026-08-24,2026-09-06,https://drive.google.com/file/d/1vsXymLiSNe3JQcmPzWB-GXEHNMo0upyp/view?usp=drivesdk,"쉐딩이 처음이라, 음영이 진해져 부자연스러워질까 겁날 때","저녁의 흐릿해진 얼굴, 한 번의 터치로 입체감 부활!","""음영이 너무 진해질까 무섭다""는 초심자의 불안이 반응을 일으키는지 검증
'初心者·失敗しない' 키워드 반복 노출이 카테고리 내 브랜드 인지도 확보로 이어지는지 검증","12,167",258,2.12%,₩765,"₩197,364",9,3.49%,"₩21,929",131876.5458,66.82%
FALSE,CG,ShadingStick_Portable_inf-nekotigre_v01_VID_1x1_260824,ShadingStick,2026-08-24,2026-09-06,https://drive.google.com/file/d/1X1uGsVHcNL5SdMtM7R4RTKgclZT0n-Rq/view?usp=drivesdk,"쉐딩이 처음이라, 음영이 진해져 부자연스러워질까 겁날 때","파우치 속에 쏙, 언제 어디서나 입체감 완성","""음영이 너무 진해질까 무섭다""는 초심자의 불안이 반응을 일으키는지 검증
'初心者·失敗しない' 키워드 반복 노출이 카테고리 내 브랜드 인지도 확보로 이어지는지 검증","24,111",737,3.06%,₩575,"₩424,122",29,3.93%,"₩14,625",252138.5943,59.45%
FALSE,CG,ShadingStick_Beginner_inf-yuzuki_v01_VID_1x1_260824,ShadingStick,2026-08-24,2026-09-06,https://drive.google.com/file/d/1Uht6fISUl1WIZqDmjfIhZrc05lqrHIm5/view?usp=drivesdk,"쉐딩이 처음이라, 음영이 진해져 부자연스러워질까 겁날 때",초보자도 자연스러운 입체감,"""음영이 너무 진해질까 무섭다""는 초심자의 불안이 반응을 일으키는지 검증
'初心者·失敗しない' 키워드 반복 노출이 카테고리 내 브랜드 인지도 확보로 이어지는지 검증","8,105",106,1.31%,"₩2,627","₩278,471",12,11.32%,"₩23,206",98382.56166,35.33%
FALSE,CG,ShadingStick_Beginner_inf-nekotigre_v01_VID_1x1_260824,ShadingStick,2026-08-24,2026-09-06,https://drive.google.com/file/d/1wF1dZr2vKpr3iv3HQDrLrPxjQExtHo39/view?usp=drivesdk,"쉐딩이 처음이라, 음영이 진해져 부자연스러워질까 겁날 때",초보자도 자연스러운 입체감,"""음영이 너무 진해질까 무섭다""는 초심자의 불안이 반응을 일으키는지 검증
'初心者·失敗しない' 키워드 반복 노출이 카테고리 내 브랜드 인지도 확보로 이어지는지 검증","9,726",228,2.34%,₩891,"₩203,128",22,9.65%,"₩9,233",245696.1465,120.96%
FALSE,CG,ShadingStick_Beginner_B&A_v01_BNR_1x1_260824,ShadingStick,2026-08-24,2026-09-06,https://drive.google.com/file/d/1SJhf7ZCE-yHg7nSCWVeqkheQDn-ColAR/view?usp=drivesdk,"쉐딩이 처음이라, 음영이 진해져 부자연스러워질까 겁날 때","처음이라도, 자연스러운 음영","""음영이 너무 진해질까 무섭다""는 초심자의 불안이 반응을 일으키는지 검증
'初心者·失敗しない' 키워드 반복 노출이 카테고리 내 브랜드 인지도 확보로 이어지는지 검증","16,510",353,2.14%,₩794,"₩280,424",39,11.05%,"₩7,190",388389.6784,138.50%
FALSE,CG,NudyBlurTint_SmoothLip_Model_v01_BNR_1x1_260824,NudyBlurTint,2026-08-24,2026-09-06,https://drive.google.com/file/d/1KiOsB0N0eVs9_ha0YhZQYIHSvmNcMlX2/view?usp=drivesdk,"뽀용한 블러 립을 하고 싶은데, 입술이 건조해 바를수록 각질이나 세로주름이 도드라져 보일 때",입술 요철을 부드럽게 커버♡ 필터를 씌운 듯한 매끄러운 블러 립 완성,"매트 립 특유의 보송한 표현은 원하지만 각질·세로주름 부각이 신경 쓰이는 소비자가, 뉴디블러틴트를 입술결이 매끈해 보이는 블러 립 솔루션으로 인식하는지 검증","22,334",410,1.84%,₩551,"₩225,765",61,14.88%,"₩3,701",602232.6055,266.75%
FALSE,CG,NudyBlurTint_MLBB_Product_v01_BNR_1x1_260824,NudyBlurTint,2026-08-24,2026-09-06,https://drive.google.com/file/d/1qPcJz7DzT6NiEujDSjlDSKwz0Q95DOJv/view?usp=drivesdk,"가을 분위기는 내고 싶지만 너무 진한 컬러는 부담스러워, 데일리로 자연스럽게 사용할 수 있는 차분한 립을 찾을 때","가을 분위기 한 스푼, 매일 바르고 싶은 누디 MLBB","가을에 부담 없이 사용할 수 있는 차분한 립 컬러를 찾는 소비자가, 해당 틴트를 자연스럽게 분위기를 바꿔주는 데일리 MLBB 솔루션으로 인식하는지 검증","60,301",977,1.62%,₩653,"₩638,463",191,19.55%,"₩3,343",2121025.075,332.21%
FALSE,CG,LipDuoSet_LongLasting_inf-seyo_v01_VID_9x16_260824,LipDuoSet,2026-08-24,2026-09-06,https://drive.google.com/file/d/1elZ6atl3TLvU6UiIHooXlK54EsV9iXvG/view?usp=drivesdk,"학교 생활처럼 종일 화장 고칠 틈 없는 하루, 바른 직후의 립 컬러가 지워지지 않고 계속 유지되길 바랄 때",바쁜 날에도 지워지지 않는 립♡,"학생 등 하루 종일 립을 다시 바르기 어려운 청춘 세대가 바른 직후 발색이 오래 유지되길 바라는 지속력 니즈에 공감하는지, 컬러 커버 틴트(립 베이스+포인트 콤보)를 청춘 데일리 지속 립 솔루션으로 인식하는지 검증","24,573",578,2.35%,₩591,"₩341,537",53,9.17%,"₩6,444",472953.5992,138.48%
FALSE,CG,LipDuoSet_LimitedEdition_Product_v01_BNR_1x1_260824,LipDuoSet,2026-08-24,2026-09-06,https://drive.google.com/file/d/1FAOQElVPQVSF1P0epsRDgfNQO-v31Rp9/view?usp=drivesdk,평소 눈여겨보던 립을 이번 메가와리에서만 만날 수 있는 한정 구성으로 구매하고 싶을 때,메가와리 한정! 인생 립 세트 등장,"메가와리 한정 구성이라는 희소성이 소비자의 구매 타이밍을 앞당기고, 립듀오아사츄르를 지금 구매해야 하는 한정 아사츄르로 인식하게 하는지 검증","541,344","8,649",1.60%,₩574,"₩4,961,578",1557,18.00%,"₩3,187",16238822.52,327.29%
FALSE,CG,LipDuoSet_ColorCorrecting_inf-seyo_v01_VID_9x16_260824,LipDuoSet,2026-08-24,2026-09-06,https://drive.google.com/file/d/14gcVmJ0QgldA22uOVVSolWk8V5lsYt56/view?usp=drivesdk,"입술이 칙칙하고 얼룩져 틴트를 발라도 원하는 색이 나오지 않아, 본래 톤을 커버해 균일하게 정돈하고 안색까지 화사하게 만들고 싶을 때","SNS에서 본 그 마무리, 내 입술에서도.","칙칙하고 얼룩진 입술 톤 때문에 틴트 발색이 원하는 대로 나오지 않는다고 느끼는 소비자가, 긱누드 컬러커버틴트를 본래 톤을 커버해 원하는 색과 안색을 살려주는 톤 커버·발색 솔루션으로 인식하는지 검증","59,402","1,295",2.18%,₩561,"₩727,102",182,14.05%,"₩3,995",1878870.658,258.41%
FALSE,CG,ColorCoverTint_LongLasting_Product_v01_BNR_1x1_260824,ColorCoverTint,2026-08-24,2026-09-06,https://drive.google.com/file/d/1XGXgi-MYHIBWnVIySaPfmXCTJOZsc7D4/view?usp=drivesdk,"도중에 화장을 고칠 틈 없는 날, 오래 지속되는 립을 원할 때",수정 화장이 어려운 날도 이거 하나로 해결! 수정 화장 필요 없는 장시간 지속력!,"화장을 자주 고치기 어려운 상황에서 아침 립 발색이 밤까지 유지되길 바라는 소비자가, 컬러 커버 틴트를 지속력 중심 립 솔루션으로 인식하는지 검증","113,831","2,314",2.03%,₩598,"₩1,382,648",250,10.80%,"₩5,531",2455480.992,177.59%
FALSE,WM,Seamless_SweatProof_B&A_v01_BNR_1x1_260824,Seamless,2026-08-24,2026-09-06,https://drive.google.com/file/d/1hZBs1-wqXD42wQW3fQcYHQOJ-lGly5j3/view?usp=drivesdk,"여름철 땀·피지로 오후엔 화장이 무너질까 걱정되는 날, 아침 상태 그대로 유지되길 바랄 때",번들거림·무너짐 차단 / 땀·피지에 무너지지 않는 심리스 파운데이션,"땀·피지 환경에서도 아침에 완성한 피부 표현을 오후까지 균일하게 유지하고 싶어하는 소비자가, 심리스 파운데이션을 화장 지속력 솔루션으로 인식하는지 검증","8,974",123,1.37%,"₩1,226","₩150,741",84,68.29%,"₩1,795",1759416.083,1167.18%
FALSE,WM,LastingGlowStick_NoneStain_Lip_v01_VID_1x1_260824,LastingGlowStick,2026-08-24,2026-09-06,https://drive.google.com/file/d/1iXcTgticd85pGLqBKYl2VzG8shvvgmts/view?usp=drivesdk,"식사나 음료를 마실 때, 잔·컵이나 상대에게 립 색이 묻는 게 신경 쓰일 때","컵에 묻어남, 이제 걱정 마세요! 입술에 착 밀착되는 탱글한 광택 립","립 컬러 자체보다 식음·일상 활동 중 잔·컵에 색이 묻지 않고 깔끔하게 유지되는 지속력을 중시하는 소비자가, 색 묻어남을 최소화한 밀착 글로우 메시지에 반응하는지 검증","69,546","1,535",2.21%,₩855,"₩1,313,039",281,18.31%,"₩4,673",4248183.67,323.54%
FALSE,WM,Seamless_Photo_B&A_v01_BNR_1x1_260824,Seamless,2026-08-24,2026-09-06,https://drive.google.com/file/d/1LWT8B0UeWGiOYf3m86FLP9CKQXcVBJvV/view?usp=drivesdk,피부가 적나라하게 찍히는 기본카메라에서도 예뻐 보이고 싶을 때,"사진이 잘 받는, 모공 없는 피부로.","사진에서 모공·얼룩은 커버하되 두꺼워 보이긴 싫은 소비자가, 심리스 파운데이션을 얇게 균일하게 커버하는 밀착 솔루션으로 인식하는지 검증","59,740",894,1.50%,₩766,"₩684,578",312,34.90%,"₩2,194",5953122.552,869.61%
FALSE,WM,OFFCHERRY-SoftBlurEye_MoodSwitch_Model_v02_BNR_1x1_260824,OFFCHERRY-SoftBlurEye,2026-08-24,2026-09-06,https://drive.google.com/file/d/1PU9hny5WKNgCocnsHyzADE1buSfSQvir/view?usp=drivesdk,"늘 비슷한 눈매가 지겨워, 그날의 기분이나 스타일에 따라 부드럽고 은은한 무드부터 매력/시크 있는 무드 등 평소와 다른 나를 연출하고 싶을 때",보송보송하게? 아니면 시크하게? 기분에 따라 무드 체인지,"평소와 다른 이미지로 변신하고 싶은 소비자가, 소블아로 서로 다른 분위기를 연출할 수 있는 무드 전환 팔레트로 인식하는지 검증","38,546",597,1.55%,₩918,"₩548,161",174,29.15%,"₩3,150",3538606.741,645.54%
FALSE,WM,OFFCHERRY-SoftBlurEye_MoodSwitch_Model_v01_BNR_1x1_260824,OFFCHERRY-SoftBlurEye,2026-08-24,2026-09-06,https://drive.google.com/file/d/1R7NZBYnm58wYGgbC7hz0bBbo8M5_NerB/view?usp=drivesdk,"늘 비슷한 눈매가 지겨워, 그날의 기분이나 스타일에 따라 부드럽고 은은한 무드부터 매력/시크 있는 무드 등 평소와 다른 나를 연출하고 싶을 때",오늘의 나는 어떤 스타일로 할까?,"평소와 다른 이미지로 변신하고 싶은 소비자가, 소블아로 서로 다른 분위기를 연출할 수 있는 무드 전환 팔레트로 인식하는지 검증","44,461",651,1.46%,₩774,"₩503,859",171,26.27%,"₩2,947",3364736.404,667.79%
FALSE,WM,OFFCHERRY-SoftBlurEye_MoodSwitch_inf-otonamake_v01_VID_1x1_260824,OFFCHERRY-SoftBlurEye,2026-08-24,2026-09-04,https://drive.google.com/file/d/1C6ZS7Jr_UZ1-W_a1yrXTjUmoHjddKZDT/view?usp=drivesdk,"늘 비슷한 눈매가 지겨워, 그날의 기분이나 스타일에 따라 부드럽고 은은한 무드부터 매력/시크 있는 무드 등 평소와 다른 나를 연출하고 싶을 때",기분에 따라 무드 체인지,"평소와 다른 이미지로 변신하고 싶은 소비자가, 소블아로 서로 다른 분위기를 연출할 수 있는 무드 전환 팔레트로 인식하는지 검증","12,826",320,2.49%,₩565,"₩180,741",15,4.69%,"₩12,049",474634.9583,262.60%
FALSE,WM,OFFCHERRY-SoftBlurEye_MoodSwitch_inf-kagurapyon_v01_VID_1x1_260824,OFFCHERRY-SoftBlurEye,2026-08-24,2026-09-04,https://drive.google.com/file/d/1G0qkAzM2laycSDDht1kdPzPSmbP6yPNF/view?usp=drivesdk,"늘 비슷한 눈매가 지겨워, 그날의 기분이나 스타일에 따라 부드럽고 은은한 무드부터 매력/시크 있는 무드 등 평소와 다른 나를 연출하고 싶을 때",부드럽게? 아니면 시크하게? 기분에 따라 분위기 변신,"평소와 다른 이미지로 변신하고 싶은 소비자가, 소블아로 서로 다른 분위기를 연출할 수 있는 무드 전환 팔레트로 인식하는지 검증","30,206",657,2.18%,₩653,"₩429,216",87,13.24%,"₩4,934",1708423.191,398.03%
FALSE,WM,OFFCHERRY-SoftBlurEye_MoodSwitch_inf-hannnnnnnnq_v01_VID_1x1_260824,OFFCHERRY-SoftBlurEye,2026-08-24,2026-09-05,https://drive.google.com/file/d/14tyOgwHQeR5N5FvkMp5Nyi1qPAQgpu01/view?usp=drivesdk,"늘 비슷한 눈매가 지겨워, 그날의 기분이나 스타일에 따라 부드럽고 은은한 무드부터 매력/시크 있는 무드 등 평소와 다른 나를 연출하고 싶을 때",기분에 따라 무드 체인지,"평소와 다른 이미지로 변신하고 싶은 소비자가, 소블아로 서로 다른 분위기를 연출할 수 있는 무드 전환 팔레트로 인식하는지 검증","5,185",143,2.76%,₩464,"₩66,374",6,4.20%,"₩11,062",144684.8868,217.98%
FALSE,WM,OFFCHERRY-SoftBlurEye_LongLasting_Model_v01_BNR_1x1_260824,OFFCHERRY-SoftBlurEye,2026-08-24,2026-09-06,https://drive.google.com/file/d/1UG1ToKi98BrTFzZZBcgF3-KqVAf9PkJ0/view?usp=drivesdk,"특별한 일정이 없어도, 하루 종일 무너지지 않는 눈매 발색을 원할 때",수정 화장 필요 없이 하나로 완성하는 무한한 무드,"시간이 지나도 눈매가 무너지지 않길 바라는 소비자가, 소프트 블러링 아이팔레트를 눈매 지속력 솔루션으로 인식하는지 검증","115,139","2,107",1.83%,₩615,"₩1,295,667",526,24.96%,"₩2,463",11351683.25,876.13%
FALSE,WM,OFFCHERRY-SoftBlurEye_DeepCherry_Typo_v01_VID_1x1_260824,OFFCHERRY-SoftBlurEye,2026-08-24,2026-09-06,https://drive.google.com/file/d/1MQlTKS4LG_0zQAJKoA3CqJBobIHYLXtq/view?usp=drivesdk,,"하나의 팔레트로, 무드는 내 마음대로.",,"10,475",143,1.37%,₩727,"₩103,975",38,26.57%,"₩2,736",690373.5361,663.98%
FALSE,WM,OFFCHERRY-SoftBlurEye_DeepCherry_Animation_v01_VID_1x1_260824,OFFCHERRY-SoftBlurEye,2026-08-24,2026-09-06,https://drive.google.com/file/d/1mzBY4OdYcsIRf-elZ0fOO4eD_NAGsx-7/view?usp=drivesdk,,"하나의 팔레트로, 무드는 내 마음대로.",,"8,179",189,2.31%,₩515,"₩97,242",20,10.58%,"₩4,862",476420.3802,489.93%
FALSE,WM,OFFCHERRY-SoftBlurEye_CherryAlmond_Typo_v01_VID_1x1_260824,OFFCHERRY-SoftBlurEye,2026-08-24,2026-09-06,https://drive.google.com/file/d/1UrleqI_oKSGY-giJdTVqBwB800uJycG7/view?usp=drivesdk,,"하나의 팔레트로, 무드는 내 마음대로.",,"24,251",328,1.35%,₩669,"₩219,431",67,20.43%,"₩3,275",1164484.495,530.68%
FALSE,WM,OFFCHERRY-SoftBlurEye_CherryAlmond_Animation_v01_VID_1x1_260824,OFFCHERRY-SoftBlurEye,2026-08-24,2026-09-06,https://drive.google.com/file/d/1YEXXsZ3Ut4Ckg5hmoM9ohOoyfGDkf1tg/view?usp=drivesdk,,"하나의 팔레트로, 분위기는 내 마음대로.",,"3,991",90,2.26%,₩545,"₩49,060",9,10.00%,"₩5,451",195288.5087,398.06%
FALSE,WM,OFFCHERRY-SoftBlurEye_AllinOne_Model_v01_BNR_1x1_260824,OFFCHERRY-SoftBlurEye,2026-08-24,2026-09-06,https://drive.google.com/file/d/1IjuenYL6DPw6see0-GXHq5TKBYzUYWYY/view?usp=drivesdk,"중안부 축소를 위해 애교살·삼각존을 신경 쓰고 싶은데, 부위마다 다른 섀도우를 따로 챙기기는 번거로워 팔레트 하나로 눈매 전체를 완성하고 싶을 때",새로운 분위기를 입는 체리 메이크업,"애교살·삼각존·눈두덩이 등 부위별로 서로 다른 컬러와 제형을 활용해 눈매를 완성하고 싶은 소비자가, 매트부터 글리터까지 하나의 팔레트에 구성되어 있는 소블아를 눈매 전체를 완성할 수 있는 올인원 아이팔레트로 인식하는지 검증","82,885","1,508",1.82%,₩626,"₩944,016",325,21.55%,"₩2,905",6579762.543,697.00%
FALSE,WM,OFFCHERRY-SoftBlurEye_All_Animation_v01_VID_1x1_260824,OFFCHERRY-SoftBlurEye,2026-08-24,2026-09-06,https://drive.google.com/file/d/1T0J_a9uGWHA8kQuuofJuba8KwVj41Pgq/view?usp=drivesdk,,기분에 따라 무드 체인지,,"4,735",70,1.48%,₩798,"₩55,844",10,14.29%,"₩5,584",198915.7131,356.20%
FALSE,WM,OFFCHERRY-SoftBlurEye_MoodSwitch_Model_v03_BNR_1x1_260824,OFFCHERRY-SoftBlurEye,2026-08-24,2026-09-06,https://drive.google.com/file/d/1TZg9NvrfPZ2oXMaBIwnxAfdzvrdzTghe/view?usp=drivesdk,"늘 비슷한 눈매가 지겨워, 그날의 기분이나 스타일에 따라 부드럽고 은은한 무드부터 매력/시크 있는 무드 등 평소와 다른 나를 연출하고 싶을 때",오늘의 나는 어느 쪽으로 할래?,"평소와 다른 이미지로 변신하고 싶은 소비자가, 소블아로 서로 다른 분위기를 연출할 수 있는 무드 전환 팔레트로 인식하는지 검증","43,699",775,1.77%,₩905,"₩701,236",241,31.10%,"₩2,910",5186823.589,739.67%
FALSE,WM,SoftBlurEye_AllinOne_Eye_v01_BNR_1x1_260824,SoftBlurEye,2026-08-24,2026-09-06,https://drive.google.com/file/d/1LpII0JjSQeTcqqWESI8EIAWeW1s0H5DQ/view?usp=drivesdk,"중안부 축소를 위해 애교살·삼각존을 신경 쓰고 싶은데, 부위마다 다른 섀도우를 따로 챙기기는 번거로워 팔레트 하나로 눈매 전체를 완성하고 싶을 때",중안부 단축 아이 메이크업의 결정판♡,"애교살·삼각존·눈두덩이 등 부위별로 서로 다른 컬러와 제형을 활용해 눈매를 완성하고 싶은 소비자가, 매트부터 글리터까지 하나의 팔레트에 구성되어 있는 소블아를 눈매 전체를 완성할 수 있는 올인원 아이팔레트로 인식하는지 검증","71,001","1,211",1.71%,₩637,"₩771,017",173,14.29%,"₩4,457",3840353.985,498.09%
FALSE,WM,SoftBlurEye_LongLasting_Model_v01_BNR_1x1_260824,SoftBlurEye,2026-08-24,2026-09-06,https://drive.google.com/file/d/1eNqOH2sqU000gnbZMvdND2DIp_k_POu-/view?usp=drivesdk,"특별한 일정이 없어도, 하루 종일 무너지지 않는 눈매 발색을 원할 때",수정 화장 필요 없이 아침의 선명한 발색을 그대로 유지,"시간이 지나도 눈매가 무너지지 않길 바라는 소비자가, 소프트 블러링 아이팔레트를 눈매 지속력 솔루션으로 인식하는지 검증","36,925",881,2.39%,₩553,"₩487,045",175,19.86%,"₩2,783",3838112.258,788.04%
FALSE,WM,SoftBlurEye_MoodSwitch_inf-cosmemaniadayu_v01_VID_1x1_260824,SoftBlurEye,2026-08-24,2026-09-06,https://drive.google.com/file/d/1YyY84n3S1iwzIB330knjMhrAktOwbYrA/view?usp=drivesdk,"늘 비슷한 눈매가 지겨워, 그날의 기분이나 스타일에 따라 부드럽고 은은한 무드부터 매력/시크 있는 무드 등 평소와 다른 나를 연출하고 싶을 때",오늘 화장 잘 됐네(예쁘네)라는 말을 듣고 싶을 때,"평소와 다른 이미지로 변신하고 싶은 소비자가, 소블아로 서로 다른 분위기를 연출할 수 있는 무드 전환 팔레트로 인식하는지 검증","90,391","1,532",1.69%,₩906,"₩1,387,979",317,20.69%,"₩4,378",6464702.476,465.76%
FALSE,WM,Seamless_NoStress_inf-moemoet_v01_VID_1x1_260824,Seamless,2026-08-24,2026-09-06,https://drive.google.com/file/d/1WcQdQ-wqtZeMPghDJE2DxrrMoftnWhD1/view?usp=drivesdk,,"스트레스 제로, 가벼운 제형으로 매끄럽게 밀착되는 땀과 유분에 강한 심리스 파운데이션",,"9,478",144,1.52%,"₩1,146","₩165,065",40,27.78%,"₩4,127",674218.1971,408.46%
FALSE,WM,Seamless_NoStress_inf-miiis.09_v01_VID_1x1_260824,Seamless,2026-08-24,2026-09-06,https://drive.google.com/file/d/14u_YbZv2sXPU8tq5b5gr9IOSxkU0iUe1/view?usp=drivesdk,,"스트레스 제로, 가벼운 제형으로 매끄럽게 밀착. 땀과 피지에 강한 심리스 파운데이션",,"59,630","1,542",2.59%,₩540,"₩832,826",279,18.09%,"₩2,985",4971254.89,596.91%
FALSE,WM,Seamless_NoStress_inf-miho.k_v01_VID_1x1_260824,Seamless,2026-08-24,2026-09-06,https://drive.google.com/file/d/1HPN_3H2w2h4lqvUtyAfziSWwyVG6aLwq/view?usp=drivesdk,,쌩얼처럼 보이는 가벼운 밀착감,,"22,978",383,1.67%,"₩1,072","₩410,635",218,56.92%,"₩1,884",3855477.325,938.91%
FALSE,WM,Seamless_LongLasting_B&A_v01_BNR_1x1_260824,Seamless,2026-08-24,2026-09-06,https://drive.google.com/file/d/12mQJIgqWpXp3nBO4XZHlObB7Pv-WRWR4/view?usp=drivesdk,"아침에 화장하고 나서, 무너짐 걱정 없이 밤까지 깔끔한 피부 상태가 유지되길 바랄 때",#아침의 화사함을 밤까지 유지,"하루 종일 화장 무너짐 없이 밤까지 깔끔한 피부 표현을 유지하고 싶어하는 소비자가, 심리스 파운데이션을 장시간 무너짐 방지 솔루션으로 인식하는지 검증","10,612",176,1.66%,"₩1,046","₩184,131",90,51.14%,"₩2,046",1924566.587,1045.22%
FALSE,WM,Seamless_Kensho_inf-nagumofunami_v02_VID_1x1_260824,Seamless,2026-08-24,2026-09-06,https://drive.google.com/file/d/1nA_05qo_b771cCsGojI7rLAwzCAIN1qe/view?usp=drivesdk,,폭염 속 6시간 외출! 지속력 검증 기획,,"72,366","1,530",2.11%,₩860,"₩1,315,038",554,36.21%,"₩2,374",10076650.32,766.26%
FALSE,WM,Seamless_EvenApply_Product_v01_BNR_1x1_260824,Seamless,2026-08-24,2026-09-06,https://drive.google.com/file/d/1uMX7AQhlyJbdEzGUNQB2heqgndQK9QoE/view?usp=drivesdk,"바쁜 아침에도, 두껍지 않고 균일한 피부톤으로 만들고 싶을 때","얼룩 없이 매끈하게, 깨끗한 피부 톤으로.","바쁜 아침에도 예쁜 피부 표현을 원하는 소비자가, 심리스 파운데이션을 얇게 균일하게 커버하는 밀착 솔루션으로 인식하는지 검증","26,952",329,1.22%,"₩1,531","₩503,616",210,63.83%,"₩2,398",4088836.786,811.90%
FALSE,WM,FDBrush_Pinpoint_Model_v01_VID_1x1_260824,FdBrush,2026-08-24,2026-09-06,https://drive.google.com/file/d/1vmjz6PmLw1zwtajcAVrT84sevQEtq6DU/view?usp=drivesdk,코 옆·눈가·입가처럼 세밀한 부분까지 파운데이션을 균일하고 깔끔하게 바르고 싶을 때,뭉침 없이 얇게 밀착. 세밀한 부분까지 프로급 마무리.,"코 옆·눈가·입가 등 세밀한 부분까지 파운데이션을 균일하게 바르고 싶은 소비자가, 파데 브러시를 좁은 부위도 깔끔하게 도포하는 세밀 도구 솔루션으로 인식하는지 검증","76,845","1,369",1.78%,₩925,"₩1,266,334",553,40.39%,"₩2,290",10492993.06,828.61%
FALSE,WM,FDBrush_Pinpoint_GPT_v01_BNR_1x1_260824,FdBrush,2026-08-24,2026-09-06,https://drive.google.com/file/d/1XLa9HzKBaI5TyJafxgQ2nuaKtYJagY2l/view?usp=drivesdk,코 옆·눈가·입가처럼 세밀한 부분까지 파운데이션을 균일하고 깔끔하게 바르고 싶을 때,"세밀한 부분까지, 전문가급 마무리.","코 옆·눈가·입가 등 세밀한 부분까지 파운데이션을 균일하게 바르고 싶은 소비자가, 파데 브러시를 좁은 부위도 깔끔하게 도포하는 세밀 도구 솔루션으로 인식하는지 검증","128,242","1,944",1.52%,₩855,"₩1,661,269",896,46.09%,"₩1,854",15547277.44,935.87%
FALSE,WM,FDBrush_EvenApply_Model_v01_VID_1x1_260824,FdBrush,2026-08-24,2026-09-06,https://drive.google.com/file/d/1DjKH_gDuUJu5LjWRnY2HeBsfXh8VHNsf/view?usp=drivesdk,"파운데이션이 얼룩지거나 뭉쳐, 얼룩 없이 균일하게 밀착된 피부 표현을 하고 싶을 때","뭉침 없이 균일하게 밀착, No.1* 파운데이션 브러쉬 드디어 등장!","손·퍼프로는 얼룩지고 뭉치는 베이스 표현이 걱정되는 소비자가, 파운데이션 브러시를 얼룩 없이 균일하게 밀착시키는 도구 솔루션으로 인식하는지 검증","179,582","3,669",2.04%,₩658,"₩2,412,484",994,27.09%,"₩2,427",17558980.25,727.84%
FALSE,WM,FDBrush_Easy_Model_v01_VID_1x1_260824,FdBrush,2026-08-24,2026-09-06,https://drive.google.com/file/d/13o1WMeRZ5-XUYx3p9y_nFvMspjBhjEy3/view?usp=drivesdk,쉽게 모공 없이 얇고 깔끔한 피부 표현을 완성하고 싶을 때,브러시 한 번으로 베이스 메이크업 완성.,"쉽게 균일하고 얇게 밀착된 모공리스 피부를 표현하고 싶어하는 소비자가, 파운데이션 브러시를 베이스 도구 솔루션으로 인식하는지 검증","76,998","1,031",1.34%,"₩1,349","₩1,390,610",663,64.31%,"₩2,097",12201999.51,877.46%
FALSE,WM,FDBrush_Easy_GPT_v01_BNR_1x1_260824,FdBrush,2026-08-24,2026-09-06,https://drive.google.com/file/d/1g8kM3hoENTd5P0UGdkg4Ee65BsTBJzdO/view?usp=drivesdk,쉽게 모공 없이 얇고 깔끔한 피부 표현을 완성하고 싶을 때,뭉침 없이 얇게 밀착. 브러시 한 번으로 베이스 메이크업 완성.,"쉽게 균일하고 얇게 밀착된 모공리스 피부를 표현하고 싶어하는 소비자가, 파운데이션 브러시를 베이스 도구 솔루션으로 인식하는지 검증","57,251",807,1.41%,"₩1,221","₩985,415",430,53.28%,"₩2,292",7690476.496,780.43%
FALSE,WM,PerfectingCushion_SweatProof_B&A_v01_BNR_1x1_260824,PerfectingCushion,2026-08-24,2026-09-06,https://drive.google.com/file/d/1yJ7FUpmHgXZibsvblsrpVgZld7aNmgsO/view?usp=drivesdk,"여름철 땀·피지로 오후엔 화장이 무너질까 걱정되는 날, 아침 상태 그대로 유지되길 바랄 때","땀에도 잘 무너지지 않는, 찰떡 고밀착","땀·피지로 화장이 무너질까 걱정되는 소비자가, 퍼펙팅 쿠션을 스웨트프루프 테스트로 검증된 지속 밀착 솔루션으로 인식하는지 검증","103,348","1,377",1.33%,₩795,"₩1,094,589",345,25.05%,"₩3,173",6488218.274,592.75%
FALSE,WM,PerfectingCushion_Recover_Close_v01_VID_1x1_260824,PerfectingCushion,2026-08-24,2026-09-06,https://drive.google.com/file/d/1ukSG61ygAP-0ZgZiFdRW5NeLDcWTzX27/view?usp=drivesdk,수정화장이 필요할 때 부분 커버를 위해 덧바르면 오히려 들뜨거나 뭉칠까 걱정될 때,여러 번 덧발라도 뭉침 없이 매끄럽게 밀착,"커버를 더하고 싶어도 덧바름 뭉침이 걱정되는 소비자가, 퍼펙팅 쿠션을 여러 번 덧발라도 매끈하게 밀착되는 빌더블 제형 솔루션으로 인식하는지 검증","108,670","1,791",1.65%,₩759,"₩1,359,152",355,19.82%,"₩3,829",6979261.975,513.50%
FALSE,WM,PerfectingCushion_Photo_B&A_v01_BNR_1x1_260824,PerfectingCushion,2026-08-24,2026-09-06,https://drive.google.com/file/d/1hVpD1lBp65lvpOlJGUH-3GmL0Si3F_ub/view?usp=drivesdk,피부가 적나라하게 찍히는 기본카메라에서도 예뻐 보이고 싶을 때,"보정 없는 기본 카메라, 이제 두렵지 않아.","사진에서 모공·잡티가 도드라질까 걱정하는 소비자가, 퍼펙팅 쿠션을 기본카메라에서도 매끈하게 담기는 커버 솔루션으로 인식하는지 검증","39,517",601,1.52%,₩670,"₩402,424",156,25.96%,"₩2,580",3059836.665,760.35%
FALSE,WM,PerfectingCushion_Perfect_Product_v01_BNR_1x1_260824,PerfectingCushion,2026-08-24,2026-09-06,https://drive.google.com/file/d/1Gi31mGQFaQTP4cHQEV1qEbg0uWnCHBX-/view?usp=drivesdk,"쿠션 특유의 가벼움은 좋은데, 커버력이 아쉬웠던 경험이 있을 때",파운데이션급 완성형 쿠션,"가벼운 쿠션에서 부족했던 커버력을 원하는 소비자가, 심리스 파데의 커버력을 쿠션 제형으로 옮긴 솔루션으로 인식하는지 검증","340,431","6,078",1.79%,₩609,"₩3,700,669",1189,19.56%,"₩3,112",24298241.41,656.59%
FALSE,WM,PerfectingCushion_LongLasting_B&A_v01_BNR_1x1_260824,PerfectingCushion,2026-08-24,2026-09-06,https://drive.google.com/file/d/15gp0dgoRmJ8G_aTHsRfamfpvbtM288kZ/view?usp=drivesdk,"쿠션은 편한데 금방 무너질까 걱정돼, 지속력까지 챙기고 싶을 때","쿠션의 가벼움으로, 24시간 무너짐 걱정 없는 유지력.","간편함과 지속력을 동시에 원하는 소비자가, 퍼펙팅 쿠션을 지속력 갖춘 데일리 쿠션으로 인식하는지 검증","38,371",495,1.29%,"₩1,015","₩502,299",109,22.02%,"₩4,608",2515156.128,500.73%
FALSE,WM,PerfectingCushion_Easy_B&A_v01_BNR_1x1_260824,PerfectingCushion,2026-08-24,2026-09-06,https://drive.google.com/file/d/1-bVUdYxcNmhscZpov8B6xKiBC39HZDBn/view?usp=drivesdk,공들여 바르지 않아도 결을 따라 예쁘게 밀착되는 매끈한 표현을 원할,톡톡 두드리기만 하면 끝! 피부에 착 밀착되는 스킨 퍼펙팅 커버 쿠션,"정성껏 바르지 않아도 자연스럽게 밀착되는 피부 표현을 원하는 소비자가, 퍼펙팅 쿠션을 결을 따라 매끄럽게 완성되는 완성형 쿠션 솔루션으로 인식하는지 검증","79,210","1,070",1.35%,₩688,"₩736,267",205,19.16%,"₩3,592",3780264.757,513.44%
FALSE,WM,LastingGlowStick_SmoothLip_Lip_v01_VID_1x1_260824,LastingGlowStick,2026-08-24,2026-09-06,https://drive.google.com/file/d/1E7ThUnmRvxAJt3QjsbmsBH0JTfA4KQCd/view?usp=drivesdk,"환절기가 되면서 입술이 건조해져, 립을 바를수록 각질이나 세로주름이 더 도드라져 보이는 게 신경 쓰일 때","매끄럽게 차오르는, 탱글하고 맑은 광택","환절기 건조로 인해 각질·세로주름이 부각되는 립 표현이 신경 쓰이는 소비자가, 래스팅 글로우 스틱을 건조한 입술에도 매끈한 윤기 표현을 완성하는 글로우 립 솔루션으로 인식하는지 검증","109,210","2,758",2.53%,₩711,"₩1,959,697",392,14.21%,"₩4,999",7673676.755,391.57%
FALSE,WM,LastingGlowStick_SmoothLip_Lip_v01_BNR_1x1_260824,LastingGlowStick,2026-08-24,2026-09-06,https://drive.google.com/file/d/1g77tN1XmUvu7V9M84LRpZ0Gbd84Sy4lW/view?usp=drivesdk,"환절기가 되면서 입술이 건조해져, 립을 바를수록 각질이나 세로주름이 더 도드라져 보이는 게 신경 쓰일 때",각질과 세로 주름을 커버하여 매끈하고 윤기 나는 입술로,"환절기 건조로 인해 각질·세로주름이 부각되는 립 표현이 신경 쓰이는 소비자가, 래스팅 글로우 스틱을 건조한 입술에도 매끈한 윤기 표현을 완성하는 글로우 립 솔루션으로 인식하는지 검증","66,174","1,357",2.05%,₩713,"₩967,836",195,14.37%,"₩4,963",3516764.923,363.36%
FALSE,WM,LastingGlowStick_PersonalColor_Lip_v01_BNR_1x1_260824,LastingGlowStick,2026-08-24,2026-09-06,https://drive.google.com/file/d/1GpiF0R-QtQHHZCSvgSRWQ6iWUqVP-WKk/view?usp=drivesdk,"예쁜 립 컬러를 발견해도 막상 내 얼굴에 바르면 동동 뜨거나 안색과 어울리지 않을까 걱정돼, 내 톤에 자연스럽게 어울리는 컬러를 고르고 싶을 때",피부 톤에 맞춰 골라 쓰는 10가지 컬러 구성 광택 립,"립 컬러 선택 시 발색 자체보다 자신의 피부 톤과 자연스럽게 어울리는지를 중요하게 생각하는 소비자가, 래스팅 글로우 스틱을 Warm/Cool 컬러 구성을 통해 나에게 어울리는 컬러를 쉽게 선택할 수 있는 퍼스널컬러 글로우 립 솔루션으로 인식하는지 검증","102,612","2,066",2.01%,₩646,"₩1,335,156",296,14.33%,"₩4,511",5533400.618,414.44%
FALSE,WM,LastingGlowStick_LongLasting_Lip_v01_VID_1x1_260824,LastingGlowStick,2026-08-24,2026-09-06,https://drive.google.com/file/d/1djvrE5aaoAxQBWK9P-zvPDBISVNbB3R3/view?usp=drivesdk,"립을 여러 번 덧바르기 귀찮아, 한 번 바르고 오래 유지되길 원할 때",덧바르는 번거로움은 이제 제로. 언제 봐도 갓 바른 듯. 저녁까지 컬러 유지.,"잦은 리터치가 번거로운 소비자가, 지속력 중심 립 솔루션으로 인식하는지 검증","149,640","4,185",2.80%,₩574,"₩2,402,361",536,12.81%,"₩4,482",9337767.992,388.69%
FALSE,WM,LastingGlowStick_Date_Lip_v01_VID_1x1_260824,LastingGlowStick,2026-08-24,2026-09-04,https://drive.google.com/file/d/1Ng71Kfo3-TujfOnWObj5tAWFyWcACCwp/view?usp=drivesdk,"데이트 중에, 계속 입술 색 지워졌는지 확인하는 게 싫어서 시간이 지나도 예쁘게 유지되길 원할 때",데이트 중 거울을 보지 않아도 계~속 예쁜 입술 그대로♥,"데이트 중 식사·카페 이후 립이 지워졌는지 계속 확인하고 수정하는 것이 번거로운 소비자가, 래스팅 글로우 스틱을 데이트 내내 발색과 윤기를 오래 유지해 립 수정 부담을 낮춰주는 지속 립 솔루션으로 인식하는지 검증","23,015",473,2.06%,₩768,"₩363,116",45,9.51%,"₩8,069",772023.9287,212.61%
FALSE,WM,SoftBlurEye_Peach_inf-reo_v01_VID_1x1_260824,SoftBlurEye,2026-08-24,2026-09-06,https://drive.google.com/file/d/1WGzpQ7uuWclZOfrL6NpkvNrvTGlgsTwu/view?usp=drivesdk,,"팔레트 하나로 완성, 보송보송 피치 메이크업",,"105,470","1,851",1.76%,₩823,"₩1,523,417",431,23.28%,"₩3,535",8685017.128,570.10%
FALSE,WM,SoftBlurEye_Peach_inf-miyubiyo_v01_VID_1x1_260824,SoftBlurEye,2026-08-24,2026-09-06,https://drive.google.com/file/d/1DqTcjlIPabqIN9eKsUgCSm-TnTqTuDcV/view?usp=drivesdk,,팔레트 하나로 완성하는 뽀용뽀용한 피치 메이크업,,"87,517","1,154",1.32%,"₩1,062","₩1,225,950",330,28.60%,"₩3,715",6646388.537,542.14%
FALSE,WM,SoftBlurEye_NoFailure_Model_v01_BNR_1x1_260824,SoftBlurEye,2026-08-24,2026-09-06,https://drive.google.com/file/d/1u6M8-qMl6ob1J6OvqhXYh7eZ8b45FfAT/view?usp=drivesdk,"아이섀도우를 바르면 눈이 부어 보이거나 너무 진해져 답답한 인상이 될까 걱정돼, 자연스럽지만 또렷한 눈매를 만들고 싶을 때",부어 보임 & 들뜸 제로! 섬세한 그라데이션으로 만드는 자연스러운 입체감,"컬러를 잘못 사용해 눈이 부어 보이거나 메이크업이 과해질까 걱정하는 소비자가, 소블아를 컬러 조합 실패 부담 없이 자연스럽고 또렷한 눈매를 완성하는 팔레트로 인식하는지 검증","48,886",977,2.00%,₩699,"₩682,854",172,17.60%,"₩3,970",3745953.602,548.57%
FALSE,WM,SoftBlurEye_MoodSwitch_inf-miiis.09_v01_VID_1x1_260824,SoftBlurEye,2026-08-24,2026-09-06,https://drive.google.com/file/d/1ktOtNNvPYo-NlgFnrdYZiku0WJWNuB14/view?usp=drivesdk,"늘 비슷한 눈매가 지겨워, 그날의 기분이나 스타일에 따라 부드럽고 은은한 무드부터 매력/시크 있는 무드 등 평소와 다른 나를 연출하고 싶을 때","팔레트 하나로 완성, 부드러운 투명감 메이크업","평소와 다른 이미지로 변신하고 싶은 소비자가, 소블아로 서로 다른 분위기를 연출할 수 있는 무드 전환 팔레트로 인식하는지 검증","63,775",838,1.31%,"₩1,156","₩968,995",267,31.86%,"₩3,629",4952387.244,511.08%
FALSE,WM,Seamless_SeasonShift_Product_v01_BNR_1x1_260824,Seamless,2026-08-24,2026-09-06,https://drive.google.com/file/d/1yKIL0i9JLd9eirKIMpIHq4dzA_Nyxze8/view?usp=drivesdk,"환절기에 어떻게 해도 파운데이션이 뜨거나 겉돌아, 내 피부처럼 자연스럽게 밀착되길 원할 때",환절기에도 건조함 없는 피부 표현으로.,"환절기에 파데의 이질감·들뜸이 신경 쓰이는 소비자가, 심리스 파운데이션을 피부 표면에 밀착되는 환절기 베이스 솔루션으로 인식하는지 검증","44,993",903,2.01%,₩567,"₩511,809",76,8.42%,"₩6,734",1474080.032,288.01%
FALSE,BOH,Asachuru_Teaser-2534_Product_v01_BNR_1x1_260825,Asachuru,2026-08-25,2026-09-06,https://drive.google.com/file/d/1XChGB1n_ni0ryzZllx0L7L-HHxv9LRye/view?usp=drivesdk,처진 하안부는 잡아주고 건조 모공은 채워서 파데가 잘 먹는 base를 만들고 싶을 때,"20대 후반부터 시작되는 피부 고민 해결, 화장 잘 먹는 피부로","처진 하반부는 잡고 건조 모공은 채워 메이크업이 잘 먹길 바란다고 느끼는 소비자가, 아사츄루 아사츄르를 탄력 base와 콜라겐 결 정돈으로 화잘먹 피부 솔루션으로 인식하는지 검증","1,758,640","15,774",0.90%,₩606,"₩9,561,170",2700,17.12%,"₩3,541",104360729.1,1091.51%
FALSE,BOH,MegawariBox_MixedLine_Product_v02_BNR_1x1_260825,MegawariBox,2026-08-25,2026-09-06,https://drive.google.com/file/d/1jERljkl9xXau6KdAAYvguoSf-7_Fqc7D/view?usp=drivesdk,"늘어난 모공, 탄력과 결을 한 번에 되돌리고 싶을 때","모공도, 탄력도, 광채도. 인기 라인으로 완성하는 토탈 케어.","처짐과 늘어진 모공·결을 한 번에 되돌리고 싶다고 느끼는 소비자가, 아사츄루 아사츄르를 3D 탄력과 콜라겐 결 케어로 인상을 되돌릴 수 있는 탄력+결 솔루션으로 인식하는지 검증","313,852","4,940",1.57%,₩848,"₩4,187,363",1194,24.17%,"₩3,507",53733182.63,1283.22%
FALSE,BOH,NAD-Cream_NADScience-3554_Product_v02_BNR_1x1_260825,NAD-Cream,2026-08-25,2026-09-06,https://drive.google.com/file/d/19dM-sVEdKH53nu6IMfSUWM1MPVb1vAmt/view?usp=drivesdk,"크림을 고를 때 단순 보습보다 성분과 효능 근거를 꼼꼼히 비교해, 매일 믿고 쓸 수 있는 프리미엄 생기 케어를 찾을 때","매일 바르는 크림이야말로, 성분에 신경 써야 합니다","성분과 효능을 꼼꼼히 비교하는 3554 소비자가, NAD 크림을 독자 성분과 BOH 크림 기술력을 바탕으로 건강하고 생기 있어 보이는 피부를 관리하는 신뢰도 높은 프리미엄 데일리 케어로 인식하는지 검증","358,867","8,386",2.34%,₩750,"₩6,291,039",1926,22.97%,"₩3,266",75461308.08,1199.50%
FALSE,BOH,NAD-Cream_NADScience-3554_Product_v03_BNR_1x1_260825,NAD-Cream,2026-08-25,2026-09-06,https://drive.google.com/file/d/1GQrfoBQGfp8x22YMxu-TbMQy1IeaqaZn/view?usp=drivesdk,"크림을 고를 때 단순 보습보다 성분과 효능 근거를 꼼꼼히 비교해, 매일 믿고 쓸 수 있는 프리미엄 생기 케어를 찾을 때","에이징 케어 명가 BOH가 도달한 해답, NAD","성분과 효능을 꼼꼼히 비교하는 3554 소비자가, NAD 크림을 독자 성분과 BOH 크림 기술력을 바탕으로 건강하고 생기 있어 보이는 피부를 관리하는 신뢰도 높은 프리미엄 데일리 케어로 인식하는지 검증","122,583","2,729",2.23%,₩761,"₩2,076,425",556,20.37%,"₩3,735",21328893.24,1027.19%
FALSE,BOH,NAD-Cream_Overnight_Product_v01_BNR_1x1_260825,NAD-Cream,2026-08-25,2026-09-06,https://drive.google.com/file/d/1184W564epr5bmeZCiaIPG-vTd9yCE7i3/view?usp=drivesdk,"낮엔 챙길 틈이 없어 자는 동안만이라도 안티에이징을 관리하고, 다음 날 아침 거울 속 피부가 달라져 있길 바랄 때",자는 동안 칙칙한 피부를 되돌리자,"낮에 챙길 틈이 없어 자는 동안 안티에이징을 관리하고 다음 날 아침 달라진 피부를 기대하는 소비자가, NAD 크림을 자는 동안 촉촉함과 윤기를 채워 다음 날 광채·생기를 살려주는 나이트 케어 솔루션으로 인식하는지 검증","647,269","11,090",1.71%,₩677,"₩7,504,916",1240,11.18%,"₩6,052",50870724.89,677.83%
FALSE,BOH,NAD-Cream_Teaser-3554_Product_v02_BNR_1x1_260825,NAD-Cream,2026-08-25,2026-09-06,https://drive.google.com/file/d/1pjSYdAj0pTZwgrT91SkO3EKCimbXJJI0/view?usp=drivesdk,"크림을 고를 때 단순 보습보다 성분과 효능 근거를 꼼꼼히 비교해, 매일 믿고 쓸 수 있는 프리미엄 생기 케어를 찾을 때","나이와 함께 사라지는 광채, NAD로 빛나는 광채 피부로","성분과 효능을 꼼꼼히 비교하는 3554 소비자가, NAD 크림을 독자 성분과 BOH 크림 기술력을 바탕으로 건강하고 생기 있어 보이는 피부를 관리하는 신뢰도 높은 프리미엄 데일리 케어로 인식하는지 검증","48,670","1,101",2.26%,₩746,"₩821,201",197,17.89%,"₩4,169",7289856.649,887.71%
FALSE,BOH,3D_Harichokin-2534_inf-ogiyuka-ippaiwarae216_v01_VID_9x16_260825,3D,2026-08-25,2026-09-06,https://drive.google.com/file/d/12SnCk7cgjMaupRvggfWqpRELnSQlkQLV/view?usp=drivesdk,"여름이 끝나 피부가 지쳤는데, 건조한 계절이 오기 전에 미리 관리를 채워두고 싶을 때",지금부터 시작하는 탄력 저금.,"본격 건조 계절 전 선제 케어 니즈를 가진 소비자가, 
3D 리프팅 크림을 '탄력을 저금해두는' 시즌 준비 제품으로 인식하는지 검증","120,756","5,702",4.72%,₩165,"₩942,923",5,0.09%,"₩188,585",197041.3112,20.90%
FALSE,BOH,GelMist_InnerDry_Model_v01_VID_9x16_260825,GelMist,2026-08-25,2026-09-06,https://drive.google.com/file/d/18j3aLj3KK6urAkK4sHpqy237juVNvfLX/view?usp=drivesdk,"여름이라 스킨케어를 가볍게 줄였더니, 환절기가 다가오면서 속건조가 심해질 때",모공·결·탄력을 정돈해 아침 파운데이션 밀착력이 달라지는 피부로,"여름철 가벼운 루틴으로 속건조를 겪는 소비자가, 
겔미스트를 루틴을 무겁게 바꾸지 않고 속건조를 잡아주는 추가하는 솔루션으로 인식하는지 검증","124,532","2,020",1.62%,₩229,"₩462,327",2,0.10%,"₩231,163",228652.952,49.46%
FALSE,BOH,3D_Overnight-3554_inf-ogiyuka-ippaiwarae216_v01_VID_9x16_260825,3D,2026-08-25,2026-09-06,https://drive.google.com/file/d/1TEHvRAEBxNEe1a4mrYS8AuoYXV8lJaTO/view?usp=drivesdk,"저녁 무렵 피곤해 보이는 얼굴을 보고, 밤 사이 다음 날 아침의 탄력을 미리 채워두고 싶을 때","노화의 징후가 고민되기 시작했다면, 3D 랩 크림으로 탄력 부족을 집중 케어하세요.","밤에 발라 다음 날 아침의 탄력까지 이어가고 싶다고 느끼는 소비자가, 3D 리필 크림을 자는 동안 유지돼 24시간 끊김 없는 루틴을 완성할 수 있는 오버나이트 지속 케어 솔루션으로 인식하는지 검증","141,967","5,694",4.01%,₩159,"₩904,657",0,0.00%,₩0,0,0.00%
FALSE,BOH,NAD-Cream_Vitality-2534_Product_v01_BNR_1x1_260825,NAD-Cream,2026-08-25,2026-09-06,https://drive.google.com/file/d/1LAqqyUUOQl3Rrok-P9EiD3YICHc7SRH2/view?usp=drivesdk,"문득 거울을 보다 칙칙함·생기 없음이 신경 쓰여, 보습을 넘어 에이징케어로 넘어가고 싶을 때","최근 왠지 피부가 칙칙해 보인다면, NAD로 채우는 빛을 머금은 광채 피부","칙칙함과 생기 없음이 신경 쓰여 보습을 넘어 에이징케어로 넘어가고 싶다고 느끼는 소비자가, NAD 크림을 NAD 성분으로 칙칙함을 光으로 바꿔주는 초기 에이징케어 솔루션으로 인식하는지 검증","170,915","2,466",1.44%,₩738,"₩1,820,879",309,12.53%,"₩5,893",14634449.74,803.70%
FALSE,BOH,MegawariBox_NADLine_ayuchosuu_v01_VID_9x16_260825,MegawariBox,2026-08-25,2026-09-06,https://drive.google.com/file/d/1j2xDC4XecCylGdCIiT2ACAU5YrXi03JG/view?usp=drivesdk,,메가와리 최대 60% 할인,,"22,863","1,517",6.64%,₩135,"₩204,550",0,0.00%,₩0,0,0.00%
FALSE,BOH,NAD-Cream_Teaser-2534_Product_v01_BNR_1x1_260825,NAD-Cream,2026-08-25,2026-09-06,https://drive.google.com/file/d/1tp-QLtsdBA8wwTVmoncKFM0EXEQ-mRIQ/view?usp=drivesdk,"문득 거울을 보다 칙칙함·생기 없음이 신경 쓰여, 보습을 넘어 에이징케어로 넘어가고 싶을 때","예전에는 신경 쓰이지 않았던 칙칙함, NAD로 광채를 되찾으세요","칙칙함과 생기 없음이 신경 쓰여 보습을 넘어 에이징케어로 넘어가고 싶다고 느끼는 소비자가, NAD 크림을 NAD 성분으로 칙칙함을 光으로 바꿔주는 초기 에이징케어 솔루션으로 인식하는지 검증","123,518","1,634",1.32%,₩801,"₩1,309,031",210,12.85%,"₩6,233",6685162.362,510.70%
FALSE,BOH,NAD-Cream_GlowAgain-2534_Product_v02_BNR_1x1_260825,NAD-Cream,2026-08-25,2026-09-06,https://drive.google.com/file/d/1euYcjhZ7WdxXVdBu1cXPD98JYUWDAod3/view?usp=drivesdk,"여름철 자외선으로 피부가 한 톤 어두워진 것 같아, 원래의 광채부터 되찾고 싶을 때","지금이야말로, NAD를 시작해야 할 때","여름철 자외선으로 탄 피부로 더욱 
피부의 칙칙함·광채 저하를 체감할 소비자가, 
NAD 크림을 회복용 광채 케어로 인식하는지 검증","135,016","1,856",1.37%,₩777,"₩1,442,463",342,18.43%,"₩4,218",14411227.45,999.07%
FALSE,BOH,3D_Teaser-2534_Product_v01_BNR_1x1_260825,3D,2026-08-25,2026-09-06,https://drive.google.com/file/d/1G_xc53zwCpzctKLLErS6MiAeZ967toNM/view?usp=drivesdk,"여름이 끝나 피부가 지쳤는데, 건조한 계절이 오기 전에 미리 관리를 채워두고 싶을 때","미래의 피부를 위해, 지금부터 탄력 저금","본격 건조 계절 전 선제 케어 니즈를 가진 소비자가, 
3D 리프팅 크림을 '탄력을 저금해두는' 시즌 준비 제품으로 인식하는지 검증","670,981","3,760",0.56%,₩430,"₩1,617,478",309,8.22%,"₩5,235",14373758.29,888.65%
FALSE,BOH,GelMist_InnerDry_Model_v01_VID_1x1_260825,GelMist,2026-08-25,2026-09-06,https://drive.google.com/file/d/1LWMIdbRURgGL3JwGXLedaFFVa2SB4TX-/view?usp=drivesdk,"여름이라 스킨케어를 가볍게 줄였더니, 환절기가 다가오면서 속건조가 심해질 때",생콜라겐을 통째로 미스트에.,"여름철 가벼운 루틴으로 속건조를 겪는 소비자가, 
겔미스트를 루틴을 무겁게 바꾸지 않고 속건조를 잡아주는 추가하는 솔루션으로 인식하는지 검증","900,330","7,018",0.78%,₩691,"₩4,849,758",1059,15.09%,"₩4,580",43449946.87,895.92%
FALSE,BOH,3D_Teaser-3554_Product_v02_BNR_1x1_260825,3D,2026-08-25,2026-09-06,https://drive.google.com/file/d/1FjgnAsXb1I5NkZ1UOaiD9lkdW9hQ25Yb/view?usp=drivesdk," 30대 중반을 지나 처짐이 ""슬슬 현실""로 느껴지기 시작해, 화장품으로 밤에 집중 케어하고 싶을 때","나이가 들면서 신경 쓰이는 탄력 부족에, 지금이야말로 3D 케어","처짐이 슬슬 현실로 느껴져 밤에 집중적으로 케어하고 싶다고 느끼는 소비자가, 3D 리필 크림을 유산균으로 피부 토대를 다져줄 수 있는 밤 집중 탄력 케어 솔루션으로 인식하는지 검증","1,581,849","11,197",0.71%,₩396,"₩4,434,688",563,5.03%,"₩7,877",21861970.05,492.98%
FALSE,BOH,Asachuru_Teaser-3554_Product_v02_BNR_1x1_260825,Asachuru,2026-08-25,2026-09-06,https://drive.google.com/file/d/1DVsD0jFcjqhThospvHEyEG2RRzKvI57c/view?usp=drivesdk,"30대 중반, 처짐이 슬슬 현실로 느껴지는데 모공까지 늘어져 보여, 탄력과 결을 한 번에 되돌리고 싶을 때","40대, 크림 하나로는 부족하니까 아침저녁으로 나누어 사용","처짐과 늘어진 모공·결을 한 번에 되돌리고 싶다고 느끼는 소비자가, 아사츄루 아사츄르를 3D 탄력과 콜라겐 결 케어로 인상을 되돌릴 수 있는 탄력+결 솔루션으로 인식하는지 검증","2,286,930","23,563",1.03%,₩566,"₩13,335,274",4365,18.52%,"₩3,055",182921376,1371.71%
FALSE,BOH,MegawariBox_3DLine_Product_v02_BNR_1x1_260825,MegawariBox,2026-08-25,2026-09-06,https://drive.google.com/file/d/1ywiHlwA4IGtxDOtREAdVR90vAxf5j8nI/view?usp=drivesdk,"여름이 끝나 피부가 지쳤는데, 건조한 계절이 오기 전에 미리 관리를 채워두고 싶을 때","지금부터 시작하는, 미래를 위한 탄력 저축 세트","본격 건조 계절 전 선제 케어 니즈를 가진 소비자가, 
3D 리프팅 크림을 '탄력을 저금해두는' 시즌 준비 제품으로 인식하는지 검증","199,780","4,533",2.27%,₩638,"₩2,890,297",933,20.58%,"₩3,098",46771495.33,1618.22%
FALSE,BOH,MegawariBox_CollagenLine_Product_v02_BNR_1x1_260825,MegawariBox,2026-08-25,2026-09-06,https://drive.google.com/file/d/1J-tISJvkF6TH-2he-1QsiJnY1a6mMGOS/view?usp=drivesdk,"30대 중반, 처짐이 슬슬 현실로 느껴지는데 모공까지 늘어져 보여, 탄력과 결을 한 번에 되돌리고 싶을 때","모공과 피부 결을 매끄럽게 정돈하여, 매끈하고 윤기 나는 피부로.","처짐과 늘어진 모공·결을 한 번에 되돌리고 싶다고 느끼는 소비자가, 아사츄루 아사츄르를 3D 탄력과 콜라겐 결 케어로 인상을 되돌릴 수 있는 탄력+결 솔루션으로 인식하는지 검증","70,296","1,719",2.45%,₩594,"₩1,020,231",274,15.94%,"₩3,723",13749293.11,1347.66%
FALSE,BOH,MegawariBox_NADLine_Product_v02_BNR_1x1_260825,MegawariBox,2026-08-25,2026-09-06,https://drive.google.com/file/d/1TQtrO_20dEjvvWXLHXwHv7UsHDj4k9YV/view?usp=drivesdk,"문득 거울을 보다 칙칙함·생기 없음이 신경 쓰여, 보습을 넘어 에이징케어로 넘어가고 싶을 때",최근 신경 쓰이는 피부 칙칙함. NAD로 빛을 머금은 광채 피부로.,"칙칙함과 생기 없음이 신경 쓰여 보습을 넘어 에이징케어로 넘어가고 싶다고 느끼는 소비자가, NAD 크림을 NAD 성분으로 칙칙함을 光으로 바꿔주는 초기 에이징케어 솔루션으로 인식하는지 검증","89,726","1,590",1.77%,₩808,"₩1,284,346",344,21.64%,"₩3,734",16864666.19,1313.09%
FALSE,BOH,MegawariBox_Teaser_Product_v01_BNR_1x1_260825,MegawariBox,2026-08-25,2026-09-06,https://drive.google.com/file/d/1biU_Ou_5lH0j85JeiXHyOMqQhBoyCuVq/view?usp=drivesdk,,메가와리 한정 최대 66% 할인,,"239,570","6,043",2.52%,₩497,"₩3,006,264",1148,19.00%,"₩2,619",55184560.95,1835.65%
FALSE,BOH,MegawariBox_NADLine_ayuchosuu_v01_VID_1x1_260825,MegawariBox,2026-08-25,2026-09-06,https://drive.google.com/file/d/1IbKhNWS6WLtjIOC5--PDvmdQGWVu9URw/view?usp=drivesdk,,지금의 피부 상태를 오랫동안 유지하고 싶다면? 24시간 탄력 루틴!,,"2,054",80,3.89%,₩436,"₩34,890",0,0.00%,₩0,0,0.00%
FALSE,BOH,MegawariBox_NADLine_sunwei_v01_VID_1x1_260825,MegawariBox,2026-08-25,2026-09-06,https://drive.google.com/file/d/1AmRwu1o3ZtDsJAA_glU_DgrV41qChiXv/view?usp=drivesdk,,"한 박스로 끝, 더 이상 고민하지 마세요! 탄력 No.1 바이오힐보 믹스 박스",,"12,322",465,3.77%,₩392,"₩182,332",4,0.86%,"₩45,583",79348.79106,43.52%
FALSE,BOH,MegawariBox_NADLine_sunwei_v01_VID_9x16_260825,MegawariBox,2026-08-25,2026-09-06,https://drive.google.com/file/d/11_qGlfnE8clODQZwMDk3xeaADisQRXCA/view?usp=drivesdk,,메가와리 최대 60% 할인,,"44,245","2,234",5.05%,₩140,"₩312,700",0,0.00%,₩0,0,0.00%
FALSE,BOH,NAD-Cream_UGC-jp_yuzuki22_v01_VID_9x16_260826,NAD-Cream,2026-08-26,2026-09-05,https://drive.google.com/file/d/1t7SNc_3gfKvYl7cISTt4gBsQwI0e7Ymh/view?usp=drivesdk,,눈 깜짝할 사이에 광채를 양산하는 '광채 제조 크림',,"365,157","16,280",4.46%,₩260,"₩4,238,623",20,0.12%,"₩211,931",991133.4041,23.38%
FALSE,BOH,MegawariBox_3DLine_inf-RuiYuda_v01_VID_1x1_260825,MegawariBox,2026-08-25,2026-09-06,https://drive.google.com/file/d/1AtSyFwzn2ZhR2XI5SJIByQDso7YXpGhN/view?usp=drivesdk,,바이오힐보 3D 탄력 케어 세트,,"22,922",953,4.16%,₩398,"₩379,690",10,1.05%,"₩37,969",400762.5821,105.55%
FALSE,BOH,MegawariBox_3DLine_inf-MizutaniSaki_v01_VID_9x16_260825,MegawariBox,2026-08-25,2026-09-06,https://drive.google.com/file/d/1PA9uYBnpXn1ZJaOSMutW2y16mJGDG6iv/view?usp=drivesdk,,지금의 피부 상태를 오래 유지하고 싶다면? 탄력 No.1 바이오힐보 3D 라인으로 완성하는 24시간 탄력 루틴!,,"46,597","3,788",8.13%,₩125,"₩473,402",0,0.00%,₩0,0,0.00%
FALSE,BOH,MegawariBox_MixedLine_inf-yuko-0013_v01_VID_9x16_260825,MegawariBox,2026-08-25,2026-09-06,https://drive.google.com/file/d/1Fvcdssi5fIuoyxyPk06C_xZ6qoEp6_6m/view?usp=drivesdk,,"한 박스로 해결, 더 이상 고민하지 마세요!",,"55,492","3,129",5.64%,₩153,"₩479,643",0,0.00%,₩0,0,0.00%
FALSE,BOH,MegawariBox_3DLine_inf-RuiYuda_v01_VID_9x16_260825,MegawariBox,2026-08-25,2026-09-06,https://drive.google.com/file/d/1egOExrDGM5hxhlr53qfwsEbMCaG-Ftiw/view?usp=drivesdk,,구매 전이라면 주목! 바이오힐보 3D 탄력 케어 세트,,"81,628","4,848",5.94%,₩137,"₩665,174",0,0.00%,₩0,0,0.00%
FALSE,BOH,NAD-Eyecream_Original_inf-ayuchosuu_v01_VID_9x16_260826,NAD-Eyecream,2026-08-26,2026-09-06,https://drive.google.com/file/d/1ErMIO1wqSVjKzi2bH0Spqmxgxj7HrIhb/view?usp=drivesdk,,"무조건 예뻐지고 싶은 27살, 민낯 자신감 폭발하는 케어 시작",,"82,658","6,933",8.39%,₩157,"₩1,089,609",1,0.01%,"₩1,089,609",36675.98897,3.37%
FALSE,BOH,MegawariBox_Original_inf-99.isx_v01_VID_9x16_260826,MegawariBox,2026-08-26,2026-09-06,https://drive.google.com/file/d/17LWresXeL4D1hHoK7-IccniKG-LP1y0R/view?usp=drivesdk,,텍스트 없음,,"29,406","1,995",6.78%,₩152,"₩303,694",0,0.00%,₩0,0,0.00%
FALSE,BOH,MegawariBox_Original_inf-mizutanisaki_v01_VID_9x16_260826,MegawariBox,2026-08-26,2026-09-06,https://drive.google.com/file/d/17kQ0L8UquKVG3tQYwNI6Wbjq-UOXm4-m/view?usp=drivesdk,,바이오힐보의 메가와리 한정 BOX,,"44,197","2,565",5.80%,₩182,"₩465,942",6,0.23%,"₩77,657",203399.211,43.65%
FALSE,BOH,MegawariBox_Original_inf-yuumikono125_v01_VID_9x16_260826,MegawariBox,2026-08-26,2026-09-06,https://drive.google.com/file/d/1nAO3WWPtRnfW0QUPDvicICBFCV8RfP-q/view?usp=drivesdk,,"아침은 촉촉, 밤은 탄탄 습관",,"30,817","2,222",7.21%,₩148,"₩328,341",0,0.00%,₩0,0,0.00%
FALSE,WM,LastingGlowStick_SmoothLip_Lip_v01_VID_9x16_260824,LastingGlowStick,2026-08-28,2026-09-03,https://drive.google.com/file/d/1pRvE9ZsHkHYQAkCRscnqmGbE1oF3mr8G/view?usp=drivesdk,"환절기가 되면서 입술이 건조해져, 립을 바를수록 각질이나 세로주름이 더 도드라져 보이는 게 신경 쓰일 때","매끄럽게 채워지는, 탱글하고 맑은 광택","환절기 건조로 인해 각질·세로주름이 부각되는 립 표현이 신경 쓰이는 소비자가, 래스팅 글로우 스틱을 건조한 입술에도 매끈한 윤기 표현을 완성하는 글로우 립 솔루션으로 인식하는지 검증","67,690",355,0.52%,"₩1,507","₩534,823",99,27.89%,"₩5,402",1838474.779,343.75%
FALSE,CG,T-Milk_Date_ShinChan_v01_BNR_1x1_260824,T-Milk,2026-08-28,2026-09-06,https://drive.google.com/file/d/1ILb_C2pQ6nBccjhASC0fWX3nZrIo6t0J/view?usp=drivesdk,"데이트 중에, 계속 입술 색 지워졌는지 확인하는 게 싫어서 시간이 지나도 예쁘게 유지되길 원할 때",데이트 중 립 수정은 이제 신경 쓰지 않아,"데이트 중 식사·카페 이후 립이 지워졌는지 계속 확인하고 수정하는 것이 번거로운 소비자가, 탕후루 밀크를 데이트 내내 발색과 윤기를 오래 유지해 립 수정 부담을 낮춰주는 지속 립 솔루션으로 인식하는지 검증","4,868",73,1.50%,"₩1,385","₩101,117",8,10.96%,"₩12,640",107995.9377,106.80%
FALSE,CG,T-Milk_AutumnMilky_ShinChan_v01_BNR_1x1_260824,T-Milk,2026-08-28,2026-09-03,https://drive.google.com/file/d/1opUaTeKnTNY-maAOAET5ROisol_gJOlz/view?usp=drivesdk,"가을 무드는 내고 싶지만 딥한 브라운·레드는 부담스러워, 부드럽게 스며드는 밀키한 컬러로 분위기를 내고 싶을 때",너무 진하지 않은 부드러운 밀크티 브라운,"딥한 가을 컬러가 부담스러운 소비자가, 탕후루 밀크를 가을 컬러를 부드럽고 부담 없이 즐길 수 있는 밀키 립 솔루션으로 인식하는지 검증","10,465",131,1.25%,"₩1,623","₩212,640",15,11.45%,"₩14,176",148684.912,69.92%
FALSE,CG,T-DeepGlaze_Volume_ShinChan_v01_BNR_1x1_260824,T-DeepGlaze,2026-08-28,2026-09-06,https://drive.google.com/file/d/1mYpiwgU2RPEW3H2NhR3zSiF3ZtdCOG3k/view?usp=drivesdk,"입술이 얇고 볼륨 없어 보여, 유리알 광택으로 도톰하고 탱글하게 연출하고 싶을 때","코팅 광택감 1위 틴트, 차분한 과즙 컬러 신작 등장!","얇은 입술을 유리알 광택으로 도톰하게 연출하고 싶은 소비자가, 탕후루 딥글레이즈를 광택·볼륨을 주는 글로시 틴트 솔루션으로 인식하는지 검증","5,953",101,1.70%,"₩1,214","₩122,584",8,7.92%,"₩15,323",85728.16651,69.93%
FALSE,CG,T-DeepGlaze_SmoothLip_ShinChan_v01_BNR_1x1_260824,T-DeepGlaze,2026-08-28,2026-09-04,https://drive.google.com/file/d/1uYdVF7O5mh3y8NYhwYWU1ezlTaU6cOar/view?usp=drivesdk,"건조해지기 시작하니 입술 세로주름이 도드라져, 립을 발라도 쪼글쪼글해 보일 때",지금 아니면 못 구해! 짱구 한정 디자인♡,"가을 건조로 입술 세로주름이 신경 쓰이는 소비자가, 딥글레이즈를 세로주름을 광택으로 메워 매끈해 보이게 하는 솔루션으로 인식하는지 검증 — Volume(도톰함)에서 '주름 커버'로 진입점 이동","3,128",38,1.21%,"₩2,402","₩91,284",7,18.42%,"₩13,041",57060.38038,62.51%
FALSE,CG,T-DeepGlaze_Date_ShinChan_v01_BNR_1x1_260824,T-DeepGlaze,2026-08-28,2026-09-06,https://drive.google.com/file/d/11S6e-vD5yIgCk4_cGKzPx416m50BxcGr/view?usp=drivesdk,"데이트 중에, 계속 입술 색 지워졌는지 확인하는 게 싫어서 시간이 지나도 예쁘게 유지되길 원할 때",촉촉하고 쫀득한 컬러♡,"데이트 중 식사·카페 이후 립이 지워졌는지 계속 확인하고 수정하는 것이 번거로운 소비자가, 래스팅 글로우 스틱을 데이트 내내 발색과 윤기를 오래 유지해 립 수정 부담을 낮춰주는 지속 립 솔루션으로 인식하는지 검증","5,359",58,1.08%,"₩1,895","₩109,884",10,17.24%,"₩10,988",91794.44109,83.54%
FALSE,CG,ShadingStick_Recover_Product_v02_BNR_1x1_260824,ShadingStick,2026-08-28,2026-09-06,https://drive.google.com/file/d/1j4m4GcZsoxU_g8Ekm4GHofDAl6ubIKpO/view?usp=drivesdk,저녁이 되면 음영이 날아가 얼굴이 흐릿하고 피곤해 보여서 수정하고 싶을 때,"그림자가 사라진 얼굴에, 슥 그려서 입체감 부활!","저녁에 음영이 날아가 피곤해 보이는 소비자가, 쉐딩 스틱을 한 번에 덧그려 입체감을 되살리는 수정화장 솔루션으로 인식하는지 검증","86,107","1,699",1.97%,₩684,"₩1,162,665",104,6.12%,"₩11,179",991444.9501,85.27%
FALSE,CG,ShadingStick_Beginner_inf-marriu_v01_VID_1x1_260824,ShadingStick,2026-08-28,2026-09-06,https://drive.google.com/file/d/1KLWfSce_hkpSpk45eWM3tNVKPttS3-l9/view?usp=drivesdk,"쉐딩이 처음이라, 음영이 진해져 부자연스러워질까 겁날 때","초보자라도, 자연스러운 입체감","""음영이 너무 진해질까 무섭다""는 초심자의 불안이 반응을 일으키는지 검증
'初心者·失敗しない' 키워드 반복 노출이 카테고리 내 브랜드 인지도 확보로 이어지는지 검증","7,964",208,2.61%,₩753,"₩156,587",14,6.73%,"₩11,185",172113.364,109.92%
FALSE,CG,ShadingStick_Beginner_inf-makemana_v01_VID_1x1_260824,ShadingStick,2026-08-28,2026-09-06,https://drive.google.com/file/d/1pSOeSgSLPfhBENlU94gDKAj4_XTkneTJ/view?usp=drivesdk,"쉐딩이 처음이라, 음영이 진해져 부자연스러워질까 겁날 때",초보자도 쉽게 만드는 자연스러운 입체감,"""음영이 너무 진해질까 무섭다""는 초심자의 불안이 반응을 일으키는지 검증
'初心者·失敗しない' 키워드 반복 노출이 카테고리 내 브랜드 인지도 확보로 이어지는지 검증","3,562",45,1.26%,"₩2,884","₩129,802",2,4.44%,"₩64,901",16452.43414,12.68%
FALSE,CG,ShadingStick_Beginner_B&A_v02_BNR_1x1_260824,ShadingStick,2026-08-28,2026-09-04,https://drive.google.com/file/d/1Yj7qNIcdRhwZ0Ky9b7kbaFml-79x3b51/view?usp=drivesdk,"쉐딩이 처음이라, 음영이 진해져 부자연스러워질까 겁날 때","처음이라도, 자연스러운 입체감","""음영이 너무 진해질까 무섭다""는 초심자의 불안이 반응을 일으키는지 검증
'初心者·失敗しない' 키워드 반복 노출이 카테고리 내 브랜드 인지도 확보로 이어지는지 검증","6,030",107,1.77%,"₩1,625","₩173,927",8,7.48%,"₩21,741",67830.5926,39.00%
FALSE,CG,AegyoMaker_MidFace_Shinchan_v01_BNR_1x1_260824,AegyoMaker,2026-08-28,2026-09-06,https://drive.google.com/file/d/1HMQjyHTBob-wuYbbk8ZKmX7DcGk3i5xq/view?usp=drivesdk,"중안부가 길어 보여, 애교살을 살려 눈의 무게중심을 아래로 내려 얼굴 비율이 짧아 보이게 연출하고 싶을 때",도톰한 애교살로 얼굴의 여백을 꽉 채워 짧아 보이게,"중안부가 길어 보이는 것이 신경 쓰이는 소비자가, 애교살 메이커를 하안부에 입체감을 더해 중안부가 짧아 보이도록 연출하는 메이크업 솔루션으로 인식하는지 검증","5,567",84,1.51%,"₩1,397","₩117,362",3,3.57%,"₩39,121",41178.69573,35.09%
FALSE,CG,AegyoMaker_Idol_Shinchan_v01_BNR_1x1_260824,AegyoMaker,2026-08-28,2026-09-06,https://drive.google.com/file/d/1aO2E0tN9CS-B10jFqLzPoV_ZDmtO8ww9/view?usp=drivesdk,"눈 밑이 밋밋해 보여, 아이돌처럼 눈이 더 또렷하고 입체적으로 보이는 애교살을 만들고 싶을 때",최애 같은 눈매로♡ 도톰한 애교살이 순식간에 완성!,"한국 아이돌처럼 또렷하고 입체적인 눈매를 원하는 소비자가, 애교살 메이커를 눈 밑에 볼륨과 포인트를 더하는 아이돌 메이크업 솔루션으로 인식하는지 검증","32,733",584,1.78%,₩807,"₩471,078",48,8.22%,"₩9,814",546220.4353,115.95%
FALSE,CG,ShadingStick_Beginner_inf-makemana_v01_VID_9x16_26,ShadingStick,2026-08-28,2026-08-31,https://drive.google.com/file/d/1kppx8B2PMfXUXMu68YO5weAL2ECGGWWZ/view?usp=drivesdk,"쉐딩이 처음이라, 음영이 진해져 부자연스러워질까 겁날 때",초보자도 자연스러운 입체감,"""음영이 너무 진해질까 무섭다""는 초심자의 불안이 반응을 일으키는지 검증
'初心者·失敗しない' 키워드 반복 노출이 카테고리 내 브랜드 인지도 확보로 이어지는지 검증","45,335",431,0.95%,"₩1,025","₩441,600",22,5.10%,"₩20,073",201992.9577,45.74%
FALSE,CG,ColorCoverTint_AutumnLip_inf-917_v01_VID_1x1_260824,ColorCoverTint,2026-08-28,2026-09-06,https://drive.google.com/file/d/1uzTXYvUqIqSY6LGPOFerwC9OBvaR2L3_/view?usp=drivesdk,"유행하는 가을 브라운 립을 발랐는데 안색이 칙칙해 보여, '나한테 브라운은 안 어울리나' 포기하려던 때",베이스와 포인트 제품으로 완성하는 몰몰 메이크업,"브라운·딥톤 립 발색 실패 경험이 있는 소비자가, 컬러 커버 틴트를 가을 컬러를 성공시키는 립 베이스 솔루션으로 인식하는지 검증","6,461",88,1.36%,"₩2,135","₩187,841",27,30.68%,"₩6,957",290277.5084,154.53%
FALSE,CG,ColorCoverTint_AutumnLip_Model_v01_BNR_1x1_260824,ColorCoverTint,2026-08-28,2026-09-06,https://drive.google.com/file/d/1XwxwTJ2AdgEwi13nMlIeClhyKRFP9SY2/view?usp=drivesdk,"유행하는 가을 브라운 립을 발랐는데 안색이 칙칙해 보여, '나한테 브라운은 안 어울리나' 포기하려던 때",입술색을 보정해 이상적인 브라운 립으로,"브라운·딥톤 립 발색 실패 경험이 있는 소비자가, 컬러 커버 틴트를 가을 컬러를 성공시키는 립 베이스 솔루션으로 인식하는지 검증","35,599",583,1.64%,"₩1,270","₩740,672",154,26.42%,"₩4,810",1653391.475,223.23%
FALSE,CG,ColorCoverTint_LongLasting_inf-piu1me_v01_VID_1x1_260824,ColorCoverTint,2026-08-28,2026-09-06,https://drive.google.com/file/d/1l9BdcW3x2GBkz4YfeI-zB6D4UMbznJ3M/view?usp=drivesdk,"도중에 화장을 고칠 틈 없는 날, 오래 지속되는 립을 원할 때",바쁜 날에도 지워지지 않는 립 메이크업♡,"화장을 자주 고치기 어려운 상황에서 아침 립 발색이 밤까지 유지되길 바라는 소비자가, 컬러 커버 틴트를 지속력 중심 립 솔루션으로 인식하는지 검증","18,084",333,1.84%,"₩1,267","₩421,888",86,25.83%,"₩4,906",787915.9477,186.76%
FALSE,CG,NudyBlurTint_MLBB_ShinChan_v01_BNR_1x1_260824,NudyBlurTint,2026-08-28,2026-09-06,https://drive.google.com/file/d/1ajZcXP2b3564Bii4XwCjwBvwVMteov3D/view?usp=drivesdk,"가을 분위기는 내고 싶지만 너무 진한 컬러는 부담스러워, 데일리로 자연스럽게 사용할 수 있는 차분한 립을 찾을 때","가을 분위기 한 스푼, 일상에 스며드는 MLBB","가을에 부담 없이 사용할 수 있는 차분한 립 컬러를 찾는 소비자가, 해당 틴트를 자연스럽게 분위기를 바꿔주는 데일리 MLBB 솔루션으로 인식하는지 검증","27,964",402,1.44%,"₩1,091","₩438,416",99,24.63%,"₩4,428",1029388.201,234.80%
FALSE,CG,LipDuoSet_LongLasting_inf-seyo_v01_VID_1x1_260824,LipDuoSet,2026-08-28,2026-09-06,https://drive.google.com/file/d/1T4mQ8JWvLXyQCtMhyst1pggGqFzt5tMu/view?usp=drivesdk,,바쁜 날에도 입술 지워질 걱정 없어요♡,,"37,868",690,1.82%,"₩1,378","₩950,982",180,26.09%,"₩5,283",1764305.106,185.52%
FALSE,CG,LipDuoSet_IdealColor_LIP_v01_BNR_1x1_260824,LipDuoSet,2026-08-28,2026-09-06,https://drive.google.com/file/d/1vVVIYVyILrKH1xoMs4tJWgCXCWA4hirg/view?usp=drivesdk,"예쁜 립 컬러를 골라도 내 원래 입술색 때문에 탁하거나 다르게 발색돼, 제품에서 본 컬러 그대로 표현하고 싶을 때","SNS에서 봤던 그 느낌 그대로, 내 입술에서도.","본래 입술색 때문에 립 발색이 달라지는 소비자가, 립듀오아사츄르를 베이스 컬러를 정돈해 원하는 립 컬러를 구현하는 조합 솔루션으로 인식하는지 검증","62,896","1,144",1.82%,₩519,"₩594,138",129,11.28%,"₩4,606",1362230.167,229.28%
FALSE,CG,LipDuoSet_ColorCorrecting_inf-seyo_v01_VID_1x1_260824,LipDuoSet,2026-08-28,2026-09-06,https://drive.google.com/file/d/1kKdenWlruHfIYWpUAoJMGbPoI10sZw_I/view?usp=drivesdk,,"SNS에서 본 그 발색, 내 입술에서도.",,"11,497",261,2.27%,₩605,"₩157,792",35,13.41%,"₩4,508",370896.8713,235.05%
FALSE,CG,ColorCoverTint_LongLasting_inf-piu1me_v01_VID_9x16,ColorCoverTint,2026-08-28,2026-09-06,https://drive.google.com/file/d/1xbzbmpe6rpEkUWEGnqdRN005nfQ7HUXb/view?usp=drivesdk,"도중에 화장을 고칠 틈 없는 날, 오래 지속되는 립을 원할 때",바쁜 날에도 립 지워질 걱정 없는♡ 일본 한정 스페셜 세트,"화장을 자주 고치기 어려운 상황에서 아침 립 발색이 밤까지 유지되길 바라는 소비자가, 컬러 커버 틴트를 지속력 중심 립 솔루션으로 인식하는지 검증","17,662",236,1.34%,"₩1,413","₩333,462",68,28.81%,"₩4,904",727488.5299,218.16%
FALSE,CG,ColorCoverTint_LongLasting_Model_v02_BNR_1x1_260824,ColorCoverTint,2026-08-28,2026-09-06,https://drive.google.com/file/d/1FhgKpwgyQ1CHWkJvDg6nBKqRBlc1t1qs/view?usp=drivesdk,"도중에 화장을 고칠 틈 없는 날, 오래 지속되는 립을 원할 때","아침에 바른 예쁜 발색, 밤까지 유지!","화장을 자주 고치기 어려운 상황에서 아침 립 발색이 밤까지 유지되길 바라는 소비자가, 컬러 커버 틴트를 지속력 중심 립 솔루션으로 인식하는지 검증","102,578","1,548",1.51%,"₩1,074","₩1,662,035",337,21.77%,"₩4,932",3291115.8,198.02%
FALSE,BOH,3D_NextMorning_Product_v01_BNR_1x1_260828,3D,2026-08-28,2026-09-05,https://drive.google.com/file/d/1FuEk073zyHJcSpAH69O58yVGYnk_Q5_O/view?usp=drivesdk,다음 날 아침 바로 피부의 변화를 실감하고 싶을 때,"다음 날 아침의 변화를 실감, 쫀쫀하게 탄력 있는 피부로",다음 날 아침 달라지는'이라는 메세지를 브랜드 키 카피로 활용할 수 있을 지 검증,"179,132","2,239",1.25%,₩787,"₩1,762,691",597,26.66%,"₩2,953",28094444.78,1593.84%
FALSE,BOH,Asachuru_HariCare_Model_v01_BNR_1x1_260828,Asachuru,2026-08-28,2026-09-06,https://drive.google.com/file/d/1QnOf101JikcP1nB5XOLRIzE542HHiFvs/view?usp=drivesdk,,예전보다 탄력 없는 피부가 고민이라면? 지금이 탄력 케어를 시작할 타이밍!,,"139,827","1,561",1.12%,₩928,"₩1,448,534",590,37.80%,"₩2,455",27756042.11,1916.15%
FALSE,BOH,Asachuru_MakeupPrep-2534_inf-MizutaniSaki_v02_VID_1x1_260828,Asachuru,2026-08-28,2026-09-06,https://drive.google.com/file/d/1iFBUv_HPQIAheaGePLNOsZhL-uCaiwOk/view?usp=drivesdk,처진 하안부는 잡아주고 건조 모공은 채워서 파데가 잘 먹는 base를 만들고 싶을 때,"모공·결·탄력을 정돈하여, 아침 파운데이션 밀착력이 달라지는 피부로","처진 하반부는 잡고 건조 모공은 채워 메이크업이 잘 먹길 바란다고 느끼는 소비자가, 아사츄루 아사츄르를 탄력 base와 콜라겐 결 정돈으로 화잘먹 피부 솔루션으로 인식하는지 검증","33,202",470,1.42%,"₩1,064","₩500,011",222,47.23%,"₩2,252",10452248.68,2090.40%
FALSE,BOH,Asachuru_MakeupPrep-2534_Product_v01_BNR_1x1_260828,Asachuru,2026-08-28,2026-09-06,https://drive.google.com/file/d/1A--zEa4bIxV8UUZrMQ8FhTeViFyyTx7N/view?usp=drivesdk,처진 하안부는 잡아주고 건조 모공은 채워서 파데가 잘 먹는 base를 만들고 싶을 때,"지금부터 시작하는 아름다운 피부 습관, 아침과 밤의 더블 케어.","처진 하반부는 잡고 건조 모공은 채워 메이크업이 잘 먹길 바란다고 느끼는 소비자가, 아사츄루 아사츄르를 탄력 base와 콜라겐 결 정돈으로 화잘먹 피부 솔루션으로 인식하는지 검증","745,156","9,468",1.27%,₩634,"₩6,007,437",1875,19.80%,"₩3,204",69519461.08,1157.22%
FALSE,BOH,Asachuru_NextMorning_Product_v01_BNR_1x1_260828,Asachuru,2026-08-28,2026-09-06,https://drive.google.com/file/d/1PxUQfxfWn9kz1xSFm8L1IB-hkTFsTo3I/view?usp=drivesdk,다음 날 아침 바로 피부의 변화를 실감하고 싶을 때,"모공도 탄력도, 욕심쟁이 더블 케어",다음 날 아침 달라지는'이라는 메세지를 브랜드 키 카피로 활용할 수 있을 지 검증,"104,957","1,396",1.33%,₩847,"₩1,183,035",382,27.36%,"₩3,097",16371390.7,1383.85%
FALSE,BOH,GelMist_TouchUp-2534_Model_v01_VID_1x1_260828,GelMist,2026-08-28,2026-09-06,https://drive.google.com/file/d/1zffp6-Hblqb9uZO4_Lx0h7P-QOJyg1_b/view?usp=drivesdk,"오후에 화장이 들뜨고 갈라져, 전부 다시 바를 정도는 아니고 수정 전 수분부터 채우고 싶을 때",화장이 들떠 보이는 오후에.,"오후에 화장이 들뜨고 갈라져, 전부 다시 바를 정도는 아니고 수정 전 수분부터 채우고 싶을 때","61,693",815,1.32%,₩854,"₩695,765",162,19.88%,"₩4,295",7900336.777,1135.49%
FALSE,BOH,GelMist_TouchUp-2534_Product_v01_BNR_1x1_260828,GelMist,2026-08-28,2026-09-06,https://drive.google.com/file/d/1tcu8Rjttf4QiIUVwFk6yE5UOX3uJtdvG/view?usp=drivesdk,"오후에 화장이 들뜨고 갈라져, 전부 다시 바를 정도는 아니고 수정 전 수분부터 채우고 싶을 때","번들거림도 화장 들뜸도, 한 번의 분사로 리셋.","오후에 화장이 들뜨고 갈라져, 전부 다시 바를 정도는 아니고 수정 전 수분부터 채우고 싶을 때","102,014","1,403",1.38%,"₩1,769","₩2,481,546",542,38.63%,"₩4,578",21931703.01,883.79%
FALSE,BOH,3D_ NightWrap_Product_v01_BNR_1x1_260828,3D,2026-08-28,2026-09-06,https://drive.google.com/file/d/1FA8UqCKrCw8WKuseRc7JPMuU4JfggsWT/view?usp=drivesdk,환절기에도 수분이 피부에서 증발하지 않게 잡아두고 싶을 때,가지고 계신 스킨케어만으로는 수분도 탄력도 다 지킬 수 없습니다,"환절기에 기존 스킨케어가 쉽게 날아가 하루 종일 유지되길 바란다고 느끼는 소비자가, 3D 리필 크림을 무거운 제형으로 수분을 걸어 잠가 저녁까지 지속시킬 수 있는 올데이 밀봉 케어 솔루션으로 인식하는지 검증","86,085","1,359",1.58%,₩840,"₩1,141,598",464,34.14%,"₩2,460",19893161.16,1742.57%
FALSE,BOH,3D_Overnight-3554_CardiB_v01_BNR_1x1_260828,3D,2026-08-28,2026-09-06,https://drive.google.com/file/d/1v2xLNyG1RDn6z7Vri3BrK652Z4LrwQg8/view?usp=drivesdk,"저녁 무렵 피곤해 보이는 얼굴을 보고, 밤 사이 다음 날 아침의 탄력을 미리 채워두고 싶을 때","자는 동안 탄력을 채우다. 다음 날 아침, 통통하게 탄력 있는 피부 인상으로.","밤에 발라 다음 날 아침의 탄력까지 이어가고 싶다고 느끼는 소비자가, 3D 리필 크림을 자는 동안 유지돼 24시간 끊김 없는 루틴을 완성할 수 있는 오버나이트 지속 케어 솔루션으로 인식하는지 검증","17,139",264,1.54%,"₩1,011","₩266,886",68,25.76%,"₩3,925",2710571.794,1015.63%
FALSE,BOH,3D_Overnight-3554_inf-ogiyuka-ippaiwarae216_v02_VID_1x1_260828,3D,2026-08-28,2026-09-06,https://drive.google.com/file/d/17qwh97uHmBjOwtLfw6mR5xqgvheq2vge/view?usp=drivesdk,"저녁 무렵 피곤해 보이는 얼굴을 보고, 밤 사이 다음 날 아침의 탄력을 미리 채워두고 싶을 때","40대, 피부 변화가 느껴진다면. 오늘 밤부터 탄력을 채우다.","밤에 발라 다음 날 아침의 탄력까지 이어가고 싶다고 느끼는 소비자가, 3D 리필 크림을 자는 동안 유지돼 24시간 끊김 없는 루틴을 완성할 수 있는 오버나이트 지속 케어 솔루션으로 인식하는지 검증","62,469","1,097",1.76%,"₩1,596","₩1,751,134",355,32.36%,"₩4,933",14516896.31,829.00%
FALSE,BOH,3D_Overnight-3554_Model_v01_BNR_1x1_260828,3D,2026-08-28,2026-09-04,https://drive.google.com/file/d/1mGib7oR7ihjyd9Pkvc3cK2FVVBG8DHt4/view?usp=drivesdk,"저녁 무렵 피곤해 보이는 얼굴을 보고, 밤 사이 다음 날 아침의 탄력을 미리 채워두고 싶을 때","자는 동안 탄력을 채우다. 다음 날 아침, 탱탱하게 탄력 있는 피부 인상으로.","밤에 발라 다음 날 아침의 탄력까지 이어가고 싶다고 느끼는 소비자가, 3D 리필 크림을 자는 동안 유지돼 24시간 끊김 없는 루틴을 완성할 수 있는 오버나이트 지속 케어 솔루션으로 인식하는지 검증","13,296",256,1.93%,₩873,"₩223,567",75,29.30%,"₩2,981",3155693.684,1411.52%
FALSE,BOH,3D_Overnight-3554_Shiraishi_v02_BNR_1x1_260828,3D,2026-08-28,2026-09-06,https://drive.google.com/file/d/1Bi1eYF_iUAz9Oy1CUFUJEE9Tf-HVKRy5/view?usp=drivesdk,"저녁 무렵 피곤해 보이는 얼굴을 보고, 밤 사이 다음 날 아침의 탄력을 미리 채워두고 싶을 때","저녁의 지친 얼굴, 밤사이에 리셋.","밤에 발라 다음 날 아침의 탄력까지 이어가고 싶다고 느끼는 소비자가, 3D 리필 크림을 자는 동안 유지돼 24시간 끊김 없는 루틴을 완성할 수 있는 오버나이트 지속 케어 솔루션으로 인식하는지 검증","39,160",928,2.37%,₩752,"₩697,447",363,39.12%,"₩1,921",18521968.18,2655.68%
FALSE,BOH,Asachuru_AntiAging-3554_Product_v01_BNR_1x1_260828,Asachuru,2026-08-28,2026-09-06,https://drive.google.com/file/d/13AzjpNl-3TfJ9WPoHG2yLlfxXa4GHDPs/view?usp=drivesdk,"30대 중반, 처짐이 슬슬 현실로 느껴지는데 모공까지 늘어져 보여, 탄력과 결을 한 번에 되돌리고 싶을 때","눈에 띄는 모공, 주름, 처짐도 한 번에 해결","처짐과 늘어진 모공·결을 한 번에 되돌리고 싶다고 느끼는 소비자가, 아사츄루 아사츄르를 3D 탄력과 콜라겐 결 케어로 인상을 되돌릴 수 있는 탄력+결 솔루션으로 인식하는지 검증","559,264","9,863",1.76%,₩725,"₩7,154,737",2805,28.44%,"₩2,551",110140841.8,1539.41%
FALSE,BOH,Asachuru_DayNight-3554_inf-MizutaniSaki_v02_VID_1x1_260828,Asachuru,2026-08-28,2026-09-06,https://drive.google.com/file/d/1Jx-RlEV-aEpsmeB2_ClciFsou3Rwt3yl/view?usp=drivesdk,"더운 날 무거운 크림은 부담스러워, 낮엔 가벼운 콜라겐으로 결을·밤엔 3D로 탄력을 나눠 챙기고 싶을 때",「요즘 피부 상태 좋아」 바로 실감할 수 있는 이 차이,"여름 무거운 크림은 부담되지만 결과 탄력 모두 챙기고 싶다고 느끼는 소비자가, 아사츄루 아사츄르를 낮 가벼운 콜라겐 결·밤 3D 탄력으로 나눠 쓸 수 있는 여름 시간대 분리 솔루션으로 인식하는지 검증","79,147","1,540",1.95%,"₩1,252","₩1,927,376",642,41.69%,"₩3,002",30628639.47,1589.14%
FALSE,BOH,GelMist_ElasticityBase-3554_Product_v01_BNR_1x1_260828,GelMist,2026-08-28,2026-09-06,https://drive.google.com/file/d/1bZfsIRcn_V6qc9SoGfb8BUW8fl24UTtL/view?usp=drivesdk,"오후마다 건조해질수록 볼과 입가가 푸석하고 탄력 없어 보여, 외출 중에도 수분을 수시로 보충해 탄력 케어의 바탕을 지키고 싶을 때","어디서든 칙 하고 뿌려, 저녁의 「노안」 대책.","건조할수록 볼과 입가의 탄력이 더 떨어져 보인다고 느끼는 3554 소비자가, 콜라겐 겔미스트를 외출 중에도 수시로 보습해 탄력 관리의 수분 바탕을 유지하는 데일리 보완 솔루션으로 인식하는지 검증","172,624","3,903",2.26%,₩684,"₩2,671,236",1024,26.24%,"₩2,609",44028470.53,1648.24%
FALSE,BOH,3D_Harichokin-2534_Shiraishi_v01_BNR_1x1_260828,3D,2026-08-28,2026-09-04,https://drive.google.com/file/d/1UZXn2911pImLXjVrxQqI9PZuPtnXXsPl/view?usp=drivesdk,"여름이 끝나 피부가 지쳤는데, 건조한 계절이 오기 전에 미리 관리를 채워두고 싶을 때","신경 쓰이기 시작한 지금부터 준비하는, 탄력 저축.","본격 건조 계절 전 선제 케어 니즈를 가진 소비자가, 
3D 리프팅 크림을 '탄력을 저금해두는' 시즌 준비 제품으로 인식하는지 검증","24,204",363,1.50%,₩823,"₩298,800",94,25.90%,"₩3,179",4554835.442,1524.38%
FALSE,BOH,3D_Harichokin-2534_inf-ogiyuka-ippaiwarae216_v02_VID_1x1_260828,3D,2026-08-28,2026-09-06,https://drive.google.com/file/d/1NzaC5NwnVz4ltI9n8AQx6TQb0WeGMmEE/view?usp=drivesdk,"여름이 끝나 피부가 지쳤는데, 건조한 계절이 오기 전에 미리 관리를 채워두고 싶을 때","미래의 탄력을 지키는, 고농축 랩 크림.","본격 건조 계절 전 선제 케어 니즈를 가진 소비자가, 
3D 리프팅 크림을 '탄력을 저금해두는' 시즌 준비 제품으로 인식하는지 검증","149,033","1,895",1.27%,"₩2,300","₩4,358,389",940,49.60%,"₩4,637",38700147.76,887.95%
FALSE,BOH,Asachuru_Balance_Model_v01_BNR_1x1_260828,Asachuru,2026-08-28,2026-09-06,https://drive.google.com/file/d/1f8eB9pkgQbgnEFw7dg3t3xsFKXjMFuEl/view?usp=drivesdk,"세안 후에는 피부가 당기는데 시간이 지나면 번들거리고, 계절이 바뀔 때마다 들쑥날쑥한 피부 컨디션을 유수분 밸런스부터 정돈하고 싶을 때",환절기에도 24시간 수분을 지키다.,"건조함과 번들거림을 동시에 느끼는 소비자가, 아사츄루·요루탄 아사츄르를 아침에는 콜라겐 크림으로 수분과 피부결을 가볍게 정돈하고 밤에는 3D 래핑 크림으로 수분을 잠가, 하루 종일 균형 잡힌 피부 컨디션을 유지하는 24시간 유수분 밸런스 루틴으로 인식하는지 검증","94,982","1,187",1.25%,"₩3,298","₩3,915,279",739,62.26%,"₩5,298",34790990.82,888.60%
FALSE,BOH,Asachuru_DayNight-2534_Product_v01_BNR_1x1_260828,Asachuru,2026-08-28,2026-09-06,https://drive.google.com/file/d/1ENxNRgMUOS3PuDS_FmsMHs0z3F4DvEWQ/view?usp=drivesdk,"더운 날 무거운 크림은 부담스러워, 낮엔 가벼운 콜라겐으로 결을·밤엔 3D로 탄력을 나눠 챙기고 싶을 때",하루 종일 지속되는 쫀득한 탄력감,"여름 무거운 크림은 부담되지만 결과 탄력 모두 챙기고 싶다고 느끼는 소비자가, 아사츄루 아사츄르를 낮 가벼운 콜라겐 결·밤 3D 탄력으로 나눠 쓸 수 있는 여름 시간대 분리 솔루션으로 인식하는지 검증","118,379","1,633",1.38%,"₩3,130","₩5,111,016",1156,70.79%,"₩4,421",49869512.9,975.73%
FALSE,BOH,Asachuru_FaceLine_CardiB_v01_BNR_1x1_260828,Asachuru,2026-08-28,2026-09-06,https://drive.google.com/file/d/1x81Zhdal_3EchTL6XhqpWweHkQaqWalk/view?usp=drivesdk," 30대 중반을 지나 처짐이 ""슬슬 현실""로 느껴지기 시작해, 화장품으로 밤에 집중 케어하고 싶을 때",무너진 페이스라인이 고민이라면 3D 탄력 루틴으로 집중 케어,"처짐이 슬슬 현실로 느껴져 밤에 집중적으로 케어하고 싶다고 느끼는 소비자가, 3D 리필 크림을 유산균으로 피부 토대를 다져줄 수 있는 밤 집중 탄력 케어 솔루션으로 인식하는지 검증","32,110",355,1.11%,"₩3,963","₩1,406,865",184,51.83%,"₩7,646",8233827.22,585.26%
FALSE,BOH,Asachuru_MakeupPrep-2534_inf-MizutaniSaki_v01_VID_1x1_260828,Asachuru,2026-08-28,2026-09-06,https://drive.google.com/file/d/1_NgA-2NM77BRMhOuDr3ZiL4i2_iqScNq/view?usp=drivesdk,처진 하안부는 잡아주고 건조 모공은 채워서 파데가 잘 먹는 base를 만들고 싶을 때,모공 끼임 졸업. 화장 잘 먹는 스킨케어 루틴,"처진 하반부는 잡고 건조 모공은 채워 메이크업이 잘 먹길 바란다고 느끼는 소비자가, 아사츄루 아사츄르를 탄력 base와 콜라겐 결 정돈으로 화잘먹 피부 솔루션으로 인식하는지 검증","35,754",472,1.32%,"₩3,643","₩1,719,435",293,62.08%,"₩5,868",12222167.89,710.82%
FALSE,BOH,Asachuru_MakeupPrep-2534_inf-MizutaniSaki_v03_VID_1x1_260828,Asachuru,2026-08-28,2026-09-06,https://drive.google.com/file/d/19c9PhmROdCnleTfU5UugLou6nPNLVZ6x/view?usp=drivesdk,처진 하안부는 잡아주고 건조 모공은 채워서 파데가 잘 먹는 base를 만들고 싶을 때,"메이크업 밀착력과 탄력 케어를 동시에, 탄력 크림 1위 바이오힐보","처진 하반부는 잡고 건조 모공은 채워 메이크업이 잘 먹길 바란다고 느끼는 소비자가, 아사츄루 아사츄르를 탄력 base와 콜라겐 결 정돈으로 화잘먹 피부 솔루션으로 인식하는지 검증","78,136","1,274",1.63%,"₩3,737","₩4,761,540",955,74.96%,"₩4,986",38097112.06,800.10%
FALSE,BOH,GelMist_InnerDry_Product_v01_BNR_1x1_260828,GelMist,2026-08-28,2026-09-06,https://drive.google.com/file/d/1Wn24l0sFIRqiGc5NT6GJWP__PMfVpMm6/view?usp=drivesdk,,"환절기, 번들거리는데 건조한 피부에게.",,"49,840",788,1.58%,"₩2,612","₩2,058,329",373,47.34%,"₩5,518",15340251.63,745.28%
FALSE,BOH,3D_FaceLine-3554_Product_v02_BNR_1x1_260828,3D,2026-08-28,2026-09-06,https://drive.google.com/file/d/1aGKY-do76iLlRMFocbjvBL3_J-OIGe6t/view?usp=drivesdk," 30대 중반을 지나 처짐이 ""슬슬 현실""로 느껴지기 시작해, 화장품으로 밤에 집중 케어하고 싶을 때",신경 쓰이는 처진 인상에 밤마다 탄력 케어.,"처짐이 슬슬 현실로 느껴져 밤에 집중적으로 케어하고 싶다고 느끼는 소비자가, 3D 리필 크림을 유산균으로 피부 토대를 다져줄 수 있는 밤 집중 탄력 케어 솔루션으로 인식하는지 검증","86,034","1,432",1.66%,"₩1,607","₩2,301,805",611,42.67%,"₩3,767",22860991.5,993.18%
FALSE,BOH,Asachuru_DayNight-3554_inf-yuko-0013_v02_VID_1x1_260828,Asachuru,2026-08-28,2026-09-06,https://drive.google.com/file/d/194YJLQvojntbQrgloeTxOPFUnmIvjtXB/view?usp=drivesdk,"더운 날 무거운 크림은 부담스러워, 낮엔 가벼운 콜라겐으로 결을·밤엔 3D로 탄력을 나눠 챙기고 싶을 때",아침부터 밤까지 빈틈없는 집중 케어,"여름 무거운 크림은 부담되지만 결과 탄력 모두 챙기고 싶다고 느끼는 소비자가, 아사츄루 아사츄르를 낮 가벼운 콜라겐 결·밤 3D 탄력으로 나눠 쓸 수 있는 여름 시간대 분리 솔루션으로 인식하는지 검증","84,666","1,601",1.89%,"₩1,819","₩2,911,600",463,28.92%,"₩6,289",20147391.59,691.97%
FALSE,BOH,GelMist_InnerDry_Model_v01_VID_1x1_260828,GelMist,2026-08-28,2026-09-06,https://drive.google.com/file/d/1cu6shTS-Sz_cf1-PJUpQGVo0uOPWFbUe/view?usp=drivesdk,"여름이라 스킨케어를 가볍게 줄였더니, 환절기가 다가오면서 속건조가 심해질 때",생콜라겐을 통째로 미스트에.,"여름철 가벼운 루틴으로 속건조를 겪는 소비자가, 
겔미스트를 루틴을 무겁게 바꾸지 않고 속건조를 잡아주는 추가하는 솔루션으로 인식하는지 검증","27,632",501,1.81%,"₩1,773","₩888,404",150,29.94%,"₩5,923",6240894.319,702.48%
FALSE,BOH,3D_Harichokin-2534_CardiB_v01_BNR_1x1_260828,3D,2026-08-28,2026-09-06,https://drive.google.com/file/d/1KI1boT-VjI0Suun58joqv9BO-hFb9s2g/view?usp=drivesdk,"여름이 끝나 피부가 지쳤는데, 건조한 계절이 오기 전에 미리 관리를 채워두고 싶을 때","신경 쓰이기 시작한 지금부터 준비하는, 탄력 저축.","본격 건조 계절 전 선제 케어 니즈를 가진 소비자가, 
3D 리프팅 크림을 '탄력을 저금해두는' 시즌 준비 제품으로 인식하는지 검증","23,821",311,1.31%,₩810,"₩251,981",71,22.83%,"₩3,549",2514977.099,998.08%
FALSE,BOH,MegawariBox_3DLine_inf-RuiYuda_v01_VID_1x1_260828,MegawariBox,2026-08-28,2026-09-06,https://drive.google.com/file/d/1AtSyFwzn2ZhR2XI5SJIByQDso7YXpGhN/view?usp=drivesdk,,바이오힐보 3D 탄력 케어 세트,,"23,322",488,2.09%,"₩1,870","₩912,336",123,25.20%,"₩7,417",6395222.106,700.97%
FALSE,BOH,MegawariBox_MixedLine_inf-yuko-0013_v01_VID_1x1_260828,MegawariBox,2026-08-28,2026-09-06,https://drive.google.com/file/d/1SDxEfy_aESBCMqL6rSka_H1wCzo0-U2w/view?usp=drivesdk,,"한 박스로 끝, 이제 고민은 그만!",,"53,687","1,002",1.87%,"₩1,123","₩1,125,265",208,20.76%,"₩5,410",8602916.419,764.52%
FALSE,BOH,MegawariBox_NAD-Condition_Product_v01_BNR_1x1_260828,MegawariBox,2026-08-28,2026-09-06,https://drive.google.com/file/d/1wDMoYbAc29reXilNfeFDTt4ppeq54QoA/view?usp=drivesdk,,"피부 컨디션이 신경 쓰이기 시작했다면? 확실한 성분으로 제대로 케어할 때, 고순도 NAD 99% 광채 집중 케어",,"44,702",620,1.39%,"₩1,084","₩671,816",112,18.06%,"₩5,998",5470358.324,814.26%
FALSE,BOH,MegawariBox_NADLine_inf-ayuchosuu_v01_VID_1x1_260828,MegawariBox,2026-08-28,2026-09-06,https://drive.google.com/file/d/1Xe_LPidXRxFJEb3k6LuAFVpCAHuKgDnG/view?usp=drivesdk,,메가와리 최대 60% 할인,,"52,462","1,043",1.99%,"₩1,184","₩1,235,195",301,28.86%,"₩4,104",13730417.22,1111.60%
FALSE,BOH,MegawariBox_NADLine_inf-sunwei_v01_VID_1x1_260828,MegawariBox,2026-08-28,2026-09-06,https://drive.google.com/file/d/1umvxIyV7L_XtUSrb-Z_XJztrnpmcgCwr/view?usp=drivesdk,,메가와리 최대 60% 할인,,"39,351",580,1.47%,"₩1,546","₩896,853",155,26.72%,"₩5,786",6857104.721,764.57%
FALSE,BOH,NaraCPS_3D_inf-NARA_v01_VID_1x1_260828,NaraCPS,2026-08-28,2026-09-06,https://drive.google.com/file/d/1UTR533-pc7HTf7aWmIjz_vqCgd2Rckd5/view?usp=drivesdk,,피부에 팽팽한 탄력감!! 밀착 3D 탄력 크림,,"18,790",289,1.54%,"₩1,454","₩420,125",84,29.07%,"₩5,001",3435204.43,817.66%
FALSE,BOH,NaraCPS_CollabSet_inf-NARA_v01_BNR_1x1_260828,NaraCPS,2026-08-28,2026-09-06,https://drive.google.com/file/d/1yOW6jI2rLwICvkAGSSAmf2ReGamqyj-w/view?usp=drivesdk,,탱탱하고 쫀쫀한 탄력,,"117,864","2,175",1.85%,₩994,"₩2,161,725",469,21.56%,"₩4,609",20875704.36,965.70%
FALSE,BOH,NaraCPS_GelMist_inf-NARA_v01_VID_1x1_260828,NaraCPS,2026-08-28,2026-09-06,https://drive.google.com/file/d/1Xew8diGwSbmKJkco6qTnMA5B-ulmMjJz/view?usp=drivesdk,,한국 메이크업 아티스트 애용! 생콜라겐 고밀착 미스트,,"21,553",362,1.68%,"₩1,457","₩527,491",58,16.02%,"₩9,095",2858050.874,541.82%
FALSE,BOH,NaraCPS_Teaser_inf-NARA_v01_BNR_1x1_260828,NaraCPS,2026-08-28,2026-09-06,https://drive.google.com/file/d/17PooFQ9R97JaTx8xIwZSmAdcVsTuzZTr/view?usp=drivesdk,,Qoo10 바이오힐보 공식 콜라보 세트,,"30,178",455,1.51%,"₩1,535","₩698,373",111,24.40%,"₩6,292",5408300.019,774.41%
FALSE,BOH,MegawariBox_All_Product_v02_BNR_1x1_260828,MegawariBox,2026-08-28,2026-09-06,https://drive.google.com/file/d/15bf2uen-vuOOwV_YxzhaXXb_NkB6-bMU/view?usp=drivesdk,,탄력 케어 1위 바이오힐보 메가와리 한정 기획 최대 66% 할인,,"116,984","1,647",1.41%,"₩1,064","₩1,752,684",505,30.66%,"₩3,471",25770843.16,1470.36%
FALSE,BOH,BOH_Megawari_Calendar_v01_BNR_1x1_260828,BOH,2026-08-28,2026-09-06,https://drive.google.com/file/d/1mV9spdLlsMxcflIbtN9bQi_VZOZkwLNy/view?usp=drivesdk,,메가와리(메가세일) 캘린더,,"960,814","15,952",1.66%,₩933,"₩14,885,410",3929,24.63%,"₩3,789",150100801.4,1008.38%
FALSE,BOH,MegawariBox_3DLine_inf-MizutaniSaki_v01_VID_1x1_260828,MegawariBox,2026-08-28,2026-09-06,https://drive.google.com/file/d/1gDokPB4Q3nl5VPgOVuK8ifN2-aHOoSau/view?usp=drivesdk,,지금의 피부 상태를 오랫동안 유지하고 싶다면? 탄력 No.1 바이오힐보 3D 라인으로 완성하는 24시간 탄력 루틴!,,"78,414","1,352",1.72%,"₩1,070","₩1,446,075",296,21.89%,"₩4,885",12987542.63,898.12%
FALSE,BOH,MegawariBox_3DLine_Product_v01_BNR_1x1_260828,MegawariBox,2026-08-28,2026-09-06,https://drive.google.com/file/d/1_jwy2kDQ2dZP3DkqfkhclAwrwACRUCcl/view?usp=drivesdk,"여름이 끝나 피부가 지쳤는데, 건조한 계절이 오기 전에 미리 관리를 채워두고 싶을 때",메가와리 한정 기획 탄력 저축 세트,"본격 건조 계절 전 선제 케어 니즈를 가진 소비자가, 
3D 리프팅 크림을 '탄력을 저금해두는' 시즌 준비 제품으로 인식하는지 검증","48,323",902,1.87%,"₩1,259","₩1,136,067",185,20.51%,"₩6,141",8996893.122,791.93%
FALSE,BOH,MegawariBox_All_Product_v01_BNR_1x1_260828,MegawariBox,2026-08-28,2026-09-06,https://drive.google.com/file/d/1RIs4yiuOkrcTPMBHZ3pL0bj3H5mJdzax/view?usp=drivesdk,,메가와리 한정 기획 세트 최대 66% 할인,,"61,005","1,030",1.69%,"₩1,552","₩1,598,984",306,29.71%,"₩5,225",12929630.31,808.62%
FALSE,BOH,MegawariBox_CollagenLine_Product_v01_BNR_1x1_260828,MegawariBox,2026-08-28,2026-09-06,https://drive.google.com/file/d/1rYZH7rx1AH6pjbUEeaofh2resx6qAkT6/view?usp=drivesdk,"30대 중반, 처짐이 슬슬 현실로 느껴지는데 모공까지 늘어져 보여, 탄력과 결을 한 번에 되돌리고 싶을 때",메가와리 한정 기획 모공 리스 매끈 광채 피부 세트,"처짐과 늘어진 모공·결을 한 번에 되돌리고 싶다고 느끼는 소비자가, 아사츄루 아사츄르를 3D 탄력과 콜라겐 결 케어로 인상을 되돌릴 수 있는 탄력+결 솔루션으로 인식하는지 검증","39,596",651,1.64%,"₩1,223","₩795,902",154,23.66%,"₩5,168",6166511.525,774.78%
FALSE,BOH,MegawariBox_MixedLine_Product_v01_BNR_1x1_260828,MegawariBox,2026-08-28,2026-09-06,https://drive.google.com/file/d/1bFwbhmAcFBG2uh4zs4HLxEBV2_hLsheA/view?usp=drivesdk,"늘어난 모공, 탄력과 결을 한 번에 되돌리고 싶을 때",아침엔 촉촉 밤에는 탄탄 프리미엄 세트,"처짐과 늘어진 모공·결을 한 번에 되돌리고 싶다고 느끼는 소비자가, 아사츄루 아사츄르를 3D 탄력과 콜라겐 결 케어로 인상을 되돌릴 수 있는 탄력+결 솔루션으로 인식하는지 검증","28,141",464,1.65%,"₩1,670","₩774,894",157,33.84%,"₩4,936",7960200.019,1027.26%
FALSE,BOH,MegawariBox_NADLine_Product_v01_BNR_1x1_260828,MegawariBox,2026-08-28,2026-09-06,https://drive.google.com/file/d/1TcqjN8qJfSqbU4F9r0IaZ23ddDzdG_oB/view?usp=drivesdk,"문득 거울을 보다 칙칙함·생기 없음이 신경 쓰여, 보습을 넘어 에이징케어로 넘어가고 싶을 때",메가와리 한정 기획 광채 윤기 피부 세트,"칙칙함과 생기 없음이 신경 쓰여 보습을 넘어 에이징케어로 넘어가고 싶다고 느끼는 소비자가, NAD 크림을 NAD 성분으로 칙칙함을 光으로 바꿔주는 초기 에이징케어 솔루션으로 인식하는지 검증","46,706",739,1.58%,"₩1,500","₩1,108,173",175,23.68%,"₩6,332",8008441.387,722.67%
FALSE,WM,SoftBlurEye_MoodSwitch_VoCE-MuteCoral_v01_BNR_1x1_260828,SoftBlurEye,2026-08-28,2026-09-06,https://drive.google.com/file/d/1kOwGK0_t8X8uHBEp2Vzs-nxnasfEQ8oQ/view?usp=drivesdk,"늘 비슷한 눈매가 지겨워, 그날의 기분이나 스타일에 따라 부드럽고 은은한 무드부터 매력/시크 있는 무드 등 평소와 다른 나를 연출하고 싶을 때","하나로, 두 가지 무드를.","평소와 다른 이미지로 변신하고 싶은 소비자가, 소블아로 서로 다른 분위기를 연출할 수 있는 무드 전환 팔레트로 인식하는지 검증","50,160",835,1.66%,₩865,"₩722,005",267,31.98%,"₩2,704",5648351.505,782.31%
FALSE,WM,SoftBlurEye_EarlyAutunn_VoCE-MuteCoral_v01_BNR_1x1_260828,SoftBlurEye,2026-08-28,2026-09-06,https://drive.google.com/file/d/1y2B2zH0YFTfs3Oid1M4lRpTf5XnwKxRS/view?usp=drivesdk,,부드러운 코랄로 포근하고 트렌디한 인상으로,,"103,516","1,610",1.56%,₩727,"₩1,170,826",592,36.77%,"₩1,978",13174660.19,1125.25%
FALSE,WM,SoftBlurEye_AutumnNeutral_VoCE-MuteCoral_v01_BNR_1x1_260828,SoftBlurEye,2026-08-28,2026-09-06,https://drive.google.com/file/d/1JKUfLjoVFImOMMIqnMzSpY6NCe8GczgG/view?usp=drivesdk,,"가을 뉴트럴, 이거 하나면 충분.",,"400,787","9,614",2.40%,₩488,"₩4,689,945",1730,17.99%,"₩2,711",33032491.13,704.33%
FALSE,BOH,NAD-Cream_UGC-jp_yuzuki22_v01_VID_9x16_260828,NAD-Cream,2026-08-28,2026-09-02,https://drive.google.com/file/d/1Rf7GlaDWuEbSKjbOKRnmGZ5RvBslMexm/view?usp=drivesdk,,자연스러운 광채를 연출하고 싶다면 이것을 추천!,,"718,663","22,655",3.15%,₩335,"₩7,584,850",383,1.69%,"₩19,804",15804728.77,208.37%
FALSE,BOH,3D_NeckWrinkle_EGC_v01_VID_9x16_260828,3D,2026-08-28,2026-09-01,https://drive.google.com/file/d/1Bt1e7ljY296aqdSpjmIK4H0GmvUpacg_/view?usp=drivesdk,,30대 직장인이 직장에서 몰래 하는 목 주름 관리,,"204,530","4,857",2.37%,₩757,"₩3,675,502",607,12.50%,"₩6,055",26161424.36,711.78%
FALSE,BOH,GelMist_TouchUp-2534_Model_v01_VID_9x16_260828,GelMist,2026-08-28,2026-09-02,https://drive.google.com/file/d/1NFnhcZv0Rgv37DSJS1r5_KcsbLx3oatZ/view?usp=drivesdk,"오후에 화장이 들뜨고 갈라져, 전부 다시 바를 정도는 아니고 수정 전 수분부터 채우고 싶을 때",화장이 들떠 보이는 오후에.,"오후에 화장이 들뜨고 갈라져, 전부 다시 바를 정도는 아니고 수정 전 수분부터 채우고 싶을 때","82,870",382,0.46%,"₩2,693","₩1,028,816",148,38.74%,"₩6,951",5969626.594,580.24%
FALSE,BOH,Asachuru_MakeupPrep-2534_inf-MizutaniSaki_v03_VID_9x16_260828,Asachuru,2026-08-28,2026-09-01,https://drive.google.com/file/d/1KIw2XN-Te0_Y9NEo-mJbKnOhVgDFF42i/view?usp=drivesdk,처진 하안부는 잡아주고 건조 모공은 채워서 파데가 잘 먹는 base를 만들고 싶을 때,"메이크업 밀착력과 탄력 케어를 동시에, 24시간 루틴 케어","처진 하반부는 잡고 건조 모공은 채워 메이크업이 잘 먹길 바란다고 느끼는 소비자가, 아사츄루 아사츄르를 탄력 base와 콜라겐 결 정돈으로 화잘먹 피부 솔루션으로 인식하는지 검증","97,749","1,782",1.82%,₩935,"₩1,666,748",241,13.52%,"₩6,916",9924714.945,595.45%
FALSE,BOH,3D_Harichokin-2534_inf-ogiyuka-ippaiwarae216_v02_VID_9x16_260828,3D,2026-08-28,2026-09-01,https://drive.google.com/file/d/1A6bEK_Nw2moGyUivEEMlgfBoXdGOI3pB/view?usp=drivesdk,"여름이 끝나 피부가 지쳤는데, 건조한 계절이 오기 전에 미리 관리를 채워두고 싶을 때",30대 전후로 느끼는 피부 변화에 대비해 미래의 탄력을 지켜주는 고농축 랩 크림.,"본격 건조 계절 전 선제 케어 니즈를 가진 소비자가, 
3D 리프팅 크림을 '탄력을 저금해두는' 시즌 준비 제품으로 인식하는지 검증","78,462","1,383",1.76%,₩814,"₩1,126,404",181,13.09%,"₩6,223",7106987.748,630.94%
FALSE,BOH,NAD-Cream_Overnight_Product_v01_BNR_1x1_260828,NAD-Cream,2026-08-28,2026-09-06,https://drive.google.com/file/d/1_T_JPJ5gL3bHVWYxgmkRns6LyC6gQg8V/view?usp=drivesdk,"낮엔 챙길 틈이 없어 자는 동안만이라도 안티에이징을 관리하고, 다음 날 아침 거울 속 피부가 달라져 있길 바랄 때","자는 동안, 칙칙해진 피부를 되돌리자","낮에 챙길 틈이 없어 자는 동안 안티에이징을 관리하고 다음 날 아침 달라진 피부를 기대하는 소비자가, NAD 크림을 자는 동안 촉촉함과 윤기를 채워 다음 날 광채·생기를 살려주는 나이트 케어 솔루션으로 인식하는지 검증","1,276,674","19,477",1.53%,"₩1,668","₩32,482,745",7579,38.91%,"₩4,286",303621567.3,934.72%
FALSE,BOH,NAD-Cream_NextMorning_Product_v01_BNR_1x1_260828,NAD-Cream,2026-08-28,2026-09-06,https://drive.google.com/file/d/1VbxB6sSfHfmXpmlm4Jv_kmXt1SSRDb_i/view?usp=drivesdk,다음 날 아침 바로 피부의 변화를 실감하고 싶을 때,"깨어나는, 발광 광채 피부",다음 날 아침 달라지는'이라는 메세지를 브랜드 키 카피로 활용할 수 있을 지 검증,"609,812","12,069",1.98%,₩817,"₩9,856,061",2708,22.44%,"₩3,640",96338358.85,977.45%
FALSE,BOH,NAD-Cream_NADScience-3554_Product_v01_BNR_1x1_260828,NAD-Cream,2026-08-28,2026-09-06,https://drive.google.com/file/d/17QgKB5LLn3TYXsOw6yztCgUHjkwi7qlN/view?usp=drivesdk,"크림을 고를 때 단순 보습보다 성분과 효능 근거를 꼼꼼히 비교해, 매일 믿고 쓸 수 있는 프리미엄 생기 케어를 찾을 때","피부 본연의 아름다움을 이끌어내, 광채 나는 피부 인상으로.","성분과 효능을 꼼꼼히 비교하는 3554 소비자가, NAD 크림을 독자 성분과 BOH 크림 기술력을 바탕으로 건강하고 생기 있어 보이는 피부를 관리하는 신뢰도 높은 프리미엄 데일리 케어로 인식하는지 검증","102,474","2,141",2.09%,₩832,"₩1,780,317",477,22.28%,"₩3,732",20047684.07,1126.07%
FALSE,BOH,NAD-Cream_Vitality-2534_Product_v01_BNR_1x1_260828,NAD-Cream,2026-08-28,2026-09-06,https://drive.google.com/file/d/1T_NPvmgkpiAnirqv5JLg3htCd6hsnxfv/view?usp=drivesdk,"문득 거울을 보다 칙칙함·생기 없음이 신경 쓰여, 보습을 넘어 에이징케어로 넘어가고 싶을 때","최근 왠지 피부가 칙칙하다면, NAD로 채우는 빛을 머금은 광채 피부","칙칙함과 생기 없음이 신경 쓰여 보습을 넘어 에이징케어로 넘어가고 싶다고 느끼는 소비자가, NAD 크림을 NAD 성분으로 칙칙함을 光으로 바꿔주는 초기 에이징케어 솔루션으로 인식하는지 검증","732,825","10,882",1.48%,₩765,"₩8,321,510",1650,15.16%,"₩5,043",64713649.54,777.67%
FALSE,BOH,NAD-Cream_GlowAgain-2534_Product_v02_BNR_1x1_260828,NAD-Cream,2026-08-28,2026-09-06,https://drive.google.com/file/d/1CGbW85rL1kzm1oE53xGI_Jb5DJZgBrIf/view?usp=drivesdk,"여름철 자외선으로 피부가 한 톤 어두워진 것 같아, 원래의 광채부터 되찾고 싶을 때","지금이야말로, NAD를 시작해야 할 때","여름철 자외선으로 탄 피부로 더욱 
피부의 칙칙함·광채 저하를 체감할 소비자가, 
NAD 크림을 회복용 광채 케어로 인식하는지 검증","336,852","4,922",1.46%,₩841,"₩4,140,677",876,17.80%,"₩4,727",38068412.41,919.38%
FALSE,BOH,3D_Overnight-3554_inf-ogiyuka-ippaiwarae216_v02_VID_9x16_260828,3D,2026-08-28,2026-09-02,https://drive.google.com/file/d/1BNwy-ad5bsHhCj2663vby5tc5EWLrPns/view?usp=drivesdk,"저녁 무렵 피곤해 보이는 얼굴을 보고, 밤 사이 다음 날 아침의 탄력을 미리 채워두고 싶을 때","40대, 피부 변화가 느껴진다면. 오늘 밤부터 탄력을 채우세요.","밤에 발라 다음 날 아침의 탄력까지 이어가고 싶다고 느끼는 소비자가, 3D 리필 크림을 자는 동안 유지돼 24시간 끊김 없는 루틴을 완성할 수 있는 오버나이트 지속 케어 솔루션으로 인식하는지 검증","28,843","1,020",3.54%,₩483,"₩493,100",118,11.57%,"₩4,179",4848862.443,983.34%
FALSE,BOH,Asachuru_DayNight-3554_inf-MizutaniSaki_v02_VID_9x16_260828,Asachuru,2026-08-28,2026-09-02,https://drive.google.com/file/d/1Uf-QITGx75qb513emljgTySq_NmteYVv/view?usp=drivesdk,"더운 날 무거운 크림은 부담스러워, 낮엔 가벼운 콜라겐으로 결을·밤엔 3D로 탄력을 나눠 챙기고 싶을 때",「요즘 피부 상태 좋아」 바로 실감할 수 있는 이 차이,"여름 무거운 크림은 부담되지만 결과 탄력 모두 챙기고 싶다고 느끼는 소비자가, 아사츄루 아사츄르를 낮 가벼운 콜라겐 결·밤 3D 탄력으로 나눠 쓸 수 있는 여름 시간대 분리 솔루션으로 인식하는지 검증","44,250","1,442",3.26%,₩580,"₩836,285",180,12.48%,"₩4,646",7219226.293,863.25%
FALSE,BOH,NaraCPS_GelMist_inf-NARA_v01_VID_9x16_260828,NaraCPS,2026-08-28,2026-09-01,https://drive.google.com/file/d/1xNxB-0W63jeH5OmrAGS30-IrSF0mXyLX/view?usp=drivesdk,,생콜라겐 고밀착 미스트,,"18,898",131,0.69%,"₩1,167","₩152,886",13,9.92%,"₩11,760",547768.4205,358.29%
FALSE,BOH,NaraCPS_3D_inf-NARA_v01_VID_9x16_260828,NaraCPS,2026-08-28,2026-09-01,https://drive.google.com/file/d/13zueA-yNDdJwPen6yh_F9dh__mVi0mS1/view?usp=drivesdk,,피부에 탱탱한 탄력감!! 밀착 3D 탄력 크림,,"22,116",160,0.72%,"₩1,345","₩215,196",16,10.00%,"₩13,450",725876.1659,337.31%
FALSE,BOH,MegawariBox_NADLine_inf-sunwei_v01_VID_9x16_260828,MegawariBox,2026-08-28,2026-09-01,https://drive.google.com/file/d/11oqmKFTvgK5OJROHPVF8JtANNFVPgPca/view?usp=drivesdk,,메가와리 최대 60% 할인,,"9,382",327,3.49%,₩295,"₩96,452",4,1.22%,"₩24,113",178250.586,184.81%
FALSE,BOH,MegawariBox_NADLine_inf-ayuchosuu_v01_VID_9x16_260828,MegawariBox,2026-08-28,2026-09-01,https://drive.google.com/file/d/1WQohpAipfw5sh3vDb-Q13QYeU7qTfqQn/view?usp=drivesdk,,"메가할인 최대 60% OFF / 푸석하고 거친 피부결, 지금 필요한 건 NAD 루틴",,"16,844",715,4.24%,₩245,"₩175,531",37,5.17%,"₩4,744",2091523.053,1191.54%
FALSE,BOH,MegawariBox_MixedLine_inf-yuko-0013_v01_VID_9x16_260828,MegawariBox,2026-08-28,2026-09-01,https://drive.google.com/file/d/1vffwQ55SppdYun9fWURIMZ3oKRTPX5fn/view?usp=drivesdk,,"한 상자로 끝, 이제 고민하지 마세요!",,"23,322",741,3.18%,₩335,"₩248,220",17,2.29%,"₩14,601",972872.2522,391.94%
FALSE,BOH,MegawariBox_MixedLine_EGC_v01_VID_9x16_260828,MegawariBox,2026-08-28,2026-09-02,https://drive.google.com/file/d/1qEhmbeKBAPxq8oUyw6lfO5uFsYSOHq44/view?usp=drivesdk,,메가와리 한정 66% 할인 / 크림의 장인 바이오힐보의 24시간 루틴,,"268,516","4,039",1.50%,₩581,"₩2,346,091",238,5.89%,"₩9,858",10637414.59,453.41%
FALSE,BOH,MegawariBox_BeautyMarketer_EGC_v01_VID_9x16_260828,MegawariBox,2026-08-28,2026-09-01,https://drive.google.com/file/d/1_iOXGLXyLg5uNqAK6pfPXBc1kYWL8D8i/view?usp=drivesdk,,"메가와리 한정 최대 66% 할인, 지금이 최저가입니다",,"26,338",641,2.43%,₩402,"₩257,709",21,3.28%,"₩12,272",1268263.609,492.13%
FALSE,BOH,MegawariBox_3DLine_inf-MizutaniSaki_v01_VID_9x16_260828,MegawariBox,2026-08-28,2026-09-01,https://drive.google.com/file/d/15RKqFfZxuGAZTKmvnU9qw73lSCb-Si1_/view?usp=drivesdk,,지금의 피부 상태를 오래 유지하고 싶다면? 탄력 No.1 바이오힐보 3D 라인으로 완성하는 24시간 탄력 루틴!,,"13,598",463,3.40%,₩273,"₩126,616",6,1.30%,"₩21,103",285907.7374,225.81%
FALSE,BOH,MegawariBox_3DLine_EGC_v01_VID_9x16_260828,MegawariBox,2026-08-28,2026-09-02,https://drive.google.com/file/d/1hmTeEIoyQOJKgEBJPgwdZVhpYQAGZ0aA/view?usp=drivesdk,,스태프도 애용하는 No.1 탄력 케어 세트,,"94,132","1,648",1.75%,₩548,"₩903,506",87,5.28%,"₩10,385",3890471.296,430.60%
FALSE,BOH,GelMist_InnerDry_Model_v01_VID_9x16_260828,GelMist,2026-08-28,2026-09-01,https://drive.google.com/file/d/1woBqK4VsxCXeGZyBU-ZgTQt9zchXYWVh/view?usp=drivesdk,"여름이라 스킨케어를 가볍게 줄였더니, 환절기가 다가오면서 속건조가 심해질 때",생콜라겐을 통째로 미스트에.,"여름철 가벼운 루틴으로 속건조를 겪는 소비자가, 
겔미스트를 루틴을 무겁게 바꾸지 않고 속건조를 잡아주는 추가하는 솔루션으로 인식하는지 검증","9,312",52,0.56%,"₩2,717","₩141,305",46,88.46%,"₩3,072",2000457.393,1415.70%
FALSE,BOH,Asachuru_DayNight-3554_inf-yuko-0013_v02_VID_9x16_260828,Asachuru,2026-08-28,2026-09-02,https://drive.google.com/file/d/1BXXxGiUSYR_889sl99fwN7bco2y3d5d6/view?usp=drivesdk,"더운 날 무거운 크림은 부담스러워, 낮엔 가벼운 콜라겐으로 결을·밤엔 3D로 탄력을 나눠 챙기고 싶을 때",아침부터 밤까지 빈틈없는 집중 케어,"여름 무거운 크림은 부담되지만 결과 탄력 모두 챙기고 싶다고 느끼는 소비자가, 아사츄루 아사츄르를 낮 가벼운 콜라겐 결·밤 3D 탄력으로 나눠 쓸 수 있는 여름 시간대 분리 솔루션으로 인식하는지 검증","57,204","2,393",4.18%,₩492,"₩1,177,276",238,9.95%,"₩4,947",10003038.82,849.68%
FALSE,BOH,Asachuru_DayNight-3554_inf-MizutaniSaki_v01_VID_9x16_260825,Asachuru,2026-08-25,2026-09-06,https://drive.google.com/file/d/1gxGx1i7LjQCM2CusaqgOud_4dmXLzm_z/view?usp=drivesdk,"더운 날 무거운 크림은 부담스러워, 낮엔 가벼운 콜라겐으로 결을·밤엔 3D로 탄력을 나눠 챙기고 싶을 때",아침저녁으로 나누어 사용하는 모공·탄력 케어,"여름 무거운 크림은 부담되지만 결과 탄력 모두 챙기고 싶다고 느끼는 소비자가, 아사츄루 아사츄르를 낮 가벼운 콜라겐 결·밤 3D 탄력으로 나눠 쓸 수 있는 여름 시간대 분리 솔루션으로 인식하는지 검증","88,009","5,008",5.69%,₩146,"₩731,475",0,0.00%,₩0,0,0.00%
FALSE,BOH,Asachuru_MakeupPrep-2534_inf-MizutaniSaki_v02_VID_9x16_260825,Asachuru,2026-08-25,2026-09-06,https://drive.google.com/file/d/18j3aLj3KK6urAkK4sHpqy237juVNvfLX/view?usp=drivesdk,처진 하안부는 잡아주고 건조 모공은 채워서 파데가 잘 먹는 base를 만들고 싶을 때,모공·결·탄력을 정돈해 아침 파운데이션 밀착력이 달라지는 피부로,"처진 하반부는 잡고 건조 모공은 채워 메이크업이 잘 먹길 바란다고 느끼는 소비자가, 아사츄루 아사츄르를 탄력 base와 콜라겐 결 정돈으로 화잘먹 피부 솔루션으로 인식하는지 검증","173,801","6,516",3.75%,₩176,"₩1,147,403",1,0.02%,"₩1,147,403",109447.3215,9.54%
FALSE,BOH,NudyBlurTint_SmoothLip_ShinChan_v01_BNR_1x1_260824,NudyBlurTint,2026-09-01,2026-09-06,https://drive.google.com/file/d/11Cmg4EXHkLqjIBp0YrAvv_FeIDMqtvqa/view?usp=drivesdk,,한 번 바르는 것만으로 보정 필터급의 매끄러운 입술로,,"21,323",311,1.46%,₩972,"₩302,335",62,19.94%,"₩4,876",574851.899,190.14%
FALSE,BOH,3D_ NightWrap_Product-VOCE_v01_BNR_1x1_260901,3D,2026-09-01,2026-09-06,https://drive.google.com/file/d/1o4-gNY3f_Q4UvCx6F0lekizwLeTL1Mi2/view?usp=drivesdk,환절기에도 수분이 피부에서 증발하지 않게 잡아두고 싶을 때,가지고 계신 스킨케어만으로는 수분도 탄력도 다 지킬 수 없어요,"환절기에 기존 스킨케어가 쉽게 날아가 하루 종일 유지되길 바란다고 느끼는 소비자가, 3D 리필 크림을 무거운 제형으로 수분을 걸어 잠가 저녁까지 지속시킬 수 있는 올데이 밀봉 케어 솔루션으로 인식하는지 검증","88,326","1,480",1.68%,₩706,"₩1,044,493",330,22.30%,"₩3,165",10054702.85,962.64%
FALSE,BOH,3D_Harichokin-2534_Shiraishi-VOCE_v01_BNR_1x1_260901,3D,2026-09-01,2026-09-06,https://drive.google.com/file/d/1vUohZsPlErUKlXDdgpWhbSzuRwtznI9L/view?usp=drivesdk,"여름이 끝나 피부가 지쳤는데, 건조한 계절이 오기 전에 미리 관리를 채워두고 싶을 때","신경 쓰이기 시작한 지금부터 준비하는, 탄력 저축.","본격 건조 계절 전 선제 케어 니즈를 가진 소비자가, 
3D 리프팅 크림을 '탄력을 저금해두는' 시즌 준비 제품으로 인식하는지 검증","23,134",346,1.50%,₩586,"₩202,832",32,9.25%,"₩6,338",967412.4499,476.95%
FALSE,BOH,3D_NextMorning_Product-VOCE_v01_BNR_1x1_260901,3D,2026-09-01,2026-09-06,https://drive.google.com/file/d/1tlBB8dN_pjczMgz5fguYU8Von3AekG8h/view?usp=drivesdk,다음 날 아침 바로 피부의 변화를 실감하고 싶을 때,"다음 날 아침의 변화를 실감, 쫀쫀하게 탄력 있는 피부로",다음 날 아침 달라지는'이라는 메세지를 브랜드 키 카피로 활용할 수 있을 지 검증,"125,181","1,557",1.24%,₩677,"₩1,053,522",336,21.58%,"₩3,135",10618287.96,1007.88%
FALSE,BOH,3D_Overnight-3554_Model-VOCE_v01_BNR_1x1_260901,3D,2026-09-01,2026-09-06,https://drive.google.com/file/d/1QNcxrS3SK5GztbyC7N7_VQLl-Qn_IBHb/view?usp=drivesdk,"저녁 무렵 피곤해 보이는 얼굴을 보고, 밤 사이 다음 날 아침의 탄력을 미리 채워두고 싶을 때","자는 동안 탄력을 채우다. 다음 날 아침, 차오르는 탄력 피부로.","밤에 발라 다음 날 아침의 탄력까지 이어가고 싶다고 느끼는 소비자가, 3D 리필 크림을 자는 동안 유지돼 24시간 끊김 없는 루틴을 완성할 수 있는 오버나이트 지속 케어 솔루션으로 인식하는지 검증","76,069","1,151",1.51%,₩770,"₩886,680",298,25.89%,"₩2,975",8788471.345,991.17%
FALSE,BOH,3D_Overnight-3554_Shiraishi-VOCE_v02_BNR_1x1_260901,3D,2026-09-01,2026-09-06,https://drive.google.com/file/d/1UJrZ1MFs1eAmqkznoc12g6AA58ghLfRl/view?usp=drivesdk,"저녁 무렵 피곤해 보이는 얼굴을 보고, 밤 사이 다음 날 아침의 탄력을 미리 채워두고 싶을 때","저녁의 지친 얼굴, 밤 사이 리셋.","밤에 발라 다음 날 아침의 탄력까지 이어가고 싶다고 느끼는 소비자가, 3D 리필 크림을 자는 동안 유지돼 24시간 끊김 없는 루틴을 완성할 수 있는 오버나이트 지속 케어 솔루션으로 인식하는지 검증","13,388",252,1.88%,₩762,"₩192,102",67,26.59%,"₩2,867",1957220.432,1018.84%
FALSE,WM,PerfectingCushion_bold-offer_OnedayDeal_v01_BNR_1x1_260828,PerfectingCushion,2026-09-02,2026-09-06,https://drive.google.com/file/d/1Ri3FlBfX2bYEFG2F6Y6FpmyuCycVermA/view?usp=drivesdk,,"커버도, 밀착도. 이것 하나로.",,"46,479",561,1.21%,₩990,"₩555,156",111,19.79%,"₩5,001",1721065.013,310.01%
FALSE,WM,PerfectingCushion_busy-morning_OnedayDeal_v01_BNR_1x1_260828,PerfectingCushion,2026-09-02,2026-09-06,https://drive.google.com/file/d/11xPYaF3_xtFTDzL2je9ZzZStM_5O5PXp/view?usp=drivesdk,,바쁜 아침에도 한 번의 터치로 베이스 메이크업 완성,,"33,787",474,1.40%,₩728,"₩345,030",74,15.61%,"₩4,663",1101901.287,319.36%
FALSE,WM,PerfectingCushion_completed-cushion_OnedayDeal_v01_BNR_1x1_260828,PerfectingCushion,2026-09-02,2026-09-06,https://drive.google.com/file/d/1iRAh1k_QcBsOYmA1dP-AphGAu176SN0L/view?usp=drivesdk,,"완성형 쿠션, 땀에도 무너지지 않는 고밀착 커버",,"66,501","1,000",1.50%,₩587,"₩587,190",152,15.20%,"₩3,863",2325717.972,396.08%
FALSE,WM,PerfectingCushion_cover_OnedayDeal_v01_BNR_1x1_260828,PerfectingCushion,2026-09-02,2026-09-06,https://drive.google.com/file/d/1iNcUhytBrEKJKLC-E_9EPDIW5ttnUMcE/view?usp=drivesdk,,두껍게 발리는 느낌 없이 매끄러운 고밀착 커버,,"12,494",189,1.51%,₩786,"₩148,603",39,20.63%,"₩3,810",604087.8657,406.51%
FALSE,WM,PerfectingCushion_lasting_OnedayDeal_v01_BNR_1x1_260828,PerfectingCushion,2026-09-02,2026-09-06,https://drive.google.com/file/d/1k67ygGNNmjXj1xtDn_2ZJIvNtd60dN9l/view?usp=drivesdk,,땀을 흘려도 잘 지워지지 않는 고밀착 커버,,"35,731",552,1.54%,₩643,"₩355,063",88,15.94%,"₩4,035",1381737.967,389.15%
FALSE,WM,PerfectingCushion_new-arrival_OnedayDeal_v01_BNR_1x1_260828,PerfectingCushion,2026-09-02,2026-09-06,https://drive.google.com/file/d/1EVOugHODoXKPIW6uevY0fyjk6-GeiTva/view?usp=drivesdk,,새로운 완성형 쿠션,,"26,146",350,1.34%,₩826,"₩289,028",81,23.14%,"₩3,568",1333387.855,461.34%
FALSE,BOH,MegawariBox_Receipt-Raffle_Product_v01_BNR_1x1_260828,MegawariBox,2026-09-02,2026-09-06,https://drive.google.com/file/d/1iRfordZ7D5d3BiQNYecZPMe8neOf7l10/view?usp=drivesdk,,영수증 응모로 호화 세트를 받을 수 있다!!,,"267,495","4,065",1.52%,₩917,"₩3,727,308",953,23.44%,"₩3,911",27736479.11,744.14%
FALSE,WM,OFFCHERRY-SoftBlurEye_MoodSwitch_inf-nanap-nanuk_v01_VID_1x1_260828,OFFCHERRY-SoftBlurEye,2026-09-02,2026-09-06,https://drive.google.com/file/d/1cfDA5X61Rt9gE37lzXf8vGW2cVOi4o-i/view?usp=drivesdk,"늘 비슷한 눈매가 지겨워, 그날의 기분이나 스타일에 따라 부드럽고 은은한 무드부터 매력/시크 있는 무드 등 평소와 다른 나를 연출하고 싶을 때",기분에 따라 무드 체인지,"평소와 다른 이미지로 변신하고 싶은 소비자가, 소블아로 서로 다른 분위기를 연출할 수 있는 무드 전환 팔레트로 인식하는지 검증","6,782",143,2.11%,₩602,"₩86,070",24,16.78%,"₩3,586",448111.2157,520.63%
FALSE,WM,OFFCHERRY-SoftBlurEye_MoodSwitch_inf-mio-utani_v01_VID_1x1_260828,OFFCHERRY-SoftBlurEye,2026-09-02,2026-09-06,https://drive.google.com/file/d/1QgHhsOtn-JgZsZ2-RJB0g1E7Wf-3KeFi/view?usp=drivesdk,"늘 비슷한 눈매가 지겨워, 그날의 기분이나 스타일에 따라 부드럽고 은은한 무드부터 매력/시크 있는 무드 등 평소와 다른 나를 연출하고 싶을 때",기분에 따라 분위기 변신,"평소와 다른 이미지로 변신하고 싶은 소비자가, 소블아로 서로 다른 분위기를 연출할 수 있는 무드 전환 팔레트로 인식하는지 검증","4,228",60,1.42%,₩852,"₩51,131",28,46.67%,"₩1,826",476706.5441,932.32%
FALSE,WM,OFFCHERRY-SoftBlurEye_MoodSwitch_inf-maaa0624_v01_VID_1x1_260828,OFFCHERRY-SoftBlurEye,2026-09-02,2026-09-06,https://drive.google.com/file/d/1O45fMGUzb-6rwujBtfJdYJdoRTVsjT20/view?usp=drivesdk,"늘 비슷한 눈매가 지겨워, 그날의 기분이나 스타일에 따라 부드럽고 은은한 무드부터 매력/시크 있는 무드 등 평소와 다른 나를 연출하고 싶을 때",기분에 따라 무드 체인지,"평소와 다른 이미지로 변신하고 싶은 소비자가, 소블아로 서로 다른 분위기를 연출할 수 있는 무드 전환 팔레트로 인식하는지 검증","36,219",648,1.79%,₩689,"₩446,536",195,30.09%,"₩2,290",3179083.895,711.94%
FALSE,WM,OFFCHERRY-SoftBlurEye_MoodSwitch_inf-lio7.c_v01_VID_1x1_260828,OFFCHERRY-SoftBlurEye,2026-09-02,2026-09-06,https://drive.google.com/file/d/1CL_8eLulWR80SuP-_6bxU_0P6qVLCtPS/view?usp=drivesdk,"늘 비슷한 눈매가 지겨워, 그날의 기분이나 스타일에 따라 부드럽고 은은한 무드부터 매력/시크 있는 무드 등 평소와 다른 나를 연출하고 싶을 때",기분에 따라 분위기 변신,"평소와 다른 이미지로 변신하고 싶은 소비자가, 소블아로 서로 다른 분위기를 연출할 수 있는 무드 전환 팔레트로 인식하는지 검증","6,534",137,2.10%,₩625,"₩85,672",24,17.52%,"₩3,570",426754.8739,498.13%
FALSE,BOH,MegawariBox_3DLine_inf-MizutaniSaki_v01_VID_1x1_260825,MegawariBox,2026-08-25,2026-09-06,https://drive.google.com/file/d/1IbKhNWS6WLtjIOC5--PDvmdQGWVu9URw/view?usp=drivesdk,,지금의 피부 상태를 오랫동안 유지하고 싶다면? 24시간 탄력 루틴!,,"154,993","6,007",3.88%,₩381,"₩2,287,164",56,0.93%,"₩40,842",1908351.076,83.44%
FALSE,BOH,MegawariBox_MixedLine_inf-yuko-0013_v01_VID_1x1_260825,MegawariBox,2026-08-25,2026-09-06,https://drive.google.com/file/d/1AmRwu1o3ZtDsJAA_glU_DgrV41qChiXv/view?usp=drivesdk,,"한 박스로 끝, 더 이상 고민하지 마세요! 탄력 No.1 바이오힐보 믹스 박스",,"36,907","1,512",4.10%,₩377,"₩570,719",7,0.46%,"₩81,531",336355.5616,58.94%
FALSE,BOH,Asachuru_Original_inf-rui._v01_VID_9x16_260828,Asachuru,2026-08-28,2026-09-01,https://drive.google.com/file/d/1nxr_hlFK0uMlMCjd67IQ9QtZZ80pGX-J/view?usp=drivesdk,,"51세인 나, 요즘 화장이 잘 안 먹어",,"111,022","3,862",3.48%,₩634,"₩2,446,958",449,11.63%,"₩5,450",19050220.72,778.53%
FALSE,BOH,Toner_1+1Day_Product_v03_BNR_1x1_260903,Toner,2026-09-03,2026-09-06,,,,,"51,912","2,191",,,"₩792,278",363,,"₩2,183",10261862.16,1295.23%
FALSE,BOH,3D_FaceLine-3554_Product_v01_BNR_1x1_260828,3D,2026-09-03,2026-09-06,https://drive.google.com/file/d/1Yt_weZZu_hzIM9D9jdJ-r78xw040wh0m/view?usp=drivesdk," 30대 중반을 지나 처짐이 ""슬슬 현실""로 느껴지기 시작해, 화장품으로 밤에 집중 케어하고 싶을 때",신경 쓰이는 처진 인상에 밤마다 탄력 케어.,"처짐이 슬슬 현실로 느껴져 밤에 집중적으로 케어하고 싶다고 느끼는 소비자가, 3D 리필 크림을 유산균으로 피부 토대를 다져줄 수 있는 밤 집중 탄력 케어 솔루션으로 인식하는지 검증","2,952",54,1.83%,"₩1,566","₩84,562",38,70.37%,"₩2,225",1109840.022,1312.46%
FALSE,BOH,Asachuru_24hHomeCare_Product_v01_BNR_1x1_260828,Asachuru,2026-09-03,2026-09-06,https://drive.google.com/file/d/1S84Bieu_YuvJpBRkNlP4PyMSZpaUYjhJ/view?usp=drivesdk,,탄력 루틴 제품을 최저가로 쟁여두기,,"2,012",33,1.64%,"₩1,772","₩58,463",29,87.88%,"₩2,016",946246.889,1618.54%
FALSE,BOH,Asachuru_Balance_Product_v02_BNR_1x1_260828,Asachuru,2026-09-03,2026-09-06,https://drive.google.com/file/d/14L2fuGFKyoyWYPZgk9xmTn9hkAWqrAh1/view?usp=drivesdk,"세안 후에는 피부가 당기는데 시간이 지나면 번들거리고, 계절이 바뀔 때마다 들쑥날쑥한 피부 컨디션을 유수분 밸런스부터 정돈하고 싶을 때","환절기 피부 변화, 저렴할 때 미리 하는 선제적 케어","건조함과 번들거림을 동시에 느끼는 소비자가, 아사츄루·요루탄 아사츄르를 아침에는 콜라겐 크림으로 수분과 피부결을 가볍게 정돈하고 밤에는 3D 래핑 크림으로 수분을 잠가, 하루 종일 균형 잡힌 피부 컨디션을 유지하는 24시간 유수분 밸런스 루틴으로 인식하는지 검증","8,818",142,1.61%,"₩1,722","₩244,516",103,72.54%,"₩2,374",2867432.042,1172.70%
FALSE,BOH,GelMist_ElasticityBase-3554_Product_v02_BNR_1x1_260828,GelMist,2026-09-03,2026-09-06,https://drive.google.com/file/d/1BeSph3CuiCr_dV9kjxkK9zYuN8i00bNy/view?usp=drivesdk,"오후마다 건조해질수록 볼과 입가가 푸석하고 탄력 없어 보여, 외출 중에도 수분을 수시로 보충해 탄력 케어의 바탕을 지키고 싶을 때","건조할 때마다 칙칙, 하루 종일 꺼지지 않는 탄력 바탕으로.","건조할수록 볼과 입가의 탄력이 더 떨어져 보인다고 느끼는 3554 소비자가, 콜라겐 겔미스트를 외출 중에도 수시로 보습해 탄력 관리의 수분 바탕을 유지하는 데일리 보완 솔루션으로 인식하는지 검증","2,561",49,1.91%,₩758,"₩37,144",11,22.45%,"₩3,377",298926.1399,804.77%
FALSE,BOH,Serum_1+1Day_Product_v01_BNR_1x1_260903,Serum,2026-09-03,2026-09-06,https://drive.google.com/file/d/12j-JlePT-gba2X9z_AyIzByQRHf4AYF-/view?usp=drivesdk,,지금 내 피부에 맞는 케어를.,,"2,567",64,2.49%,₩769,"₩49,193",9,14.06%,"₩5,466",245278.2787,498.60%
FALSE,BOH,Serum_1+1Day_Product_v02_BNR_1x1_260903,Serum,2026-09-03,2026-09-06,https://drive.google.com/file/d/1PHR9WC3hRgjj-O7iKfrGzlE69iyHFlK9/view?usp=drivesdk,,"에센스 1+1 데이, 50% 할인 개당 1,600엔부터~",,"10,553",430,4.07%,₩428,"₩184,253",86,20.00%,"₩2,142",2639690.251,1432.65%
FALSE,BOH,Toner_1+1Day_Product_v01_BNR_1x1_260903,Toner,2026-09-03,2026-09-06,https://drive.google.com/file/d/1LqqY8AP64PoVoK6KYAt-ffudRHohSkXs/view?usp=drivesdk,,"하루 종일 쫀쫀하게, 촉촉한 피부로.",,"11,567",270,2.33%,₩751,"₩202,675",67,24.81%,"₩3,025",2021421.361,997.37%
FALSE,BOH,Toner_1+1Day_Product_v02_BNR_1x1_260903,Toner,2026-09-03,2026-09-06,https://drive.google.com/file/d/1KxOs6KSJ52zWinCtpnwcnlTzB_CjrC6u/view?usp=drivesdk,,"토너 1+1 DAY / 50% 할인 개당 1,300엔부터~",,"16,028",691,4.31%,₩351,"₩242,511",121,17.51%,"₩2,004",3875819.824,1598.21%
FALSE,BOH,Serum_1+1Day_Product_v03_BNR_1x1_260903,Serum,2026-09-03,2026-09-06,https://drive.google.com/file/d/1TDedNZtA3GdthKc8cGwuq9UFE0YbhKaN/view?usp=drivesdk,,에센스 1+1 DAY / 50% 할인,,"9,622",397,4.13%,₩429,"₩170,290",71,17.88%,"₩2,398",2035305.84,1195.20%
FALSE,WM,SoftBlurEye_AutumnMood_inf_v01_VID_1x1_260828,SoftBlurEye,2026-09-03,2026-09-06,https://drive.google.com/file/d/1WYpWQICTZViiqbM9NjFNN9jf5-QOufH9/view?usp=drivesdk,,"이것저것 더하기보다, 아침과 밤 두 가지로 끝",,520,9,1.73%,₩833,"₩7,498",7,77.78%,"₩1,071",99030.1823,1320.71%
FALSE,WM,SoftBlurEye_AutumnMood_inf_v02_VID_1x1_260828,SoftBlurEye,2026-09-03,2026-09-06,https://drive.google.com/file/d/1MOELBL3RSVLwTKcJGsRWhM881mkL1hmT/view?usp=drivesdk,,"가을의 눈매, 기분에 따라 바꿔보세요.",,"1,664",46,2.76%,₩487,"₩22,412",5,10.87%,"₩4,482",69711.5451,311.05%
FALSE,WM,SoftBlurEye_AutumnMood_inf_v03_VID_1x1_260828,SoftBlurEye,2026-09-03,2026-09-06,https://drive.google.com/file/d/1ZevPzPPW0_29O_rgWM_t39qUX2DRZ1_s/view?usp=drivesdk,,"가을의 눈매, 기분에 따라 갈아입다.",,"4,168",130,3.12%,₩492,"₩63,949",15,11.54%,"₩4,263",232513.672,363.60%
FALSE,WM,SoftBlurEye_AutumnMood_inf_v04_VID_1x1_260828,SoftBlurEye,2026-09-03,2026-09-06,https://drive.google.com/file/d/17yieITYX9kQsm6dvpa6-elLb-KkPtgNx/view?usp=drivesdk,,"가을의 눈매, 기분에 따라 갈아입다.",,"7,962",247,3.10%,₩455,"₩112,505",60,24.29%,"₩1,875",950449.9467,844.81%
FALSE,BOH,3D_Overnight-3554_CardiB_v02_BNR_1x1_260828,3D,2026-09-03,2026-09-06,https://drive.google.com/file/d/1LCqee5KXeh91p7Xus7fFgpdyu5Rpyr_6/view?usp=drivesdk,,"저녁의 지친 얼굴, 밤 사이에 리셋.",,"2,113",45,2.13%,₩568,"₩25,559",2,4.44%,"₩12,780",72860.87126,285.06%
FALSE,BOH,3D_Overnight-3554_Shiraishi_v01_BNR_1x1_260828,3D,2026-09-03,2026-09-06,https://drive.google.com/file/d/1-xEuSGAJ89gKorxNMZq7xvtRnIYtM-t0/view?usp=drivesdk,"30대 중반, 처짐이 슬슬 현실로 느껴지는데 모공까지 늘어져 보여, 탄력과 결을 한 번에 되돌리고 싶을 때","자는 동안 탄력을 채우다. 다음 날 아침, 탱탱하고 탄력 있는 피부 인상으로.","처짐과 늘어진 모공·결을 한 번에 되돌리고 싶다고 느끼는 소비자가, 아사츄루 아사츄르를 3D 탄력과 콜라겐 결 케어로 인상을 되돌릴 수 있는 탄력+결 솔루션으로 인식하는지 검증","8,460",166,1.96%,₩638,"₩105,884",26,15.66%,"₩4,072",1013687.664,957.36%
FALSE,BOH,NAD-Cream_GlowAgain-2534_Product_v01_BNR_1x1_260828,NAD-Cream,2026-09-03,2026-09-06,https://drive.google.com/file/d/1MsGU6fhbSElBKmSnW7ppccv9sB_Dja9c/view?usp=drivesdk,"저녁 무렵 피곤해 보이는 얼굴을 보고, 밤 사이 다음 날 아침의 탄력을 미리 채워두고 싶을 때","NAD로 되찾는, 광채 윤기 피부","밤에 발라 다음 날 아침의 탄력까지 이어가고 싶다고 느끼는 소비자가, 3D 리필 크림을 자는 동안 유지돼 24시간 끊김 없는 루틴을 완성할 수 있는 오버나이트 지속 케어 솔루션으로 인식하는지 검증","5,486",86,1.57%,"₩1,743","₩149,859",34,39.53%,"₩4,408",1071191.086,714.80%
FALSE,BOH,NAD-Cream_NADScience-3554_Product_v03_BNR_1x1_260828,NAD-Cream,2026-09-03,2026-09-06,https://drive.google.com/file/d/1H3XTBg0M8iYWUZ2yhNx4CKx1RQv_xXhe/view?usp=drivesdk,"여름철 자외선으로 피부가 한 톤 어두워진 것 같아, 원래의 광채부터 되찾고 싶을 때","에이징 케어 명가 BOH가 도달한 해답, NAD","여름철 자외선으로 탄 피부로 더욱 
피부의 칙칙함·광채 저하를 체감할 소비자가, 
NAD 크림을 회복용 광채 케어로 인식하는지 검증","15,618",322,2.06%,₩969,"₩311,981",80,24.84%,"₩3,900",2652978.085,850.36%
FALSE,BOH,NAD-Cream_Vitality-2534_Product_v02_BNR_1x1_260828,NAD-Cream,2026-09-03,2026-09-06,https://drive.google.com/file/d/1oPnlvvEwATNxyDs_HgflbMsmyhNXkoDo/view?usp=drivesdk,"크림을 고를 때 단순 보습보다 성분과 효능 근거를 꼼꼼히 비교해, 매일 믿고 쓸 수 있는 프리미엄 생기 케어를 찾을 때","안티에이징, 아직 이르다구요? 칙칙함이 시작됐다면, 그것이 바로 신호입니다","성분과 효능을 꼼꼼히 비교하는 3554 소비자가, NAD 크림을 독자 성분과 BOH 크림 기술력을 바탕으로 건강하고 생기 있어 보이는 피부를 관리하는 신뢰도 높은 프리미엄 데일리 케어로 인식하는지 검증","5,203",88,1.69%,₩563,"₩49,563",19,21.59%,"₩2,609",440425.6873,888.61%
FALSE,BOH,NAD-Cream_NADScience-3554_Product_v02_BNR_1x1_260828,NAD-Cream,2026-09-03,2026-09-06,https://drive.google.com/file/d/1SkRKLFuUqaQZC6thbWFa2TdTvrbxCcqj/view?usp=drivesdk,"문득 거울을 보다 칙칙함·생기 없음이 신경 쓰여, 보습을 넘어 에이징케어로 넘어가고 싶을 때",매일 바르는 크림이야말로 성분에 신경 써야 합니다,"칙칙함과 생기 없음이 신경 쓰여 보습을 넘어 에이징케어로 넘어가고 싶다고 느끼는 소비자가, NAD 크림을 NAD 성분으로 칙칙함을 光으로 바꿔주는 초기 에이징케어 솔루션으로 인식하는지 검증","38,996",759,1.95%,"₩1,324","₩1,004,946",443,58.37%,"₩2,269",13655966.65,1358.88%
FALSE,BOH,MegawariBox_NADLine_Product_v02_BNR_1x1_260828,MegawariBox,2026-09-03,2026-09-06,https://drive.google.com/file/d/1FqFgS-4WbKAIlyMB9W3dzJwcTZfqIk5j/view?usp=drivesdk,"크림을 고를 때 단순 보습보다 성분과 효능 근거를 꼼꼼히 비교해, 매일 믿고 쓸 수 있는 프리미엄 생기 케어를 찾을 때",최근 신경 쓰이는 피부 칙칙함. NAD로 빛을 머금은 광채 피부로.,"성분과 효능을 꼼꼼히 비교하는 3554 소비자가, NAD 크림을 독자 성분과 BOH 크림 기술력을 바탕으로 건강하고 생기 있어 보이는 피부를 관리하는 신뢰도 높은 프리미엄 데일리 케어로 인식하는지 검증","1,644",27,1.64%,₩793,"₩21,398",4,14.81%,"₩5,349",167387.2466,782.27%
FALSE,BOH,MegawariBox_MixedLine_Product_v02_BNR_1x1_260828,MegawariBox,2026-09-03,2026-09-06,https://drive.google.com/file/d/1tdqdNbUN-pcC8Zu9iHm49utwnpW3S8cJ/view?usp=drivesdk,"문득 거울을 보다 칙칙함·생기 없음이 신경 쓰여, 보습을 넘어 에이징케어로 넘어가고 싶을 때","모공도, 탄력도, 광채도. 인기 라인으로 완성하는 토탈 케어.","칙칙함과 생기 없음이 신경 쓰여 보습을 넘어 에이징케어로 넘어가고 싶다고 느끼는 소비자가, NAD 크림을 NAD 성분으로 칙칙함을 光으로 바꿔주는 초기 에이징케어 솔루션으로 인식하는지 검증","4,342",67,1.54%,₩759,"₩50,854",5,7.46%,"₩10,171",115182.8733,226.50%
FALSE,BOH,MegawariBox_Limited_Product_v01_BNR_1x1_260828,MegawariBox,2026-09-03,2026-09-06,https://drive.google.com/file/d/1nzdr2UQn_L_ARGo5Bq80Im7Q3XJyaB_v/view?usp=drivesdk,"늘어난 모공, 탄력과 결을 한 번에 되돌리고 싶을 때","메가와리 한정 특별 기획, 피부 고민별로 선택하는 토탈 케어 세트","처짐과 늘어진 모공·결을 한 번에 되돌리고 싶다고 느끼는 소비자가, 아사츄루 아사츄르를 3D 탄력과 콜라겐 결 케어로 인상을 되돌릴 수 있는 탄력+결 솔루션으로 인식하는지 검증","26,862",356,1.33%,₩860,"₩306,285",71,19.94%,"₩4,314",2393338.866,781.41%
FALSE,BOH,MegawariBox_CollagenLine_Product_v02_BNR_1x1_260828,MegawariBox,2026-09-03,2026-09-06,https://drive.google.com/file/d/1Nhf1-HwvJCtpLFedwPJEmfpMEo-TiZ1p/view?usp=drivesdk,,"모공과 피부 결을 매끄럽게 정돈하여, 매끈하고 윤기 나는 피부로.",,"15,329",238,1.55%,₩711,"₩169,109",51,21.43%,"₩3,316",1402371.962,829.27%
FALSE,BOH,Asachuru_Original_inf-rui._v01_VID_9x16_260826,Asachuru,2026-08-26,2026-09-06,https://drive.google.com/file/d/1nxr_hlFK0uMlMCjd67IQ9QtZZ80pGX-J/view?usp=drivesdk,"30대 중반, 처짐이 슬슬 현실로 느껴지는데 모공까지 늘어져 보여, 탄력과 결을 한 번에 되돌리고 싶을 때","51세인 나, 요즘 화장이 잘 안 먹어","처짐과 늘어진 모공·결을 한 번에 되돌리고 싶다고 느끼는 소비자가, 아사츄루 아사츄르를 3D 탄력과 콜라겐 결 케어로 인상을 되돌릴 수 있는 탄력+결 솔루션으로 인식하는지 검증","238,946","10,126",4.24%,₩170,"₩1,724,978",6,0.06%,"₩287,496",236712.6566,13.72%
FALSE,BOH,NAD-Eyecream_Original_inf-ayuchosuu_v01_VID_9x16_260828,NAD-Eyecream,2026-08-28,2026-09-01,https://drive.google.com/file/d/1ErMIO1wqSVjKzi2bH0Spqmxgxj7HrIhb/view?usp=drivesdk,,"무조건 예뻐지고 싶은 27살, 민낯 자신감 폭발하는 케어 시작",,"21,538",461,2.14%,₩496,"₩228,441",12,2.60%,"₩19,037",491075.3226,214.97%
FALSE,BOH,MegawariBox_Original_inf-mizutanisaki_v01_VID_9x16_260828,MegawariBox,2026-08-28,2026-09-02,https://drive.google.com/file/d/17kQ0L8UquKVG3tQYwNI6Wbjq-UOXm4-m/view?usp=drivesdk,,바이오힐보의 메가와리 한정 BOX,,"111,260","1,756",1.58%,₩620,"₩1,088,863",103,5.87%,"₩10,571",5131535.595,471.27%
FALSE,BOH,MegawariBox_Original_inf-99.isx_v01_VID_9x16_260828,MegawariBox,2026-08-28,2026-09-01,https://drive.google.com/file/d/17LWresXeL4D1hHoK7-IccniKG-LP1y0R/view?usp=drivesdk,,텍스트 없음,,"20,190",557,2.76%,₩288,"₩160,241",20,3.59%,"₩8,012",876706.5757,547.12%
FALSE,BOH,MegawariBox_Original_inf-yuumikono125_v01_VID_9x16_260828,MegawariBox,2026-08-28,2026-09-01,https://drive.google.com/file/d/1nAO3WWPtRnfW0QUPDvicICBFCV8RfP-q/view?usp=drivesdk,,"아침은 촉촉, 밤은 탄탄 습관",,"44,115","1,285",2.91%,₩286,"₩367,569",44,3.42%,"₩8,354",1566186.811,426.09%
FALSE,BOH,Asachuru_AntiAging-3554_Product_v02_BNR_1x1_260828,Asachuru,2026-09-03,2026-09-06,https://drive.google.com/file/d/1WYpWQICTZViiqbM9NjFNN9jf5-QOufH9/view?usp=drivesdk,"30대 중반, 처짐이 슬슬 현실로 느껴지는데 모공까지 늘어져 보여, 탄력과 결을 한 번에 되돌리고 싶을 때","이것저것 더하기보다, 아침과 밤 두 가지로 끝","처짐과 늘어진 모공·결을 한 번에 되돌리고 싶다고 느끼는 소비자가, 아사츄루 아사츄르를 3D 탄력과 콜라겐 결 케어로 인상을 되돌릴 수 있는 탄력+결 솔루션으로 인식하는지 검증","17,538",332,1.89%,₩625,"₩207,383",87,26.20%,"₩2,384",3120309.932,1504.61%
FALSE,BOH,MegawariBox_3DLine_Product_v02_BNR_1x1_260828,MegawariBox,2026-09-04,2026-09-06,https://drive.google.com/file/d/1TWDLVQXwT2IQfs0bQtT5DIRN2WtY47h_/view?usp=drivesdk,"여름이 끝나 피부가 지쳤는데, 건조한 계절이 오기 전에 미리 관리를 채워두고 싶을 때","지금부터 시작하는, 미래를 위한 탄력 저축 세트","본격 건조 계절 전 선제 케어 니즈를 가진 소비자가, 
3D 리프팅 크림을 '탄력을 저금해두는' 시즌 준비 제품으로 인식하는지 검증","25,535",397,1.55%,₩702,"₩278,648",75,18.89%,"₩3,715",2389744.948,857.62%
FALSE,BOH,3D_Overnight-3554_Model_v02_BNR_1x1_260828,3D,2026-09-04,2026-09-06,https://drive.google.com/file/d/1HW5vooWsszBbIH6UDEWaKWx9LJ1XJm_c/view?usp=drivesdk,"30대 중반, 처짐이 슬슬 현실로 느껴지는데 모공까지 늘어져 보여, 탄력과 결을 한 번에 되돌리고 싶을 때","저녁의 피곤한 얼굴, 밤사이에 리셋.","처짐과 늘어진 모공·결을 한 번에 되돌리고 싶다고 느끼는 소비자가, 아사츄루 아사츄르를 3D 탄력과 콜라겐 결 케어로 인상을 되돌릴 수 있는 탄력+결 솔루션으로 인식하는지 검증","6,606",104,1.57%,₩674,"₩70,095",10,9.62%,"₩7,010",283000.6172,403.74%
FALSE,,,,,,,,,,,,0.00%,₩0,,,0.00%,,,
FALSE,,,,,,,,,,,,0.00%,₩0,,,0.00%,,,
FALSE,,,,,,,,,,,,0.00%,₩0,,,0.00%,,,
FALSE,,,,,,,,,,,,0.00%,₩0,,,0.00%,,,
FALSE,,,,,,,,,,,,0.00%,₩0,,,0.00%,,,
FALSE,,,,,,,,,,,,0.00%,₩0,,,0.00%,,,
FALSE,,,,,,,,,,,,0.00%,₩0,,,0.00%,,,
FALSE,,,,,,,,,,,,0.00%,₩0,,,0.00%,,,
FALSE,,,,,,,,,,,,0.00%,₩0,,,0.00%,,,
FALSE,,,,,,,,,,,,0.00%,₩0,,,0.00%,,,
FALSE,,,,,,,,,,,,0.00%,₩0,,,0.00%,,,
FALSE,,,,,,,,,,,,0.00%,₩0,,,0.00%,,,
FALSE,,,,,,,,,,,,0.00%,₩0,,,0.00%,,,
FALSE,,,,,,,,,,,,0.00%,₩0,,,0.00%,,,
FALSE,,,,,,,,,,,,0.00%,₩0,,,0.00%,,,
FALSE,,,,,,,,,,,,0.00%,₩0,,,0.00%,,,
FALSE,,,,,,,,,,,,0.00%,₩0,,,0.00%,,,
FALSE,,,,,,,,,,,,0.00%,₩0,,,0.00%,,,
FALSE,,,,,,,,,,,,0.00%,₩0,,,0.00%,,,
FALSE,,,,,,,,,,,,0.00%,₩0,,,0.00%,,,
FALSE,,,,,,,,,,,,0.00%,₩0,,,0.00%,,,
FALSE,,,,,,,,,,,,0.00%,₩0,,,0.00%,,,
FALSE,,,,,,,,,,,,0.00%,₩0,,,0.00%,,,
FALSE,,,,,,,,,,,,0.00%,₩0,,,0.00%,,,
FALSE,,,,,,,,,,,,0.00%,₩0,,,0.00%,,,
FALSE,,,,,,,,,,,,0.00%,₩0,,,0.00%,,,
FALSE,,,,,,,,,,,,0.00%,₩0,,,0.00%,,,
FALSE,,,,,,,,,,,,0.00%,₩0,,,0.00%,,,
FALSE,,,,,,,,,,,,0.00%,₩0,,,0.00%,,,
FALSE,,,,,,,,,,,,0.00%,₩0,,,0.00%,,,
FALSE,,,,,,,,,,,,0.00%,₩0,,,0.00%,,,
FALSE,,,,,,,,,,,,0.00%,₩0,,,0.00%,,,
FALSE,,,,,,,,,,,,0.00%,₩0,,,0.00%,,,
FALSE,,,,,,,,,,,,0.00%,₩0,,,0.00%,,,
FALSE,,,,,,,,,,,,0.00%,₩0,,,0.00%,,,
FALSE,,,,,,,,,,,,0.00%,₩0,,,0.00%,,,
FALSE,,,,,,,,,,,,0.00%,₩0,,,0.00%,,,
FALSE,,,,,,,,,,,,0.00%,₩0,,,0.00%,,,
FALSE,,,,,,,,,,,,0.00%,₩0,,,0.00%,,,
FALSE,,,,,,,,,,,,0.00%,₩0,,,0.00%,,,
FALSE,,,,,,,,,,,,0.00%,₩0,,,0.00%,,,
FALSE,,,,,,,,,,,,0.00%,₩0,,,0.00%,,,
FALSE,,,,,,,,,,,,0.00%,₩0,,,0.00%,,,
FALSE,,,,,,,,,,,,0.00%,₩0,,,0.00%,,,
FALSE,,,,,,,,,,,,0.00%,₩0,,,0.00%,,,
FALSE,,,,,,,,,,,,0.00%,₩0,,,0.00%,,,
FALSE,,,,,,,,,,,,0.00%,₩0,,,0.00%,,,
FALSE,,,,,,,,,,,,0.00%,₩0,,,0.00%,,,
FALSE,,,,,,,,,,,,0.00%,₩0,,,0.00%,,,
FALSE,,,,,,,,,,,,0.00%,₩0,,,0.00%,,,
FALSE,,,,,,,,,,,,0.00%,₩0,,,0.00%,,,
FALSE,,,,,,,,,,,,0.00%,₩0,,,0.00%,,,
FALSE,,,,,,,,,,,,0.00%,₩0,,,0.00%,,,
FALSE,,,,,,,,,,,,0.00%,₩0,,,0.00%,,,
FALSE,,,,,,,,,,,,0.00%,₩0,,,0.00%,,,
FALSE,,,,,,,,,,,,0.00%,₩0,,,0.00%,,,
FALSE,,,,,,,,,,,,0.00%,₩0,,,0.00%,,,
FALSE,,,,,,,,,,,,0.00%,₩0,,,0.00%,,,
FALSE,,,,,,,,,,,,0.00%,₩0,,,0.00%,,,
FALSE,,,,,,,,,,,,0.00%,₩0,,,0.00%,,,
FALSE,,,,,,,,,,,,0.00%,₩0,,,0.00%,,,
FALSE,,,,,,,,,,,,0.00%,₩0,,,0.00%,,,
FALSE,,,,,,,,,,,,0.00%,₩0,,,0.00%,,,
FALSE,,,,,,,,,,,,0.00%,₩0,,,0.00%,,,
FALSE,,,,,,,,,,,,0.00%,₩0,,,0.00%,,,
FALSE,,,,,,,,,,,,0.00%,₩0,,,0.00%,,,
FALSE,,,,,,,,,,,,0.00%,₩0,,,0.00%,,,
FALSE,,,,,,,,,,,,0.00%,₩0,,,0.00%,,,
FALSE,,,,,,,,,,,,0.00%,₩0,,,0.00%,,,
FALSE,,,,,,,,,,,,0.00%,₩0,,,0.00%,,,
FALSE,,,,,,,,,,,,0.00%,₩0,,,0.00%,,,
FALSE,,,,,,,,,,,,0.00%,₩0,,,0.00%,,,
FALSE,,,,,,,,,,,,0.00%,₩0,,,0.00%,,,
FALSE,,,,,,,,,,,,0.00%,₩0,,,0.00%,,,
FALSE,,,,,,,,,,,,0.00%,₩0,,,0.00%,,,
FALSE,,,,,,,,,,,,0.00%,₩0,,,0.00%,,,
FALSE,,,,,,,,,,,,0.00%,₩0,,,0.00%,,,
FALSE,,,,,,,,,,,,0.00%,₩0,,,0.00%,,,
FALSE,,,,,,,,,,,,0.00%,₩0,,,0.00%,,,
FALSE,,,,,,,,,,,,0.00%,₩0,,,0.00%,,,
FALSE,,,,,,,,,,,,0.00%,₩0,,,0.00%,,,
FALSE,,,,,,,,,,,,0.00%,₩0,,,0.00%,,,
FALSE,,,,,,,,,,,,0.00%,₩0,,,0.00%,,,
FALSE,,,,,,,,,,,,0.00%,₩0,,,0.00%,,,
FALSE,,,,,,,,,,,,0.00%,₩0,,,0.00%,,,
FALSE,,,,,,,,,,,,0.00%,₩0,,,0.00%,,,
FALSE,,,,,,,,,,,,0.00%,₩0,,,0.00%,,,
FALSE,,,,,,,,,,,,0.00%,₩0,,,0.00%,,,
FALSE,,,,,,,,,,,,0.00%,₩0,,,0.00%,,,
FALSE,,,,,,,,,,,,0.00%,₩0,,,0.00%,,,
FALSE,,,,,,,,,,,,0.00%,₩0,,,0.00%,,,
FALSE,,,,,,,,,,,,0.00%,₩0,,,0.00%,,,
FALSE,,,,,,,,,,,,0.00%,₩0,,,0.00%,,,
FALSE,,,,,,,,,,,,0.00%,₩0,,,0.00%,,,
FALSE,,,,,,,,,,,,0.00%,₩0,,,0.00%,,,
FALSE,,,,,,,,,,,,0.00%,₩0,,,0.00%,,,
FALSE,,,,,,,,,,,,0.00%,₩0,,,0.00%,,,
FALSE,,,,,,,,,,,,0.00%,₩0,,,0.00%,,,
FALSE,,,,,,,,,,,,0.00%,₩0,,,0.00%,,,
FALSE,,,,,,,,,,,,0.00%,₩0,,,0.00%,,,
FALSE,,,,,,,,,,,,0.00%,₩0,,,0.00%,,,
FALSE,,,,,,,,,,,,0.00%,₩0,,,0.00%,,,
FALSE,,,,,,,,,,,,0.00%,₩0,,,0.00%,,,
FALSE,,,,,,,,,,,,0.00%,₩0,,,0.00%,,,
FALSE,,,,,,,,,,,,0.00%,₩0,,,0.00%,,,
FALSE,,,,,,,,,,,,0.00%,₩0,,,0.00%,,,
FALSE,,,,,,,,,,,,0.00%,₩0,,,0.00%,,,
FALSE,,,,,,,,,,,,0.00%,₩0,,,0.00%,,,
FALSE,,,,,,,,,,,,0.00%,₩0,,,0.00%,,,
FALSE,,,,,,,,,,,,0.00%,₩0,,,0.00%,,,
FALSE,,,,,,,,,,,,0.00%,₩0,,,0.00%,,,
FALSE,,,,,,,,,,,,0.00%,₩0,,,0.00%,,,
FALSE,,,,,,,,,,,,0.00%,₩0,,,0.00%,,,
FALSE,,,,,,,,,,,,0.00%,₩0,,,0.00%,,,
FALSE,,,,,,,,,,,,0.00%,₩0,,,0.00%,,,
FALSE,,,,,,,,,,,,0.00%,₩0,,,0.00%,,,
FALSE,,,,,,,,,,,,0.00%,₩0,,,0.00%,,,
FALSE,,,,,,,,,,,,0.00%,₩0,,,0.00%,,,
FALSE,,,,,,,,,,,,0.00%,₩0,,,0.00%,,,
FALSE,,,,,,,,,,,,0.00%,₩0,,,0.00%,,,
FALSE,,,,,,,,,,,,0.00%,₩0,,,0.00%,,,
FALSE,,,,,,,,,,,,0.00%,₩0,,,0.00%,,,
FALSE,,,,,,,,,,,,0.00%,₩0,,,0.00%,,,
FALSE,,,,,,,,,,,,0.00%,₩0,,,0.00%,,,
FALSE,,,,,,,,,,,,0.00%,₩0,,,0.00%,,,
FALSE,,,,,,,,,,,,0.00%,₩0,,,0.00%,,,
FALSE,,,,,,,,,,,,0.00%,₩0,,,0.00%,,,
FALSE,,,,,,,,,,,,0.00%,₩0,,,0.00%,,,
FALSE,,,,,,,,,,,,0.00%,₩0,,,0.00%,,,
FALSE,,,,,,,,,,,,0.00%,₩0,,,0.00%,,,
FALSE,,,,,,,,,,,,0.00%,₩0,,,0.00%,,,
FALSE,,,,,,,,,,,,0.00%,₩0,,,0.00%,,,
FALSE,,,,,,,,,,,,0.00%,₩0,,,0.00%,,,
FALSE,,,,,,,,,,,,0.00%,₩0,,,0.00%,,,
FALSE,,,,,,,,,,,,0.00%,₩0,,,0.00%,,,
FALSE,,,,,,,,,,,,0.00%,₩0,,,0.00%,,,
FALSE,,,,,,,,,,,,0.00%,₩0,,,0.00%,,,
FALSE,,,,,,,,,,,,0.00%,₩0,,,0.00%,,,
FALSE,,,,,,,,,,,,0.00%,₩0,,,0.00%,,,
FALSE,,,,,,,,,,,,0.00%,₩0,,,0.00%,,,
FALSE,,,,,,,,,,,,0.00%,₩0,,,0.00%,,,
FALSE,,,,,,,,,,,,0.00%,₩0,,,0.00%,,,
FALSE,,,,,,,,,,,,0.00%,₩0,,,0.00%,,,
FALSE,,,,,,,,,,,,0.00%,₩0,,,0.00%,,,
FALSE,,,,,,,,,,,,0.00%,₩0,,,0.00%,,,
FALSE,,,,,,,,,,,,0.00%,₩0,,,0.00%,,,
FALSE,,,,,,,,,,,,0.00%,₩0,,,0.00%,,,
FALSE,,,,,,,,,,,,0.00%,₩0,,,0.00%,,,
FALSE,,,,,,,,,,,,0.00%,₩0,,,0.00%,,,
FALSE,,,,,,,,,,,,0.00%,₩0,,,0.00%,,,
FALSE,,,,,,,,,,,,0.00%,₩0,,,0.00%,,,
FALSE,,,,,,,,,,,,0.00%,₩0,,,0.00%,,,
FALSE,,,,,,,,,,,,0.00%,₩0,,,0.00%,,,
FALSE,,,,,,,,,,,,0.00%,₩0,,,0.00%,,,
FALSE,,,,,,,,,,,,0.00%,₩0,,,0.00%,,,
FALSE,,,,,,,,,,,,0.00%,₩0,,,0.00%,,,
FALSE,,,,,,,,,,,,0.00%,₩0,,,0.00%,,,
FALSE,,,,,,,,,,,,0.00%,₩0,,,0.00%,,,
FALSE,,,,,,,,,,,,0.00%,₩0,,,0.00%,,,
FALSE,,,,,,,,,,,,0.00%,₩0,,,0.00%,,,
FALSE,,,,,,,,,,,,0.00%,₩0,,,0.00%,,,
FALSE,,,,,,,,,,,,0.00%,₩0,,,0.00%,,,
FALSE,,,,,,,,,,,,0.00%,₩0,,,0.00%,,,
FALSE,,,,,,,,,,,,0.00%,₩0,,,0.00%,,,
FALSE,,,,,,,,,,,,0.00%,₩0,,,0.00%,,,
FALSE,,,,,,,,,,,,0.00%,₩0,,,0.00%,,,
FALSE,,,,,,,,,,,,0.00%,₩0,,,0.00%,,,
FALSE,,,,,,,,,,,,0.00%,₩0,,,0.00%,,,
FALSE,,,,,,,,,,,,0.00%,₩0,,,0.00%,,,
FALSE,,,,,,,,,,,,0.00%,₩0,,,0.00%,,,
FALSE,,,,,,,,,,,,0.00%,₩0,,,0.00%,,,
FALSE,,,,,,,,,,,,0.00%,₩0,,,0.00%,,,
FALSE,,,,,,,,,,,,0.00%,₩0,,,0.00%,,,
FALSE,,,,,,,,,,,,0.00%,₩0,,,0.00%,,,
FALSE,,,,,,,,,,,,0.00%,₩0,,,0.00%,,,
FALSE,,,,,,,,,,,,0.00%,₩0,,,0.00%,,,
FALSE,,,,,,,,,,,,0.00%,₩0,,,0.00%,,,
FALSE,,,,,,,,,,,,0.00%,₩0,,,0.00%,,,
FALSE,,,,,,,,,,,,0.00%,₩0,,,0.00%,,,
FALSE,,,,,,,,,,,,0.00%,₩0,,,0.00%,,,
FALSE,,,,,,,,,,,,0.00%,₩0,,,0.00%,,,
FALSE,,,,,,,,,,,,0.00%,₩0,,,0.00%,,,
FALSE,,,,,,,,,,,,0.00%,₩0,,,0.00%,,,
FALSE,,,,,,,,,,,,0.00%,₩0,,,0.00%,,,
FALSE,,,,,,,,,,,,0.00%,₩0,,,0.00%,,,
FALSE,,,,,,,,,,,,0.00%,₩0,,,0.00%,,,
FALSE,,,,,,,,,,,,0.00%,₩0,,,0.00%,,,
FALSE,,,,,,,,,,,,0.00%,₩0,,,0.00%,,,
FALSE,,,,,,,,,,,,0.00%,₩0,,,0.00%,,,
FALSE,,,,,,,,,,,,0.00%,₩0,,,0.00%,,,
FALSE,,,,,,,,,,,,0.00%,₩0,,,0.00%,,,
FALSE,,,,,,,,,,,,0.00%,₩0,,,0.00%,,,
FALSE,,,,,,,,,,,,0.00%,₩0,,,0.00%,,,
FALSE,,,,,,,,,,,,0.00%,₩0,,,0.00%,,,
FALSE,,,,,,,,,,,,0.00%,₩0,,,0.00%,,,
FALSE,,,,,,,,,,,,0.00%,₩0,,,0.00%,,,
FALSE,,,,,,,,,,,,0.00%,₩0,,,0.00%,,,
FALSE,,,,,,,,,,,,0.00%,₩0,,,0.00%,,,
FALSE,,,,,,,,,,,,0.00%,₩0,,,0.00%,,,
FALSE,,,,,,,,,,,,0.00%,₩0,,,0.00%,,,
FALSE,,,,,,,,,,,,0.00%,₩0,,,0.00%,,,
FALSE,,,,,,,,,,,,0.00%,₩0,,,0.00%,,,
FALSE,,,,,,,,,,,,0.00%,₩0,,,0.00%,,,
FALSE,,,,,,,,,,,,0.00%,₩0,,,0.00%,,,
FALSE,,,,,,,,,,,,0.00%,₩0,,,0.00%,,,
FALSE,,,,,,,,,,,,0.00%,₩0,,,0.00%,,,
FALSE,,,,,,,,,,,,0.00%,₩0,,,0.00%,,,
FALSE,,,,,,,,,,,,0.00%,₩0,,,0.00%,,,
FALSE,,,,,,,,,,,,0.00%,₩0,,,0.00%,,,
FALSE,,,,,,,,,,,,0.00%,₩0,,,0.00%,,,
FALSE,,,,,,,,,,,,0.00%,₩0,,,0.00%,,,
FALSE,,,,,,,,,,,,0.00%,₩0,,,0.00%,,,
FALSE,,,,,,,,,,,,0.00%,₩0,,,0.00%,,,
FALSE,,,,,,,,,,,,0.00%,₩0,,,0.00%,,,
FALSE,,,,,,,,,,,,0.00%,₩0,,,0.00%,,,
FALSE,,,,,,,,,,,,0.00%,₩0,,,0.00%,,,
FALSE,,,,,,,,,,,,0.00%,₩0,,,0.00%,,,
FALSE,,,,,,,,,,,,0.00%,₩0,,,0.00%,,,
FALSE,,,,,,,,,,,,0.00%,₩0,,,0.00%,,,
FALSE,,,,,,,,,,,,0.00%,₩0,,,0.00%,,,
FALSE,,,,,,,,,,,,0.00%,₩0,,,0.00%,,,
FALSE,,,,,,,,,,,,0.00%,₩0,,,0.00%,,,
FALSE,,,,,,,,,,,,0.00%,₩0,,,0.00%,,,
FALSE,,,,,,,,,,,,0.00%,₩0,,,0.00%,,,
FALSE,,,,,,,,,,,,0.00%,₩0,,,0.00%,,,
FALSE,,,,,,,,,,,,0.00%,₩0,,,0.00%,,,
FALSE,,,,,,,,,,,,0.00%,₩0,,,0.00%,,,
FALSE,,,,,,,,,,,,0.00%,₩0,,,0.00%,,,
FALSE,,,,,,,,,,,,0.00%,₩0,,,0.00%,,,
FALSE,,,,,,,,,,,,0.00%,₩0,,,0.00%,,,
FALSE,,,,,,,,,,,,0.00%,₩0,,,0.00%,,,
FALSE,,,,,,,,,,,,0.00%,₩0,,,0.00%,,,
FALSE,,,,,,,,,,,,0.00%,₩0,,,0.00%,,,
FALSE,,,,,,,,,,,,0.00%,₩0,,,0.00%,,,
FALSE,,,,,,,,,,,,0.00%,₩0,,,0.00%,,,
FALSE,,,,,,,,,,,,0.00%,₩0,,,0.00%,,,
FALSE,,,,,,,,,,,,0.00%,₩0,,,0.00%,,,
FALSE,,,,,,,,,,,,0.00%,₩0,,,0.00%,,,
FALSE,,,,,,,,,,,,0.00%,₩0,,,0.00%,,,
FALSE,,,,,,,,,,,,0.00%,₩0,,,0.00%,,,
FALSE,,,,,,,,,,,,0.00%,₩0,,,0.00%,,,
FALSE,,,,,,,,,,,,0.00%,₩0,,,0.00%,,,
FALSE,,,,,,,,,,,,0.00%,₩0,,,0.00%,,,
FALSE,,,,,,,,,,,,0.00%,₩0,,,0.00%,,,
FALSE,,,,,,,,,,,,0.00%,₩0,,,0.00%,,,
FALSE,,,,,,,,,,,,0.00%,₩0,,,0.00%,,,
FALSE,,,,,,,,,,,,0.00%,₩0,,,0.00%,,,
FALSE,,,,,,,,,,,,0.00%,₩0,,,0.00%,,,
FALSE,,,,,,,,,,,,0.00%,₩0,,,0.00%,,,
FALSE,,,,,,,,,,,,0.00%,₩0,,,0.00%,,,
FALSE,,,,,,,,,,,,0.00%,₩0,,,0.00%,,,
FALSE,,,,,,,,,,,,0.00%,₩0,,,0.00%,,,
FALSE,,,,,,,,,,,,0.00%,₩0,,,0.00%,,,
FALSE,,,,,,,,,,,,0.00%,₩0,,,0.00%,,,
FALSE,,,,,,,,,,,,0.00%,₩0,,,0.00%,,,
FALSE,,,,,,,,,,,,0.00%,₩0,,,0.00%,,,
FALSE,,,,,,,,,,,,0.00%,₩0,,,0.00%,,,
FALSE,,,,,,,,,,,,0.00%,₩0,,,0.00%,,,
FALSE,,,,,,,,,,,,0.00%,₩0,,,0.00%,,,
FALSE,,,,,,,,,,,,0.00%,₩0,,,0.00%,,,
FALSE,,,,,,,,,,,,0.00%,₩0,,,0.00%,,,
FALSE,,,,,,,,,,,,0.00%,₩0,,,0.00%,,,
FALSE,,,,,,,,,,,,0.00%,₩0,,,0.00%,,,
FALSE,,,,,,,,,,,,0.00%,₩0,,,0.00%,,,
FALSE,,,,,,,,,,,,0.00%,₩0,,,0.00%,,,
FALSE,,,,,,,,,,,,0.00%,₩0,,,0.00%,,,
FALSE,,,,,,,,,,,,0.00%,₩0,,,0.00%,,,
FALSE,,,,,,,,,,,,0.00%,₩0,,,0.00%,,,
FALSE,,,,,,,,,,,,0.00%,₩0,,,0.00%,,,
FALSE,,,,,,,,,,,,0.00%,₩0,,,0.00%,,,
FALSE,,,,,,,,,,,,0.00%,₩0,,,0.00%,,,
FALSE,,,,,,,,,,,,0.00%,₩0,,,0.00%,,,
FALSE,,,,,,,,,,,,0.00%,₩0,,,0.00%,,,
FALSE,,,,,,,,,,,,0.00%,₩0,,,0.00%,,,
FALSE,,,,,,,,,,,,0.00%,₩0,,,0.00%,,,
FALSE,,,,,,,,,,,,0.00%,₩0,,,0.00%,,,
FALSE,,,,,,,,,,,,0.00%,₩0,,,0.00%,,,
FALSE,,,,,,,,,,,,0.00%,₩0,,,0.00%,,,
FALSE,,,,,,,,,,,,0.00%,₩0,,,0.00%,,,
FALSE,,,,,,,,,,,,0.00%,₩0,,,0.00%,,,
FALSE,,,,,,,,,,,,0.00%,₩0,,,0.00%,,,
FALSE,,,,,,,,,,,,0.00%,₩0,,,0.00%,,,
FALSE,,,,,,,,,,,,0.00%,₩0,,,0.00%,,,
FALSE,,,,,,,,,,,,0.00%,₩0,,,0.00%,,,
FALSE,,,,,,,,,,,,0.00%,₩0,,,0.00%,,,
FALSE,,,,,,,,,,,,0.00%,₩0,,,0.00%,,,
FALSE,,,,,,,,,,,,0.00%,₩0,,,0.00%,,,
FALSE,,,,,,,,,,,,0.00%,₩0,,,0.00%,,,
FALSE,,,,,,,,,,,,0.00%,₩0,,,0.00%,,,
FALSE,,,,,,,,,,,,0.00%,₩0,,,0.00%,,,
FALSE,,,,,,,,,,,,0.00%,₩0,,,0.00%,,,
FALSE,,,,,,,,,,,,0.00%,₩0,,,0.00%,,,
FALSE,,,,,,,,,,,,0.00%,₩0,,,0.00%,,,
FALSE,,,,,,,,,,,,0.00%,₩0,,,0.00%,,,
FALSE,,,,,,,,,,,,0.00%,₩0,,,0.00%,,,
FALSE,,,,,,,,,,,,0.00%,₩0,,,0.00%,,,
FALSE,,,,,,,,,,,,0.00%,₩0,,,0.00%,,,
FALSE,,,,,,,,,,,,0.00%,₩0,,,0.00%,,,
FALSE,,,,,,,,,,,,0.00%,₩0,,,0.00%,,,
FALSE,,,,,,,,,,,,0.00%,₩0,,,0.00%,,,
FALSE,,,,,,,,,,,,0.00%,₩0,,,0.00%,,,
FALSE,,,,,,,,,,,,0.00%,₩0,,,0.00%,,,
FALSE,,,,,,,,,,,,0.00%,₩0,,,0.00%,,,
FALSE,,,,,,,,,,,,0.00%,₩0,,,0.00%,,,
FALSE,,,,,,,,,,,,0.00%,₩0,,,0.00%,,,
FALSE,,,,,,,,,,,,0.00%,₩0,,,0.00%,,,
FALSE,,,,,,,,,,,,0.00%,₩0,,,0.00%,,,
FALSE,,,,,,,,,,,,0.00%,₩0,,,0.00%,,,
FALSE,,,,,,,,,,,,0.00%,₩0,,,0.00%,,,
FALSE,,,,,,,,,,,,0.00%,₩0,,,0.00%,,,
FALSE,,,,,,,,,,,,0.00%,₩0,,,0.00%,,,
FALSE,,,,,,,,,,,,0.00%,₩0,,,0.00%,,,
FALSE,,,,,,,,,,,,0.00%,₩0,,,0.00%,,,
FALSE,,,,,,,,,,,,0.00%,₩0,,,0.00%,,,
FALSE,,,,,,,,,,,,0.00%,₩0,,,0.00%,,,
FALSE,,,,,,,,,,,,0.00%,₩0,,,0.00%,,,
FALSE,,,,,,,,,,,,0.00%,₩0,,,0.00%,,,
FALSE,,,,,,,,,,,,0.00%,₩0,,,0.00%,,,
FALSE,,,,,,,,,,,,0.00%,₩0,,,0.00%,,,
FALSE,,,,,,,,,,,,0.00%,₩0,,,0.00%,,,
FALSE,,,,,,,,,,,,0.00%,₩0,,,0.00%,,,
FALSE,,,,,,,,,,,,0.00%,₩0,,,0.00%,,,
FALSE,,,,,,,,,,,,0.00%,₩0,,,0.00%,,,
FALSE,,,,,,,,,,,,0.00%,₩0,,,0.00%,,,
FALSE,,,,,,,,,,,,0.00%,₩0,,,0.00%,,,
FALSE,,,,,,,,,,,,0.00%,₩0,,,0.00%,,,
FALSE,,,,,,,,,,,,0.00%,₩0,,,0.00%,,,
FALSE,,,,,,,,,,,,0.00%,₩0,,,0.00%,,,
FALSE,,,,,,,,,,,,0.00%,₩0,,,0.00%,,,
FALSE,,,,,,,,,,,,0.00%,₩0,,,0.00%,,,
FALSE,,,,,,,,,,,,0.00%,₩0,,,0.00%,,,
FALSE,,,,,,,,,,,,0.00%,₩0,,,0.00%,,,
FALSE,,,,,,,,,,,,0.00%,₩0,,,0.00%,,,
FALSE,,,,,,,,,,,,0.00%,₩0,,,0.00%,,,
FALSE,,,,,,,,,,,,0.00%,₩0,,,0.00%,,,
FALSE,,,,,,,,,,,,0.00%,₩0,,,0.00%,,,
FALSE,,,,,,,,,,,,0.00%,₩0,,,0.00%,,,
FALSE,,,,,,,,,,,,0.00%,₩0,,,0.00%,,,
FALSE,,,,,,,,,,,,0.00%,₩0,,,0.00%,,,
FALSE,,,,,,,,,,,,0.00%,₩0,,,0.00%,,,
FALSE,,,,,,,,,,,,0.00%,₩0,,,0.00%,,,
FALSE,,,,,,,,,,,,0.00%,₩0,,,0.00%,,,
FALSE,,,,,,,,,,,,0.00%,₩0,,,0.00%,,,
FALSE,,,,,,,,,,,,0.00%,₩0,,,0.00%,,,
FALSE,,,,,,,,,,,,0.00%,₩0,,,0.00%,,,
FALSE,,,,,,,,,,,,0.00%,₩0,,,0.00%,,,
FALSE,,,,,,,,,,,,0.00%,₩0,,,0.00%,,,
FALSE,,,,,,,,,,,,0.00%,₩0,,,0.00%,,,
FALSE,,,,,,,,,,,,0.00%,₩0,,,0.00%,,,
FALSE,,,,,,,,,,,,0.00%,₩0,,,0.00%,,,
FALSE,,,,,,,,,,,,0.00%,₩0,,,0.00%,,,
FALSE,,,,,,,,,,,,0.00%,₩0,,,0.00%,,,
FALSE,,,,,,,,,,,,0.00%,₩0,,,0.00%,,,
FALSE,,,,,,,,,,,,0.00%,₩0,,,0.00%,,,
FALSE,,,,,,,,,,,,0.00%,₩0,,,0.00%,,,
FALSE,,,,,,,,,,,,0.00%,₩0,,,0.00%,,,
FALSE,,,,,,,,,,,,0.00%,₩0,,,0.00%,,,
FALSE,,,,,,,,,,,,0.00%,₩0,,,0.00%,,,
FALSE,,,,,,,,,,,,0.00%,₩0,,,0.00%,,,
FALSE,,,,,,,,,,,,0.00%,₩0,,,0.00%,,,
FALSE,,,,,,,,,,,,0.00%,₩0,,,0.00%,,,
FALSE,,,,,,,,,,,,0.00%,₩0,,,0.00%,,,
FALSE,,,,,,,,,,,,0.00%,₩0,,,0.00%,,,
FALSE,,,,,,,,,,,,0.00%,₩0,,,0.00%,,,
FALSE,,,,,,,,,,,,0.00%,₩0,,,0.00%,,,
FALSE,,,,,,,,,,,,0.00%,₩0,,,0.00%,,,
FALSE,,,,,,,,,,,,0.00%,₩0,,,0.00%,,,
FALSE,,,,,,,,,,,,0.00%,₩0,,,0.00%,,,
FALSE,,,,,,,,,,,,0.00%,₩0,,,0.00%,,,
FALSE,,,,,,,,,,,,0.00%,₩0,,,0.00%,,,
FALSE,,,,,,,,,,,,0.00%,₩0,,,0.00%,,,
FALSE,,,,,,,,,,,,0.00%,₩0,,,0.00%,,,
FALSE,,,,,,,,,,,,0.00%,₩0,,,0.00%,,,
FALSE,,,,,,,,,,,,0.00%,₩0,,,0.00%,,,
FALSE,,,,,,,,,,,,0.00%,₩0,,,0.00%,,,
FALSE,,,,,,,,,,,,0.00%,₩0,,,0.00%,,,
FALSE,,,,,,,,,,,,0.00%,₩0,,,0.00%,,,
FALSE,,,,,,,,,,,,0.00%,₩0,,,0.00%,,,